     1                                  ; Virtual Computer clean-room PC/AT firmware
     2                                  ; 64 KiB system ROM mapped at physical F0000h.
     3                                  bits 16
     4                                  org 0
     5                                  
     6                                  
     7                                  ; Force genuine 80286 instruction encoding. NASM otherwise permits 386+
     8                                  ; near conditional branches (0F 8x), which an 80286 cannot execute.
     9                                  cpu 286
    10                                  
    11                                  ; 80286-safe arbitrary-distance conditional branches. Each macro uses a
    12                                  ; short inverse condition over a normal near JMP; no 386 near-Jcc opcodes.
    13                                  %macro J286_E 1
    14                                      jne short %%skip
    15                                      jmp %1
    16                                  %%skip:
    17                                  %endmacro
    18                                  %macro J286_NE 1
    19                                      je short %%skip
    20                                      jmp %1
    21                                  %%skip:
    22                                  %endmacro
    23                                  %macro J286_AE 1
    24                                      jb short %%skip
    25                                      jmp %1
    26                                  %%skip:
    27                                  %endmacro
    28                                  %macro J286_C 1
    29                                      jnc short %%skip
    30                                      jmp %1
    31                                  %%skip:
    32                                  %endmacro
    33                                  %macro J286_B 1
    34                                      jae short %%skip
    35                                      jmp %1
    36                                  %%skip:
    37                                  %endmacro
    38                                  %macro J286_BE 1
    39                                      ja short %%skip
    40                                      jmp %1
    41                                  %%skip:
    42                                  %endmacro
    43                                  %macro J286_A 1
    44                                      jbe short %%skip
    45                                      jmp %1
    46                                  %%skip:
    47                                  %endmacro
    48                                  %macro J286_NC 1
    49                                      jc short %%skip
    50                                      jmp %1
    51                                  %%skip:
    52                                  %endmacro
    53                                  
    54                                  %define BDA_SEG 0x0040
    55                                  %define VIDEO_SEG 0xB800
    56                                  %define EBDA_SEG 0x9FC0
    57                                  %define TICKS_PER_DAY_LOW  0x00B0
    58                                  %define TICKS_PER_DAY_HIGH 0x0018
    59                                  
    60                                  ; Standard BIOS data-area disk fields.
    61                                  %define BDA_DISKETTE_STATUS 0x0041
    62                                  %define BDA_HDD_STATUS      0x0074
    63                                  %define BDA_HDD_COUNT       0x0075
    64                                  
    65                                  ; Private disk workspace near the end of the 1 KiB EBDA.  The first 512
    66                                  ; bytes remain available as a sector/IDENTIFY bounce buffer.
    67                                  %define HDW_CYLINDER        0x03C0
    68                                  %define HDW_BUFFER          0x03C2
    69                                  %define HDW_HEAD            0x03C4
    70                                  %define HDW_SECTOR          0x03C5
    71                                  %define HDW_REMAINING       0x03C6
    72                                  %define HDW_COMPLETED       0x03C7
    73                                  %define HDW_MODE            0x03C8
    74                                  %define HDW_ERROR           0x03C9
    75                                  
    76                                  %define HD_CYLINDERS        0x03E0
    77                                  %define HD_TOTAL_LOW        0x03E2
    78                                  %define HD_TOTAL_HIGH       0x03E4
    79                                  %define HD_HEADS            0x03E6
    80                                  %define HD_SECTORS_TRACK    0x03E7
    81                                  %define HD_PRESENT          0x03E8
    82                                  
    83                                  ; POST scratch below the option-ROM/VGA apertures and above the BIOS stack.
    84                                  ; This RAM survives the 80286 reset used to return from protected mode.
    85                                  %define POST_GDT_PHYS       0x8000
    86                                  %define POST_GDTR_PHYS      0x8020
    87                                  %define POST_EXT_KB_RESULT  0x8030
    88                                  %define POST_MEMORY_FLAGS   0x8032
    89                                  %define CMOS_SETUP_FLAGS    0x20
    90                                  %define SETUP_NUMLOCK_ON    0x01
    91                                  %define SETUP_HDD_FIRST     0x02
    92                                  %define SETUP_FLAGS_WORK    0x03EA
    93                                  %define SETUP_RTC_CENTURY   0x03EB
    94                                  %define SETUP_RTC_YEAR      0x03EC
    95                                  %define SETUP_RTC_MONTH     0x03ED
    96                                  %define SETUP_RTC_DAY       0x03EE
    97                                  %define SETUP_RTC_HOUR      0x03EF
    98                                  %define SETUP_RTC_MINUTE    0x03F0
    99                                  %define SETUP_RTC_SECOND    0x03F1
   100                                  %define SETUP_EDIT_0        0x03F2
   101                                  %define SETUP_EDIT_1        0x03F3
   102                                  %define SETUP_EDIT_2        0x03F4
   103                                  %define SETUP_EDIT_3        0x03F5
   104                                  %define KBW_POST_RESULT     0x03FE
   105                                  start:
   106 00000000 FA                          cli
   107 00000001 FC                          cld
   108 00000002 31C0                        xor ax, ax
   109 00000004 8ED8                        mov ds, ax
   110 00000006 8EC0                        mov es, ax
   111                                  
   112                                      ; RESET after an 80286 protected-mode exit must not borrow an arbitrary
   113                                      ; conventional-memory stack. Windows may have a demand-loaded segment
   114                                      ; buffer anywhere in that RAM; the old 0000:7000 stack demonstrably wrote
   115                                      ; BIOS return addresses into such a buffer before the shutdown dispatcher
   116                                      ; restored Windows. Use the BIOS-owned EBDA scratch area while deciding
   117                                      ; whether this is a shutdown resume.
   118 00000008 B8C09F                      mov ax, EBDA_SEG
   119 0000000B 8ED0                        mov ss, ax
   120 0000000D BCC003                      mov sp, HDW_CYLINDER
   121                                  
   122                                      ; A real AT re-enters the BIOS after the 80286 is reset to leave protected
   123                                      ; mode. Honor the CMOS shutdown byte before touching the preserved IVT/BDA.
   124 00000010 E8B202                      call shutdown_resume_check
   125                                  
   126                                      ; A normal POST owns conventional RAM and may use the traditional scratch
   127                                      ; stack below POST_GDT_PHYS. Shutdown resume paths do not return here.
   128 00000013 31C0                        xor ax, ax
   129 00000015 8ED0                        mov ss, ax
   130 00000017 BC0070                      mov sp, 0x7000
   131                                  
   132                                      ; Build a real-mode IVT. Unknown services safely IRET.
   133 0000001A 31FF                        xor di, di
   134 0000001C B8[080B]                    mov ax, default_int
   134          ******************       warning: 16-bit absolute section-crossing relocation [-w+reloc-abs-word]
   135 0000001F BA00F0                      mov dx, 0xF000
   136 00000022 B90001                      mov cx, 256
   137 00000025 AB                      .ivt: stosw
   138 00000026 92                          xchg ax, dx
   139 00000027 AB                          stosw
   140 00000028 92                          xchg ax, dx
   141 00000029 E2FA                        loop .ivt
   142                                  
   143 0000002B C7062000[090B]              mov word [0x08*4], int08
   143          ******************       warning: 16-bit absolute section-crossing relocation [-w+reloc-abs-word]
   144 00000031 C7062400[410B]              mov word [0x09*4], int09
   144          ******************       warning: 16-bit absolute section-crossing relocation [-w+reloc-abs-word]
   145 00000037 C7064000[5C12]              mov word [0x10*4], int10
   145          ******************       warning: 16-bit absolute section-crossing relocation [-w+reloc-abs-word]
   146 0000003D C7064400[EA16]              mov word [0x11*4], int11
   146          ******************       warning: 16-bit absolute section-crossing relocation [-w+reloc-abs-word]
   147 00000043 C7064800[F516]              mov word [0x12*4], int12
   147          ******************       warning: 16-bit absolute section-crossing relocation [-w+reloc-abs-word]
   148 00000049 C7064C00[F916]              mov word [0x13*4], int13
   148          ******************       warning: 16-bit absolute section-crossing relocation [-w+reloc-abs-word]
   149 0000004F C7065000[211F]              mov word [0x14*4], int14
   149          ******************       warning: 16-bit absolute section-crossing relocation [-w+reloc-abs-word]
   150 00000055 C7065400[9D19]              mov word [0x15*4], int15
   150          ******************       warning: 16-bit absolute section-crossing relocation [-w+reloc-abs-word]
   151 0000005B C7065800[0B21]              mov word [0x16*4], int16
   151          ******************       warning: 16-bit absolute section-crossing relocation [-w+reloc-abs-word]
   152 00000061 C7065C00[5F20]              mov word [0x17*4], int17
   152          ******************       warning: 16-bit absolute section-crossing relocation [-w+reloc-abs-word]
   153 00000067 C7066400[8129]              mov word [0x19*4], int19
   153          ******************       warning: 16-bit absolute section-crossing relocation [-w+reloc-abs-word]
   154 0000006D C7066800[8022]              mov word [0x1A*4], int1a
   154          ******************       warning: 16-bit absolute section-crossing relocation [-w+reloc-abs-word]
   155 00000073 C706C001[DE06]              mov word [0x70*4], int70
   155          ******************       warning: 16-bit absolute section-crossing relocation [-w+reloc-abs-word]
   156                                  
   157 00000079 E8EB05                      call cmos_validate_or_default
   158                                  
   159                                      ; BIOS data area.
   160 0000007C B84000                      mov ax, BDA_SEG
   161 0000007F 8EC0                        mov es, ax
   162 00000081 31FF                        xor di, di
   163 00000083 31C0                        xor ax, ax
   164 00000085 B98000                      mov cx, 128
   165 00000088 F3AB                        rep stosw
   166 0000008A 26C7060E00C09F              mov word [es:0x0E], 0x9FC0       ; 1 KiB EBDA segment
   167 00000091 B014                        mov al, 0x14
   168 00000093 E82205                      call cmos_read
   169 00000096 30E4                        xor ah, ah
   170 00000098 25FF31                      and ax, 0x31FF                  ; clear bits 9-11 (COM) and 14-15 (LPT)
   171 0000009B 0D0084                      or ax, 0x8400                   ; two serial and two parallel adapters
   172 0000009E 26A31000                    mov [es:0x10], ax                ; equipment word from battery-backed CMOS
   173 000000A2 26C7060000F803              mov word [es:0x00], 0x03F8       ; COM1
   174 000000A9 26C7060200F802              mov word [es:0x02], 0x02F8       ; COM2
   175 000000B0 26C70608007803              mov word [es:0x08], 0x0378       ; LPT1
   176 000000B7 26C7060A007802              mov word [es:0x0A], 0x0278       ; LPT2
   177 000000BE 26C70613007F02              mov word [es:0x13], 639          ; conventional KiB (top 1 KiB reserved EBDA)
   178 000000C5 26C7061A001E00              mov word [es:0x1A], 0x001E       ; keyboard ring head
   179 000000CC 26C7061C001E00              mov word [es:0x1C], 0x001E       ; keyboard ring tail
   180 000000D3 26C606490003                mov byte [es:0x49], 3            ; 80x25 color
   181 000000D9 26C7064A005000              mov word [es:0x4A], 80
   182 000000E0 26C7064C000010              mov word [es:0x4C], 0x1000       ; bytes per text page
   183 000000E7 26C7064E000000              mov word [es:0x4E], 0            ; active-page display offset
   184 000000EE 26C70660000706              mov word [es:0x60], 0x0607       ; cursor start/end scan lines
   185 000000F5 26C606620000                mov byte [es:0x62], 0            ; active display page
   186 000000FB 26C606410000                mov byte [es:BDA_DISKETTE_STATUS], 0
   187 00000101 26C606740000                mov byte [es:BDA_HDD_STATUS], 0
   188 00000107 26C606750000                mov byte [es:BDA_HDD_COUNT], 0
   189 0000010D 26C70678000101              mov word [es:0x78], 0x0101       ; LPT1-2 BIOS timeout seconds
   190 00000114 26C7067A000101              mov word [es:0x7A], 0x0101       ; LPT3-4 (unpopulated)
   191 0000011B 26C7067C000101              mov word [es:0x7C], 0x0101       ; COM1-2 BIOS timeout seconds
   192 00000122 26C7067E000101              mov word [es:0x7E], 0x0101       ; COM3-4 (unpopulated)
   193                                  
   194                                      ; Master/slave 8259 and 18.2 Hz PIT.
   195 00000129 B011                        mov al, 0x11
   196 0000012B E620                        out 0x20, al
   197 0000012D E6A0                        out 0xA0, al
   198 0000012F B008                        mov al, 0x08
   199 00000131 E621                        out 0x21, al
   200 00000133 B070                        mov al, 0x70
   201 00000135 E6A1                        out 0xA1, al
   202 00000137 B004                        mov al, 0x04
   203 00000139 E621                        out 0x21, al
   204 0000013B B002                        mov al, 0x02
   205 0000013D E6A1                        out 0xA1, al
   206 0000013F B001                        mov al, 0x01
   207 00000141 E621                        out 0x21, al
   208 00000143 E6A1                        out 0xA1, al
   209 00000145 B0B8                        mov al, 0xB8                    ; IRQ0 timer, IRQ1 keyboard, IRQ2 cascade, IRQ6 floppy
   210 00000147 E621                        out 0x21, al
   211 00000149 B0FE                        mov al, 0xFE                    ; IRQ8 RTC enabled; remaining slave inputs masked
   212 0000014B E6A1                        out 0xA1, al
   213 0000014D B036                        mov al, 0x36                    ; channel 0, mode 3, divisor 65536
   214 0000014F E643                        out 0x43, al
   215 00000151 30C0                        xor al, al
   216 00000153 E640                        out 0x40, al
   217 00000155 E640                        out 0x40, al
   218 00000157 B054                        mov al, 0x54                    ; channel 1, mode 2, low byte only
   219 00000159 E643                        out 0x43, al
   220 0000015B B012                        mov al, 18                     ; approximately 15.1 us DRAM refresh cadence
   221 0000015D E641                        out 0x41, al
   222                                  
   223                                      ; Size and pattern-test installed extended RAM using genuine 80286
   224                                      ; protected mode. Returning to real mode resets the CPU, and the CMOS
   225                                      ; shutdown dispatcher above resumes execution at post_memory_resume.
   226 0000015F E84702                      call post_memory_size_and_test
   227                                  
   228                                  post_memory_resume:
   229 00000162 E86F03                      call post_memory_commit
   230                                  
   231                                      ; Detect the ATA master and cache a CHS geometry that matches the
   232                                      ; controller's 16-head/63-sector translation.
   233                                      ; Initialize/prove the AT keyboard and 8042 before storage discovery.
   234 00000165 E85C06                      call keyboard_init
   235 00000168 E8AB08                      call apply_cmos_keyboard_preferences
   236                                  
   237 0000016B E86D1A                      call ata_detect
   238 0000016E E83F05                      call cmos_sync_detected_hardware
   239                                  
   240                                      ; Scan and initialize expansion ROMs exactly through their guest-visible
   241                                      ; address windows.  The Diamond Stealth Pro VGA BIOS at C000:0000 hooks
   242                                      ; INT 10h during this pass; the system BIOS remains the fallback handler.
   243 00000171 E87A00                      call scan_option_roms
   244 00000174 B80300                      mov ax, 0x0003
   245 00000177 CD10                        int 0x10
   246 00000179 0E                          push cs
   247 0000017A 1F                          pop ds                         ; embedded POST strings live in the ROM segment
   248                                  
   249                                      ; AMI-style quiet entry screen.  Keep the setup invitation visible before
   250                                      ; POST fills the display, and identify the exact firmware revision at the
   251                                      ; bottom.  The full hardware report is intentionally deferred until the
   252                                      ; keyboard-entry interval has expired.
   253 0000017B BA1800                      mov dx, 0x0018                 ; row 0, column 24
   254 0000017E B402                        mov ah, 0x02
   255 00000180 30FF                        xor bh, bh
   256 00000182 CD10                        int 0x10
   257 00000184 BE[222A]                    mov si, setup_prompt_top
   257          ******************       warning: 16-bit absolute section-crossing relocation [-w+reloc-abs-word]
   258 00000187 E81A01                      call print
   259 0000018A BA1202                      mov dx, 0x0212                 ; row 2, column 18
   260 0000018D B402                        mov ah, 0x02
   261 0000018F 30FF                        xor bh, bh
   262 00000191 CD10                        int 0x10
   263 00000193 E80004                      call print_keyboard_post_status
   264 00000196 BA1218                      mov dx, 0x1812                 ; row 24, column 18
   265 00000199 B402                        mov ah, 0x02
   266 0000019B 30FF                        xor bh, bh
   267 0000019D CD10                        int 0x10
   268 0000019F BE[3E2A]                    mov si, bios_revision
   268          ******************       warning: 16-bit absolute section-crossing relocation [-w+reloc-abs-word]
   269 000001A2 E8FF00                      call print
   270 000001A5 FB                          sti
   271 000001A6 E89D22                      call setup_entry_window
   272 000001A9 7208                        jc short .continue_post
   273 000001AB E8E222                      call cmos_setup
   274 000001AE E86508                      call apply_cmos_keyboard_preferences
   275 000001B1 CD19                        int 0x19
   276                                  .continue_post:
   277 000001B3 B80300                      mov ax, 0x0003                 ; clear the quiet screen for full POST
   278 000001B6 CD10                        int 0x10
   279 000001B8 0E                          push cs
   280 000001B9 1F                          pop ds
   281 000001BA BA1800                      mov dx, 0x0018                 ; retain the live Setup invitation at top
   282 000001BD B402                        mov ah, 0x02
   283 000001BF 30FF                        xor bh, bh
   284 000001C1 CD10                        int 0x10
   285 000001C3 BE[222A]                    mov si, setup_prompt_top
   285          ******************       warning: 16-bit absolute section-crossing relocation [-w+reloc-abs-word]
   286 000001C6 E8DB00                      call print
   287 000001C9 BE[BB2A]                    mov si, logo
   287          ******************       warning: 16-bit absolute section-crossing relocation [-w+reloc-abs-word]
   288 000001CC E8D500                      call print
   289 000001CF BE[272D]                    mov si, post_text
   289          ******************       warning: 16-bit absolute section-crossing relocation [-w+reloc-abs-word]
   290 000001D2 E8CF00                      call print
   291 000001D5 E88603                      call print_memory_summary
   292 000001D8 BE[592D]                    mov si, post_text_after_memory
   292          ******************       warning: 16-bit absolute section-crossing relocation [-w+reloc-abs-word]
   293 000001DB E8C600                      call print
   294                                      ; The prompt remains truthful on the completed POST screen: accept Delete
   295                                      ; for one final controller-owned interval before selecting boot media.
   296 000001DE E86522                      call setup_entry_window
   297 000001E1 7203                        jc short .boot_after_post
   298 000001E3 E8AA22                      call cmos_setup
   299                                  .boot_after_post:
   300 000001E6 E82D08                      call apply_cmos_keyboard_preferences
   301 000001E9 CD19                        int 0x19
   302 000001EB F4                      .halt: hlt
   303 000001EC EBFD                        jmp .halt
   304                                  
   305                                  ; IBM-compatible option-ROM scan.  ROMs are probed on 2 KiB boundaries
   306                                  ; from C0000h through DFFFFh.  Valid 55AAh headers and modulo-256 checksums
   307                                  ; are required before entry point +3 is called.  The size byte is in 512-byte
   308                                  ; blocks and determines the next scan address.
   309                                  scan_option_roms:
   310 000001EE 50                          push ax
   311 000001EF 53                          push bx
   312 000001F0 51                          push cx
   313 000001F1 52                          push dx
   314 000001F2 56                          push si
   315 000001F3 1E                          push ds
   316 000001F4 06                          push es
   317 000001F5 BB00C0                      mov bx, 0xC000
   318                                  .next_segment:
   319 000001F8 81FB00E0                    cmp bx, 0xE000
   320 000001FC 7363                        jae .done
   321 000001FE 8EC3                        mov es, bx
   322 00000200 26813E000055AA              cmp word [es:0], 0xAA55
   323 00000207 7552                        jne .advance_2k
   324 00000209 26A00200                    mov al, [es:2]
   325 0000020D 84C0                        test al, al
   326 0000020F 744A                        jz .advance_2k
   327                                  
   328 00000211 30E4                        xor ah, ah
   329 00000213 89C1                        mov cx, ax
   330 00000215 D1E1                        shl cx, 1
   331 00000217 D1E1                        shl cx, 1
   332 00000219 D1E1                        shl cx, 1
   333 0000021B D1E1                        shl cx, 1
   334 0000021D D1E1                        shl cx, 1
   335 0000021F D1E1                        shl cx, 1
   336 00000221 D1E1                        shl cx, 1
   337 00000223 D1E1                        shl cx, 1
   338 00000225 D1E1                        shl cx, 1                       ; size blocks * 512 bytes
   339 00000227 31F6                        xor si, si
   340 00000229 30D2                        xor dl, dl
   341                                  .checksum:
   342 0000022B 260214                      add dl, [es:si]
   343 0000022E 46                          inc si
   344 0000022F E2FA                        loop .checksum
   345 00000231 84D2                        test dl, dl
   346 00000233 7526                        jnz .advance_2k
   347                                  
   348                                      ; Far-call ES:0003 without depending on a host-side ROM callback.
   349 00000235 53                          push bx                         ; retain candidate segment across ROM init
   350 00000236 0E                          push cs                         ; far-return address for option ROM RETF
   351 00000237 68[3E02]                    push word .returned
   351          ******************       warning: 16-bit absolute section-crossing relocation [-w+reloc-abs-word]
   352 0000023A 53                          push bx
   353 0000023B 6A03                        push word 0x0003
   354 0000023D CB                          retf
   355                                  .returned:
   356 0000023E 5B                          pop bx
   357                                  
   358 0000023F 8EC3                        mov es, bx
   359 00000241 31C0                        xor ax, ax
   360 00000243 26A00200                    mov al, [es:2]
   361 00000247 D1E0                        shl ax, 1
   362 00000249 D1E0                        shl ax, 1
   363 0000024B D1E0                        shl ax, 1
   364 0000024D D1E0                        shl ax, 1
   365 0000024F D1E0                        shl ax, 1                       ; 512 bytes = 20h paragraphs
   366 00000251 01C3                        add bx, ax
   367                                      ; Option ROM starts are aligned to 2 KiB boundaries.
   368 00000253 83C37F                      add bx, 0x007F
   369 00000256 83E380                      and bx, 0xFF80
   370 00000259 EB9D                        jmp .next_segment
   371                                  
   372                                  .advance_2k:
   373 0000025B 81C38000                    add bx, 0x0080
   374 0000025F EB97                        jmp .next_segment
   375                                  .done:
   376 00000261 07                          pop es
   377 00000262 1F                          pop ds
   378 00000263 5E                          pop si
   379 00000264 5A                          pop dx
   380 00000265 59                          pop cx
   381 00000266 5B                          pop bx
   382 00000267 58                          pop ax
   383 00000268 C3                          ret
   384                                  
   385                                  clear_screen:
   386 00000269 50                          push ax
   387 0000026A 51                          push cx
   388 0000026B 57                          push di
   389 0000026C 06                          push es
   390 0000026D B800B8                      mov ax, VIDEO_SEG
   391 00000270 8EC0                        mov es, ax
   392 00000272 31FF                        xor di, di
   393 00000274 B82007                      mov ax, 0x0720
   394 00000277 B9D007                      mov cx, 2000
   395 0000027A F3AB                        rep stosw
   396 0000027C B84000                      mov ax, BDA_SEG
   397 0000027F 8EC0                        mov es, ax
   398 00000281 26C70650000000              mov word [es:0x50], 0
   399 00000288 07                          pop es
   400 00000289 5F                          pop di
   401 0000028A 59                          pop cx
   402 0000028B 58                          pop ax
   403 0000028C C3                          ret
   404                                  
   405                                  reset_cga_start:
   406 0000028D 50                          push ax
   407 0000028E 52                          push dx
   408 0000028F BAD403                      mov dx, 0x3D4
   409 00000292 B00C                        mov al, 0x0C
   410 00000294 EE                          out dx, al
   411 00000295 42                          inc dx
   412 00000296 30C0                        xor al, al
   413 00000298 EE                          out dx, al
   414 00000299 4A                          dec dx
   415 0000029A B00D                        mov al, 0x0D
   416 0000029C EE                          out dx, al
   417 0000029D 42                          inc dx
   418 0000029E 30C0                        xor al, al
   419 000002A0 EE                          out dx, al
   420 000002A1 5A                          pop dx
   421 000002A2 58                          pop ax
   422 000002A3 C3                          ret
   423                                  
   424                                  ; DS:SI zero-terminated ROM string.  POST deliberately uses the installed
   425                                  ; video BIOS teletype service, just as an AT system BIOS would after the
   426                                  ; adapter ROM has initialized.  Do not mix direct byte offsets with the BDA's
   427                                  ; row/column cursor words (0040:0050); doing so scatters later numeric output.
   428                                  print:
   429 000002A4 50                          push ax
   430 000002A5 53                          push bx
   431                                  .next:
   432 000002A6 AC                          lodsb
   433 000002A7 84C0                        test al, al
   434                                      J286_E .done
    14 000002A9 7502                <1>  jne short %%skip
    15 000002AB EB15                <1>  jmp %1
    16                              <1> %%skip:
   435 000002AD 3C0A                        cmp al, 10
   436 000002AF 7509                        jne short .emit
   437                                      ; Historical ROM strings use LF as a logical newline.  Supply CR first so
   438                                      ; they remain left-aligned on a real teletype cursor; an explicit CR/LF
   439                                      ; pair merely receives an additional harmless CR.
   440 000002B1 50                          push ax
   441 000002B2 B80D0E                      mov ax, 0x0E0D
   442 000002B5 30FF                        xor bh, bh
   443 000002B7 CD10                        int 0x10
   444 000002B9 58                          pop ax
   445                                  .emit:
   446 000002BA B40E                        mov ah, 0x0E
   447 000002BC 30FF                        xor bh, bh
   448 000002BE CD10                        int 0x10
   449 000002C0 EBE4                        jmp .next
   450                                  .done:
   451 000002C2 5B                          pop bx
   452 000002C3 58                          pop ax
   453 000002C4 C3                          ret
   454                                  
   455                                  ; ---------------------------------------------------------------------------
   456                                  ; 80286 protected-mode return and POST memory sizing
   457                                  ; ---------------------------------------------------------------------------
   458                                  
   459                                  ; CMOS 0Fh is the AT shutdown-status byte.  Codes 05h and 0Ah are the
   460                                  ; standard operating-system return paths through the DWORD at 0040:0067.
   461                                  ; Code 09h is the original PC/AT INT 15h/AH=87h block-move return: the
   462                                  ; DWORD at 0040:0067 is SS:SP, not CS:IP, and names a saved IRET frame.
   463                                  ; Code 02h is used by this BIOS after its protected-mode memory-test pass.
   464                                  shutdown_resume_check:
   465 000002C5 B00F                        mov al, 0x0F
   466 000002C7 E8EE02                      call cmos_read
   467 000002CA 84C0                        test al, al
   468                                      J286_E .normal_reset
    14 000002CC 7502                <1>  jne short %%skip
    15 000002CE EB2C                <1>  jmp %1
    16                              <1> %%skip:
   469 000002D0 3C02                        cmp al, 0x02
   470                                      J286_E .memory_test_pass
    14 000002D2 7502                <1>  jne short %%skip
    15 000002D4 EB2E                <1>  jmp %1
    16                              <1> %%skip:
   471 000002D6 3C04                        cmp al, 0x04
   472                                      J286_E .bootstrap_request
    14 000002D8 7502                <1>  jne short %%skip
    15 000002DA EB55                <1>  jmp %1
    16                              <1> %%skip:
   473 000002DC 3C09                        cmp al, 0x09
   474                                      J286_E .block_move_return
    14 000002DE 7502                <1>  jne short %%skip
    15 000002E0 EB2D                <1>  jmp %1
    16                              <1> %%skip:
   475 000002E2 3C05                        cmp al, 0x05
   476                                      J286_E .external_with_eoi
    14 000002E4 7502                <1>  jne short %%skip
    15 000002E6 EB54                <1>  jmp %1
    16                              <1> %%skip:
   477 000002E8 3C0A                        cmp al, 0x0A
   478                                      J286_E .external_direct
    14 000002EA 7502                <1>  jne short %%skip
    15 000002EC EB68                <1>  jmp %1
    16                              <1> %%skip:
   479 000002EE 3C0B                        cmp al, 0x0B
   480                                      J286_E .external_iret
    14 000002F0 7502                <1>  jne short %%skip
    15 000002F2 EB6C                <1>  jmp %1
    16                              <1> %%skip:
   481 000002F4 3C0C                        cmp al, 0x0C
   482                                      J286_E .external_retf
    14 000002F6 7502                <1>  jne short %%skip
    15 000002F8 EB78                <1>  jmp %1
    16                              <1> %%skip:
   483                                  
   484                                      ; 01h, 03h and 06h-08h are IBM POST-internal continuations whose
   485                                      ; scratch-frame layouts belong to the exact ROM revision that emitted
   486                                      ; them.  This clean-room BIOS never emits those values.  If stale CMOS or
   487                                      ; foreign firmware leaves one behind, clear it and perform a complete POST
   488                                      ; rather than interpreting alien private RAM as a return frame.  0Dh-FFh
   489                                      ; are likewise defined as ordinary startup by later AT-compatible BIOSes.
   490 000002FA EB01                        jmp short .normal_reset_clear
   491                                  
   492                                  .normal_reset:
   493 000002FC C3                          ret
   494                                  
   495                                  .normal_reset_clear:
   496 000002FD B80F00                      mov ax, 0x000F
   497 00000300 E8BE02                      call cmos_write
   498 00000303 C3                          ret
   499                                  
   500                                  .memory_test_pass:
   501 00000304 B80F00                      mov ax, 0x000F
   502 00000307 E8B702                      call cmos_write
   503 0000030A EA[6201]00F0                jmp 0xF000:post_memory_resume
   503          ******************       warning: 16-bit absolute section-crossing relocation [-w+reloc-abs-word]
   504                                  
   505                                  .block_move_return:
   506                                      ; IBM AT shutdown 09h deliberately bypasses PIC reinitialization.  Windows
   507                                      ; 3.1 uses this older, widely-compatible mode-switch return by default.
   508                                      ; The original AT path also forces the keyboard-controller A20 gate low
   509                                      ; before resuming and enables maskable interrupts.  Windows relies on that
   510                                      ; complete firmware contract even though it immediately manages both states
   511                                      ; for its next protected-mode transition.
   512                                      ; The saved frame, beginning at SS:SP, is:
   513                                      ;   DS ES DI SI BP saved-SP BX DX CX AX IP CS FLAGS
   514 0000030F B80F00                      mov ax, 0x000F
   515 00000312 E8AC02                      call cmos_write
   516 00000315 E88200                      call post_disable_a20
   517 00000318 8B1E6704                    mov bx, [0x0467]
   518 0000031C A16904                      mov ax, [0x0469]
   519 0000031F 8ED0                        mov ss, ax
   520 00000321 89DC                        mov sp, bx
   521 00000323 1F                          pop ds
   522 00000324 07                          pop es
   523 00000325 5F                          pop di
   524 00000326 5E                          pop si
   525 00000327 5D                          pop bp
   526 00000328 83C402                      add sp, 2                       ; discard the pre-switch SP image
   527 0000032B 5B                          pop bx
   528 0000032C 5A                          pop dx
   529 0000032D 59                          pop cx
   530 0000032E 58                          pop ax
   531 0000032F FB                          sti
   532 00000330 CF                          iret
   533                                  
   534                                  .bootstrap_request:
   535 00000331 B80F00                      mov ax, 0x000F
   536 00000334 E88A02                      call cmos_write
   537 00000337 EA[8129]00F0                jmp 0xF000:int19
   537          ******************       warning: 16-bit absolute section-crossing relocation [-w+reloc-abs-word]
   538                                  
   539                                  .external_with_eoi:
   540 0000033C B80F00                      mov ax, 0x000F
   541 0000033F E87F02                      call cmos_write
   542 00000342 B020                        mov al, 0x20
   543 00000344 E6A0                        out 0xA0, al
   544 00000346 E620                        out 0x20, al
   545                                  .flush_8042:
   546 00000348 E464                        in al, 0x64
   547 0000034A A801                        test al, 1
   548 0000034C 7404                        jz .external_jump
   549 0000034E E460                        in al, 0x60
   550 00000350 EBF6                        jmp .flush_8042
   551                                  .external_jump:
   552 00000352 FF2E6704                    jmp far [0x0467]
   553                                  
   554                                  .external_direct:
   555 00000356 B80F00                      mov ax, 0x000F
   556 00000359 E86502                      call cmos_write
   557 0000035C FF2E6704                    jmp far [0x0467]
   558                                  
   559                                  .external_iret:
   560 00000360 B80F00                      mov ax, 0x000F
   561 00000363 E85B02                      call cmos_write
   562 00000366 8B1E6704                    mov bx, [0x0467]
   563 0000036A A16904                      mov ax, [0x0469]
   564 0000036D 8ED0                        mov ss, ax
   565 0000036F 89DC                        mov sp, bx
   566 00000371 CF                          iret
   567                                  
   568                                  .external_retf:
   569 00000372 B80F00                      mov ax, 0x000F
   570 00000375 E84902                      call cmos_write
   571 00000378 8B1E6704                    mov bx, [0x0467]
   572 0000037C A16904                      mov ax, [0x0469]
   573 0000037F 8ED0                        mov ss, ax
   574 00000381 89DC                        mov sp, bx
   575 00000383 CB                          retf
   576                                  
   577                                  ; Wait until the 8042 host input buffer is available.  The emulated 8042
   578                                  ; exposes the same status contract even though its current write latency is
   579                                  ; effectively zero.
   580                                  kbc_wait_input_empty:
   581 00000384 E464                        in al, 0x64
   582 00000386 A802                        test al, 2
   583 00000388 75FA                        jnz kbc_wait_input_empty
   584 0000038A C3                          ret
   585                                  
   586                                  post_enable_a20:
   587 0000038B E8F6FF                      call kbc_wait_input_empty
   588 0000038E B0D1                        mov al, 0xD1
   589 00000390 E664                        out 0x64, al
   590 00000392 E8EFFF                      call kbc_wait_input_empty
   591 00000395 B003                        mov al, 0x03                    ; output-port bit0 high, A20 bit1 high
   592 00000397 E660                        out 0x60, al
   593 00000399 C3                          ret
   594                                  
   595                                  post_disable_a20:
   596 0000039A E8E7FF                      call kbc_wait_input_empty
   597 0000039D B0D1                        mov al, 0xD1
   598 0000039F E664                        out 0x64, al
   599 000003A1 E8E0FF                      call kbc_wait_input_empty
   600 000003A4 B001                        mov al, 0x01                    ; output-port bit0 high, A20 bit1 low
   601 000003A6 E660                        out 0x60, al
   602 000003A8 C3                          ret
   603                                  
   604                                  ; Build a small RAM GDT, enter 80286 protected mode, and probe every 64 KiB
   605                                  ; bank from 1 MiB through the 16 MiB architectural ceiling.  Each bank must
   606                                  ; retain complementary patterns at both ends before it is counted as DRAM.
   607                                  ; Unpopulated host RAM reads as open bus and therefore terminates sizing.
   608                                  post_memory_size_and_test:
   609 000003A9 FA                          cli
   610 000003AA 1E                          push ds
   611 000003AB 06                          push es
   612 000003AC 56                          push si
   613 000003AD 57                          push di
   614 000003AE 51                          push cx
   615 000003AF 50                          push ax
   616                                  
   617 000003B0 0E                          push cs
   618 000003B1 1F                          pop ds
   619 000003B2 31C0                        xor ax, ax
   620 000003B4 8EC0                        mov es, ax
   621 000003B6 BE[1905]                    mov si, post_gdt_template
   621          ******************       warning: 16-bit absolute section-crossing relocation [-w+reloc-abs-word]
   622 000003B9 BF0080                      mov di, POST_GDT_PHYS
   623 000003BC B92000                      mov cx, post_gdt_template_end - post_gdt_template
   624 000003BF F3A4                        rep movsb
   625                                  
   626 000003C1 31C0                        xor ax, ax
   627 000003C3 8ED8                        mov ds, ax
   628 000003C5 C70620801F00                mov word [POST_GDTR_PHYS], post_gdt_template_end - post_gdt_template - 1
   629 000003CB C70622800080                mov word [POST_GDTR_PHYS + 2], POST_GDT_PHYS
   630 000003D1 C606248000                  mov byte [POST_GDTR_PHYS + 4], 0
   631 000003D6 C606258000                  mov byte [POST_GDTR_PHYS + 5], 0
   632 000003DB C70630800000                mov word [POST_EXT_KB_RESULT], 0
   633 000003E1 C606328000                  mov byte [POST_MEMORY_FLAGS], 0
   634                                  
   635 000003E6 E8A2FF                      call post_enable_a20
   636 000003E9 0F01162080                  lgdt [POST_GDTR_PHYS]
   637 000003EE B80100                      mov ax, 1
   638 000003F1 0F01F0                      lmsw ax
   639 000003F4 EA[F903]0800                jmp 0x0008:post_memory_pm_entry
   639          ******************       warning: 16-bit absolute section-crossing relocation [-w+reloc-abs-word]
   640                                  
   641                                  post_memory_pm_entry:
   642 000003F9 B81800                      mov ax, 0x0018                  ; low-memory data/stack descriptor
   643 000003FC 8ED8                        mov ds, ax
   644 000003FE 8ED0                        mov ss, ax
   645 00000400 BC0070                      mov sp, 0x7000
   646 00000403 BB1000                      mov bx, 0x0010                  ; 10h * 64 KiB = physical 1 MiB
   647                                  
   648                                  .bank_loop:
   649 00000406 81FB0001                    cmp bx, 0x0100                  ; 100h * 64 KiB = 16 MiB
   650                                      J286_AE .banks_done
    24 0000040A 7203                <1>  jb short %%skip
    25 0000040C E99D00              <1>  jmp %1
    26                              <1> %%skip:
   651                                  
   652                                      ; The probe descriptor has a zero low base word.  Its high base byte is
   653                                      ; therefore exactly the 64 KiB bank number.
   654 0000040F 881E1480                    mov byte [POST_GDT_PHYS + 16 + 4], bl
   655 00000413 B81000                      mov ax, 0x0010
   656 00000416 8EC0                        mov es, ax                      ; reload descriptor cache with new base
   657                                  
   658 00000418 26C7060000AA55              mov word [es:0x0000], 0x55AA
   659 0000041F 26C706020055AA              mov word [es:0x0002], 0xAA55
   660 00000426 26C706FCFF5AA5              mov word [es:0xFFFC], 0xA55A
   661 0000042D 26C706FEFFA55A              mov word [es:0xFFFE], 0x5AA5
   662 00000434 26813E0000AA55              cmp word [es:0x0000], 0x55AA
   663                                      J286_NE .banks_done
    19 0000043B 7402                <1>  je short %%skip
    20 0000043D EB6D                <1>  jmp %1
    21                              <1> %%skip:
   664 0000043F 26813E020055AA              cmp word [es:0x0002], 0xAA55
   665                                      J286_NE .banks_done
    19 00000446 7402                <1>  je short %%skip
    20 00000448 EB62                <1>  jmp %1
    21                              <1> %%skip:
   666 0000044A 26813EFCFF5AA5              cmp word [es:0xFFFC], 0xA55A
   667                                      J286_NE .banks_done
    19 00000451 7402                <1>  je short %%skip
    20 00000453 EB57                <1>  jmp %1
    21                              <1> %%skip:
   668 00000455 26813EFEFFA55A              cmp word [es:0xFFFE], 0x5AA5
   669                                      J286_NE .banks_done
    19 0000045C 7402                <1>  je short %%skip
    20 0000045E EB4C                <1>  jmp %1
    21                              <1> %%skip:
   670                                  
   671 00000460 26C706000055AA              mov word [es:0x0000], 0xAA55
   672 00000467 26C7060200AA55              mov word [es:0x0002], 0x55AA
   673 0000046E 26C706FCFFA55A              mov word [es:0xFFFC], 0x5AA5
   674 00000475 26C706FEFF5AA5              mov word [es:0xFFFE], 0xA55A
   675 0000047C 26813E000055AA              cmp word [es:0x0000], 0xAA55
   676                                      J286_NE .banks_done
    19 00000483 7402                <1>  je short %%skip
    20 00000485 EB25                <1>  jmp %1
    21                              <1> %%skip:
   677 00000487 26813E0200AA55              cmp word [es:0x0002], 0x55AA
   678                                      J286_NE .banks_done
    19 0000048E 7402                <1>  je short %%skip
    20 00000490 EB1A                <1>  jmp %1
    21                              <1> %%skip:
   679 00000492 26813EFCFFA55A              cmp word [es:0xFFFC], 0x5AA5
   680                                      J286_NE .banks_done
    19 00000499 7402                <1>  je short %%skip
    20 0000049B EB0F                <1>  jmp %1
    21                              <1> %%skip:
   681 0000049D 26813EFEFF5AA5              cmp word [es:0xFFFE], 0xA55A
   682                                      J286_NE .banks_done
    19 000004A4 7402                <1>  je short %%skip
    20 000004A6 EB04                <1>  jmp %1
    21                              <1> %%skip:
   683                                  
   684 000004A8 43                          inc bx
   685 000004A9 E95AFF                      jmp .bank_loop
   686                                  
   687                                  .banks_done:
   688 000004AC 89D8                        mov ax, bx
   689 000004AE 83E810                      sub ax, 0x0010                  ; number of populated 64 KiB banks
   690 000004B1 D1E0                        shl ax, 1
   691 000004B3 D1E0                        shl ax, 1
   692 000004B5 D1E0                        shl ax, 1
   693 000004B7 D1E0                        shl ax, 1
   694 000004B9 D1E0                        shl ax, 1
   695 000004BB D1E0                        shl ax, 1                       ; KiB = banks * 64
   696 000004BD A33080                      mov [POST_EXT_KB_RESULT], ax
   697 000004C0 C606328001                  mov byte [POST_MEMORY_FLAGS], 1
   698                                  
   699                                      ; 02h is the conventional AT 'memory test passed' shutdown code.  The
   700                                      ; 80286 cannot clear PE with LMSW, so pulse RESET through the 8042.
   701 000004C5 B00F                        mov al, 0x0F
   702 000004C7 E670                        out 0x70, al
   703 000004C9 B002                        mov al, 0x02
   704 000004CB E671                        out 0x71, al
   705 000004CD B0FE                        mov al, 0xFE
   706 000004CF E664                        out 0x64, al
   707                                  .pm_wait_reset:
   708 000004D1 F4                          hlt
   709 000004D2 EBFD                        jmp .pm_wait_reset
   710                                  
   711                                  ; We arrive here through the reset/shutdown dispatcher in real mode.
   712                                  ; Publish what POST actually found into CMOS and leave A20 in the normal
   713                                  ; disabled-at-boot state for DOS/HIMEM to manage later.
   714                                  post_memory_commit:
   715 000004D4 E8C3FE                      call post_disable_a20
   716 000004D7 31C0                        xor ax, ax
   717 000004D9 8ED8                        mov ds, ax
   718 000004DB 8B1E3080                    mov bx, [POST_EXT_KB_RESULT]
   719                                  
   720 000004DF B81580                      mov ax, 0x8015                  ; 640 KiB base memory = 0280h
   721 000004E2 E8DC00                      call cmos_write
   722 000004E5 B81602                      mov ax, 0x0216
   723 000004E8 E8D600                      call cmos_write
   724                                  
   725 000004EB B017                        mov al, 0x17
   726 000004ED 88DC                        mov ah, bl
   727 000004EF E8CF00                      call cmos_write
   728 000004F2 B018                        mov al, 0x18
   729 000004F4 88FC                        mov ah, bh
   730 000004F6 E8C800                      call cmos_write
   731 000004F9 B030                        mov al, 0x30
   732 000004FB 88DC                        mov ah, bl
   733 000004FD E8C100                      call cmos_write
   734 00000500 B031                        mov al, 0x31
   735 00000502 88FC                        mov ah, bh
   736 00000504 E8BA00                      call cmos_write
   737                                  
   738 00000507 B00E                        mov al, 0x0E
   739 00000509 E8AC00                      call cmos_read
   740 0000050C 24EF                        and al, 0xEF                    ; this POST has resolved memory-size status
   741 0000050E 88C4                        mov ah, al
   742 00000510 B00E                        mov al, 0x0E
   743 00000512 E8AC00                      call cmos_write
   744 00000515 E8D900                      call cmos_write_checksum
   745 00000518 C3                          ret
   746                                  
   747                                  ; GDT copied to RAM because the bank-data descriptor's base changes while
   748                                  ; sizing memory.  80286 descriptors are limit, base-low, base-high, access,
   749                                  ; followed by two reserved bytes.
   750                                  post_gdt_template:
   751 00000519 00000000                    dw 0x0000, 0x0000
   752 0000051D 00000000                    db 0x00, 0x00, 0x00, 0x00
   753 00000521 FFFF0000                    dw 0xFFFF, 0x0000               ; selector 08h: F000:0000 BIOS code
   754 00000525 0F9A0000                    db 0x0F, 0x9A, 0x00, 0x00
   755 00000529 FFFF0000                    dw 0xFFFF, 0x0000               ; selector 10h: variable 64 KiB RAM bank
   756 0000052D 00920000                    db 0x00, 0x92, 0x00, 0x00
   757 00000531 FFFF0000                    dw 0xFFFF, 0x0000               ; selector 18h: low RAM data/stack
   758 00000535 00920000                    db 0x00, 0x92, 0x00, 0x00
   759                                  post_gdt_template_end:
   760                                  
   761                                  ; Print AX as unsigned decimal using the initialized VGA BIOS teletype path.
   762                                  print_u16_decimal:
   763 00000539 50                          push ax
   764 0000053A 53                          push bx
   765 0000053B 51                          push cx
   766 0000053C 52                          push dx
   767 0000053D 31C9                        xor cx, cx
   768 0000053F BB0A00                      mov bx, 10
   769                                  .dec_divide:
   770 00000542 31D2                        xor dx, dx
   771 00000544 F7F3                        div bx
   772 00000546 52                          push dx
   773 00000547 41                          inc cx
   774 00000548 85C0                        test ax, ax
   775 0000054A 75F6                        jnz .dec_divide
   776                                  .dec_emit:
   777 0000054C 5A                          pop dx
   778 0000054D 88D0                        mov al, dl
   779 0000054F 0430                        add al, '0'
   780 00000551 B40E                        mov ah, 0x0E
   781 00000553 30FF                        xor bh, bh
   782 00000555 CD10                        int 0x10
   783 00000557 E2F3                        loop .dec_emit
   784 00000559 5A                          pop dx
   785 0000055A 59                          pop cx
   786 0000055B 5B                          pop bx
   787 0000055C 58                          pop ax
   788 0000055D C3                          ret
   789                                  
   790                                  print_memory_summary:
   791 0000055E 50                          push ax
   792 0000055F 53                          push bx
   793 00000560 1E                          push ds
   794 00000561 56                          push si
   795 00000562 0E                          push cs
   796 00000563 1F                          pop ds
   797                                  
   798 00000564 B030                        mov al, 0x30
   799 00000566 E84F00                      call cmos_read
   800 00000569 88C3                        mov bl, al
   801 0000056B B031                        mov al, 0x31
   802 0000056D E84800                      call cmos_read
   803 00000570 88C7                        mov bh, al
   804                                  
   805 00000572 BE[352D]                    mov si, memory_line_prefix
   805          ******************       warning: 16-bit absolute section-crossing relocation [-w+reloc-abs-word]
   806 00000575 E82CFD                      call print
   807 00000578 89D8                        mov ax, bx
   808 0000057A 050004                      add ax, 1024
   809 0000057D E8B9FF                      call print_u16_decimal
   810 00000580 BE[362D]                    mov si, memory_line_mid
   810          ******************       warning: 16-bit absolute section-crossing relocation [-w+reloc-abs-word]
   811 00000583 E81EFD                      call print
   812 00000586 89D8                        mov ax, bx
   813 00000588 E8AEFF                      call print_u16_decimal
   814 0000058B BE[432D]                    mov si, memory_line_suffix
   814          ******************       warning: 16-bit absolute section-crossing relocation [-w+reloc-abs-word]
   815 0000058E E813FD                      call print
   816                                  
   817 00000591 5E                          pop si
   818 00000592 1F                          pop ds
   819 00000593 5B                          pop bx
   820 00000594 58                          pop ax
   821 00000595 C3                          ret; ---------------------------------------------------------------------------
   822                                  
   823                                  ; Show the result of the complete first-peripheral POST sequence: 8042
   824                                  ; controller self-test, keyboard-interface test, keyboard BAT/reset, enhanced
   825                                  ; ID, Set-2 selection, typematic/LED programming, scan enable, and translated
   826                                  ; IRQ1 command-byte installation.  This is status reporting only; the tests
   827                                  ; themselves have already traversed the emulated motherboard and keyboard.
   828                                  print_keyboard_post_status:
   829 00000596 50                          push ax
   830 00000597 56                          push si
   831 00000598 06                          push es
   832 00000599 B8C09F                      mov ax, EBDA_SEG
   833 0000059C 8EC0                        mov es, ax
   834 0000059E 26803EFE0301                cmp byte [es:KBW_POST_RESULT], 1
   835 000005A4 7508                        jne short .error
   836 000005A6 BE[662A]                    mov si, keyboard_post_ok
   836          ******************       warning: 16-bit absolute section-crossing relocation [-w+reloc-abs-word]
   837 000005A9 E8F8FC                      call print
   838 000005AC EB06                        jmp short .done
   839                                  .error:
   840 000005AE BE[952A]                    mov si, keyboard_post_error
   840          ******************       warning: 16-bit absolute section-crossing relocation [-w+reloc-abs-word]
   841 000005B1 E8F0FC                      call print
   842                                  .done:
   843 000005B4 07                          pop es
   844 000005B5 5E                          pop si
   845 000005B6 58                          pop ax
   846 000005B7 C3                          ret
   847                                  
   848                                  ; ---------------------------------------------------------------------------
   849                                  ; PC/AT CMOS/RTC services (Motorola MC146818A at ports 70h/71h)
   850                                  ; ---------------------------------------------------------------------------
   851                                  
   852                                  ; AL = CMOS index, returns AL = value. NMI is left enabled while selecting.
   853                                  cmos_read:
   854 000005B8 52                          push dx
   855 000005B9 BA7000                      mov dx, 0x70
   856 000005BC EE                          out dx, al
   857 000005BD 42                          inc dx
   858 000005BE EC                          in al, dx
   859 000005BF 5A                          pop dx
   860 000005C0 C3                          ret
   861                                  
   862                                  ; AL = CMOS index, AH = value.
   863                                  cmos_write:
   864 000005C1 52                          push dx
   865 000005C2 BA7000                      mov dx, 0x70
   866 000005C5 EE                          out dx, al
   867 000005C6 42                          inc dx
   868 000005C7 88E0                        mov al, ah
   869 000005C9 EE                          out dx, al
   870 000005CA 5A                          pop dx
   871 000005CB C3                          ret
   872                                  
   873                                  cmos_wait_update:
   874 000005CC 50                          push ax
   875                                  .wait:
   876 000005CD B00A                        mov al, 0x0A
   877 000005CF E8E6FF                      call cmos_read
   878 000005D2 A880                        test al, 0x80
   879 000005D4 75F7                        jnz .wait
   880 000005D6 58                          pop ax
   881 000005D7 C3                          ret
   882                                  
   883                                  ; Return the 16-bit unsigned sum of CMOS bytes 10h through 20h in BX.
   884                                  cmos_compute_checksum:
   885 000005D8 50                          push ax
   886 000005D9 51                          push cx
   887 000005DA 31DB                        xor bx, bx
   888 000005DC B110                        mov cl, 0x10
   889                                  .next:
   890 000005DE 88C8                        mov al, cl
   891 000005E0 E8D5FF                      call cmos_read
   892 000005E3 30E4                        xor ah, ah
   893 000005E5 01C3                        add bx, ax
   894 000005E7 FEC1                        inc cl
   895 000005E9 80F921                      cmp cl, 0x21
   896 000005EC 75F0                        jne .next
   897 000005EE 59                          pop cx
   898 000005EF 58                          pop ax
   899 000005F0 C3                          ret
   900                                  
   901                                  cmos_write_checksum:
   902 000005F1 50                          push ax
   903 000005F2 53                          push bx
   904 000005F3 E8E2FF                      call cmos_compute_checksum
   905 000005F6 B02E                        mov al, 0x2E
   906 000005F8 88FC                        mov ah, bh
   907 000005FA E8C4FF                      call cmos_write
   908 000005FD B02F                        mov al, 0x2F
   909 000005FF 88DC                        mov ah, bl
   910 00000601 E8BDFF                      call cmos_write
   911 00000604 5B                          pop bx
   912 00000605 58                          pop ax
   913 00000606 C3                          ret
   914                                  
   915                                  ; Establish the late-AT/AMI-style defaults used by this motherboard profile.
   916                                  ; Disk presence is synchronized after ATA IDENTIFY completes.
   917                                  cmos_load_defaults:
   918 00000607 50                          push ax
   919 00000608 B80A26                      mov ax, 0x260A                 ; 32.768 kHz divider, 1024 Hz periodic rate
   920 0000060B E8B3FF                      call cmos_write
   921 0000060E B80B02                      mov ax, 0x020B                 ; BCD, 24-hour, RTC interrupts disabled
   922 00000611 E8ADFF                      call cmos_write
   923 00000614 B80E00                      mov ax, 0x000E                 ; diagnostics good
   924 00000617 E8A7FF                      call cmos_write
   925 0000061A B80F00                      mov ax, 0x000F                 ; normal power-on shutdown state
   926 0000061D E8A1FF                      call cmos_write
   927 00000620 B81044                      mov ax, 0x4410                 ; A: and B: are 1.44 MB drives (AMI extension)
   928 00000623 E89BFF                      call cmos_write
   929 00000626 B81200                      mov ax, 0x0012                 ; no fixed disk until ATA detection
   930 00000629 E895FF                      call cmos_write
   931 0000062C B81463                      mov ax, 0x6314                 ; 2 floppies, 80-column color, 80287 present
   932 0000062F E88FFF                      call cmos_write
   933 00000632 B81580                      mov ax, 0x8015                 ; 640 KiB base memory (0280h)
   934 00000635 E889FF                      call cmos_write
   935 00000638 B81602                      mov ax, 0x0216
   936 0000063B E883FF                      call cmos_write
   937 0000063E B81700                      mov ax, 0x0017                 ; POST fills discovered extended memory
   938 00000641 E87DFF                      call cmos_write
   939 00000644 B81800                      mov ax, 0x0018
   940 00000647 E877FF                      call cmos_write
   941 0000064A B81900                      mov ax, 0x0019                 ; no extended fixed-disk type yet
   942 0000064D E871FF                      call cmos_write
   943 00000650 B82001                      mov ax, 0x0120                 ; OEM setup flags: boot Num Lock on, floppy first
   944 00000653 E86BFF                      call cmos_write
   945 00000656 B83000                      mov ax, 0x0030                 ; POST fills discovered extended memory
   946 00000659 E865FF                      call cmos_write
   947 0000065C B83100                      mov ax, 0x0031
   948 0000065F E85FFF                      call cmos_write
   949 00000662 E88CFF                      call cmos_write_checksum
   950 00000665 58                          pop ax
   951 00000666 C3                          ret
   952                                  
   953                                  ; Validate battery-backed configuration RAM and initialize RTC operating mode.
   954                                  cmos_validate_or_default:
   955 00000667 50                          push ax
   956 00000668 53                          push bx
   957 00000669 52                          push dx
   958 0000066A B00D                        mov al, 0x0D
   959 0000066C E849FF                      call cmos_read
   960 0000066F A880                        test al, 0x80                  ; register D valid-RAM bit
   961 00000671 7425                        jz .defaults
   962                                  
   963 00000673 E862FF                      call cmos_compute_checksum
   964 00000676 B02E                        mov al, 0x2E
   965 00000678 E83DFF                      call cmos_read
   966 0000067B 88C6                        mov dh, al
   967 0000067D B02F                        mov al, 0x2F
   968 0000067F E836FF                      call cmos_read
   969 00000682 88C2                        mov dl, al
   970 00000684 39D3                        cmp bx, dx
   971 00000686 7510                        jne .defaults
   972                                  
   973 00000688 B00E                        mov al, 0x0E
   974 0000068A E82BFF                      call cmos_read
   975 0000068D 243F                        and al, 0x3F                  ; clear battery/checksum diagnostic flags
   976 0000068F 88C4                        mov ah, al
   977 00000691 B00E                        mov al, 0x0E
   978 00000693 E82BFF                      call cmos_write
   979 00000696 EB03                        jmp .mode
   980                                  .defaults:
   981 00000698 E86CFF                      call cmos_load_defaults
   982                                  .mode:
   983 0000069B B80A26                      mov ax, 0x260A
   984 0000069E E820FF                      call cmos_write
   985 000006A1 B80B02                      mov ax, 0x020B
   986 000006A4 E81AFF                      call cmos_write
   987 000006A7 B00C                        mov al, 0x0C                  ; reading C clears any stale IRQ8 source
   988 000006A9 E80CFF                      call cmos_read
   989 000006AC 5A                          pop dx
   990 000006AD 5B                          pop bx
   991 000006AE 58                          pop ax
   992 000006AF C3                          ret
   993                                  
   994                                  ; Reflect ATA master presence in the AMI extended drive-type convention:
   995                                  ; type F in byte 12h and user type 47 in byte 19h.
   996                                  cmos_sync_detected_hardware:
   997 000006B0 50                          push ax
   998 000006B1 1E                          push ds
   999 000006B2 B8C09F                      mov ax, EBDA_SEG
  1000 000006B5 8ED8                        mov ds, ax
  1001 000006B7 803EE80301                  cmp byte [HD_PRESENT], 1
  1002 000006BC 1F                          pop ds
  1003 000006BD 750E                        jne .absent
  1004 000006BF B812F0                      mov ax, 0xF012
  1005 000006C2 E8FCFE                      call cmos_write
  1006 000006C5 B8192F                      mov ax, 0x2F19                 ; decimal 47
  1007 000006C8 E8F6FE                      call cmos_write
  1008 000006CB EB0C                        jmp .checksum
  1009                                  .absent:
  1010 000006CD B81200                      mov ax, 0x0012
  1011 000006D0 E8EEFE                      call cmos_write
  1012 000006D3 B81900                      mov ax, 0x0019
  1013 000006D6 E8E8FE                      call cmos_write
  1014                                  .checksum:
  1015 000006D9 E815FF                      call cmos_write_checksum
  1016 000006DC 58                          pop ax
  1017 000006DD C3                          ret
  1018                                  
  1019                                  ; IRQ8 handler. Reading register C clears PF/AF/UF and releases the RTC IRQ.
  1020                                  int70:
  1021 000006DE 50                          push ax
  1022 000006DF B00C                        mov al, 0x0C
  1023 000006E1 E8D4FE                      call cmos_read
  1024 000006E4 B020                        mov al, 0x20
  1025 000006E6 E6A0                        out 0xA0, al
  1026 000006E8 E620                        out 0x20, al
  1027 000006EA 58                          pop ax
  1028 000006EB CF                          iret
  1029                                  
  1030                                  ; CROMWELL KEYBOARD REALITY BRICK 2 BEGIN
  1031                                  ; ---------------------------------------------------------------------------
  1032                                  ; Cromwell Technologies AT enhanced-keyboard BIOS
  1033                                  ; Real 8042/keyboard transport.  IRQ1 consumes translated Set-1 bytes only.
  1034                                  ; ---------------------------------------------------------------------------
  1035                                  %define BDA_KBD_FLAGS1       0x0017
  1036                                  %define BDA_KBD_FLAGS2       0x0018
  1037                                  %define BDA_ALT_NUMPAD       0x0019
  1038                                  %define BDA_KBD_HEAD         0x001A
  1039                                  %define BDA_KBD_TAIL         0x001C
  1040                                  %define BDA_BREAK_FLAG       0x0071
  1041                                  %define BDA_WARM_BOOT        0x0072
  1042                                  %define BDA_KBD_START        0x0080
  1043                                  %define BDA_KBD_END          0x0082
  1044                                  %define BDA_KBD_STATUS3      0x0096
  1045                                  %define BDA_KBD_STATUS4      0x0097
  1046                                  
  1047                                  ; Private keyboard workspace at the very end of the 1 KiB EBDA.  Current disk
  1048                                  ; workspace ends at 03E8h.  Keep these bytes private to firmware; applications
  1049                                  ; observe only standard BDA/INT 16h state.
  1050                                  ; CMOS Setup owns 03EAh-03F5h.  Keep the runtime keyboard state above it;
  1051                                  ; overlapping these areas corrupts typematic/E1/Alt-numpad state on Setup use.
  1052                                  %define KBW_TYPEMATIC        0x03F6
  1053                                  %define KBW_POWER_BAT_SEEN   0x03F7
  1054                                  %define KBW_E1_INDEX         0x03F8
  1055                                  %define KBW_ALT_NUM_ACTIVE   0x03F9
  1056                                  %define KBW_COMMAND_BUSY     0x03FA
  1057                                  %define KBW_LED_PENDING      0x03FB
  1058                                  %define KBW_COMMAND_BYTE     0x03FC
  1059                                  %define KBW_COMMAND_DATA     0x03FD
  1060                                  
  1061                                  ; Controller polling helpers -------------------------------------------------
  1062                                  kbc_wait_ibf_clear:
  1063 000006EC 51                          push cx
  1064 000006ED B9FFFF                      mov cx, 0xFFFF
  1065                                  .wait:
  1066 000006F0 E464                        in al, 0x64
  1067 000006F2 A802                        test al, 2
  1068 000006F4 7405                        jz short .ready
  1069 000006F6 E2F8                        loop .wait
  1070 000006F8 F9                          stc
  1071 000006F9 59                          pop cx
  1072 000006FA C3                          ret
  1073                                  .ready:
  1074 000006FB F8                          clc
  1075 000006FC 59                          pop cx
  1076 000006FD C3                          ret
  1077                                  
  1078                                  kbc_wait_obf_short:
  1079 000006FE 51                          push cx
  1080 000006FF 52                          push dx
  1081 00000700 BA0800                      mov dx, 8
  1082                                  .outer:
  1083 00000703 B9FFFF                      mov cx, 0xFFFF
  1084                                  .inner:
  1085 00000706 E464                        in al, 0x64
  1086 00000708 A801                        test al, 1
  1087 0000070A 7509                        jnz short .ready
  1088 0000070C E2F8                        loop .inner
  1089 0000070E 4A                          dec dx
  1090 0000070F 75F2                        jnz short .outer
  1091 00000711 F9                          stc
  1092 00000712 5A                          pop dx
  1093 00000713 59                          pop cx
  1094 00000714 C3                          ret
  1095                                  .ready:
  1096 00000715 F8                          clc
  1097 00000716 5A                          pop dx
  1098 00000717 59                          pop cx
  1099 00000718 C3                          ret
  1100                                  
  1101                                  kbc_wait_obf_long:
  1102 00000719 51                          push cx
  1103 0000071A 52                          push dx
  1104 0000071B BA5000                      mov dx, 80
  1105                                  .outer:
  1106 0000071E B9FFFF                      mov cx, 0xFFFF
  1107                                  .inner:
  1108 00000721 E464                        in al, 0x64
  1109 00000723 A801                        test al, 1
  1110 00000725 7509                        jnz short .ready
  1111 00000727 E2F8                        loop .inner
  1112 00000729 4A                          dec dx
  1113 0000072A 75F2                        jnz short .outer
  1114 0000072C F9                          stc
  1115 0000072D 5A                          pop dx
  1116 0000072E 59                          pop cx
  1117 0000072F C3                          ret
  1118                                  .ready:
  1119 00000730 F8                          clc
  1120 00000731 5A                          pop dx
  1121 00000732 59                          pop cx
  1122 00000733 C3                          ret
  1123                                  
  1124                                  ; AL = controller command.
  1125                                  kbc_write_command:
  1126 00000734 50                          push ax
  1127 00000735 E8B4FF                      call kbc_wait_ibf_clear
  1128 00000738 7205                        jc short .fail
  1129 0000073A 58                          pop ax
  1130 0000073B E664                        out 0x64, al
  1131 0000073D F8                          clc
  1132 0000073E C3                          ret
  1133                                  .fail:
  1134 0000073F 58                          pop ax
  1135 00000740 F9                          stc
  1136 00000741 C3                          ret
  1137                                  
  1138                                  ; AL = byte for port 60h (controller parameter or keyboard byte).
  1139                                  kbc_write_data:
  1140 00000742 50                          push ax
  1141 00000743 E8A6FF                      call kbc_wait_ibf_clear
  1142 00000746 7205                        jc short .fail
  1143 00000748 58                          pop ax
  1144 00000749 E660                        out 0x60, al
  1145 0000074B F8                          clc
  1146 0000074C C3                          ret
  1147                                  .fail:
  1148 0000074D 58                          pop ax
  1149 0000074E F9                          stc
  1150 0000074F C3                          ret
  1151                                  
  1152                                  ; AL expected controller/keyboard response, ES = EBDA.  Keyboard power-on BAT
  1153                                  ; may arrive while a controller test response is pending; remember it and keep
  1154                                  ; waiting for the requested byte.
  1155                                  kbc_expect_short:
  1156 00000750 53                          push bx
  1157 00000751 88C3                        mov bl, al
  1158                                  .next:
  1159 00000753 E8A8FF                      call kbc_wait_obf_short
  1160 00000756 7215                        jc short .fail
  1161 00000758 E460                        in al, 0x60
  1162 0000075A 38D8                        cmp al, bl
  1163 0000075C 740C                        je short .ok
  1164 0000075E 3CAA                        cmp al, 0xAA
  1165 00000760 75F1                        jne short .next
  1166 00000762 26C606F70301                mov byte [es:KBW_POWER_BAT_SEEN], 1
  1167 00000768 EBE9                        jmp short .next
  1168                                  .ok:
  1169 0000076A F8                          clc
  1170 0000076B 5B                          pop bx
  1171 0000076C C3                          ret
  1172                                  .fail:
  1173 0000076D F9                          stc
  1174 0000076E 5B                          pop bx
  1175 0000076F C3                          ret
  1176                                  
  1177                                  kbc_expect_long:
  1178 00000770 53                          push bx
  1179 00000771 88C3                        mov bl, al
  1180                                  .next:
  1181 00000773 E8A3FF                      call kbc_wait_obf_long
  1182 00000776 7215                        jc short .fail
  1183 00000778 E460                        in al, 0x60
  1184 0000077A 38D8                        cmp al, bl
  1185 0000077C 740C                        je short .ok
  1186 0000077E 3CAA                        cmp al, 0xAA
  1187 00000780 75F1                        jne short .next
  1188 00000782 26C606F70301                mov byte [es:KBW_POWER_BAT_SEEN], 1
  1189 00000788 EBE9                        jmp short .next
  1190                                  .ok:
  1191 0000078A F8                          clc
  1192 0000078B 5B                          pop bx
  1193 0000078C C3                          ret
  1194                                  .fail:
  1195 0000078D F9                          stc
  1196 0000078E 5B                          pop bx
  1197 0000078F C3                          ret
  1198                                  
  1199                                  ; Send one keyboard byte during POST.  Scanning is disabled before this helper
  1200                                  ; is used for configuration, so only ACK/RESEND/BAT traffic can legitimately
  1201                                  ; appear. AL = keyboard byte.
  1202                                  kbd_init_send:
  1203 00000790 53                          push bx
  1204 00000791 52                          push dx
  1205 00000792 88C3                        mov bl, al
  1206 00000794 B203                        mov dl, 3
  1207                                  .retry:
  1208 00000796 88D8                        mov al, bl
  1209 00000798 E8A7FF                      call kbc_write_data
  1210 0000079B 721F                        jc short .fail
  1211                                  .wait_response:
  1212 0000079D E85EFF                      call kbc_wait_obf_short
  1213 000007A0 721A                        jc short .fail
  1214 000007A2 E460                        in al, 0x60
  1215 000007A4 3CFA                        cmp al, 0xFA
  1216 000007A6 7418                        je short .ok
  1217 000007A8 3CFE                        cmp al, 0xFE
  1218 000007AA 740C                        je short .resend
  1219 000007AC 3CAA                        cmp al, 0xAA
  1220 000007AE 75ED                        jne short .wait_response
  1221 000007B0 26C606F70301                mov byte [es:KBW_POWER_BAT_SEEN], 1
  1222 000007B6 EBE5                        jmp short .wait_response
  1223                                  .resend:
  1224 000007B8 FECA                        dec dl
  1225 000007BA 75DA                        jnz short .retry
  1226                                  .fail:
  1227 000007BC F9                          stc
  1228 000007BD 5A                          pop dx
  1229 000007BE 5B                          pop bx
  1230 000007BF C3                          ret
  1231                                  .ok:
  1232 000007C0 F8                          clc
  1233 000007C1 5A                          pop dx
  1234 000007C2 5B                          pop bx
  1235 000007C3 C3                          ret
  1236                                  
  1237                                  ; POST keyboard/controller initialization -----------------------------------
  1238                                  keyboard_init:
  1239 000007C4 50                          push ax
  1240 000007C5 53                          push bx
  1241 000007C6 51                          push cx
  1242 000007C7 52                          push dx
  1243 000007C8 1E                          push ds
  1244 000007C9 06                          push es
  1245                                  
  1246 000007CA B84000                      mov ax, BDA_SEG
  1247 000007CD 8ED8                        mov ds, ax
  1248 000007CF C606170000                  mov byte [BDA_KBD_FLAGS1], 0
  1249 000007D4 C606180000                  mov byte [BDA_KBD_FLAGS2], 0
  1250 000007D9 C606190000                  mov byte [BDA_ALT_NUMPAD], 0
  1251 000007DE C7061A001E00                mov word [BDA_KBD_HEAD], 0x001E
  1252 000007E4 C7061C001E00                mov word [BDA_KBD_TAIL], 0x001E
  1253 000007EA C606710000                  mov byte [BDA_BREAK_FLAG], 0
  1254 000007EF C70680001E00                mov word [BDA_KBD_START], 0x001E
  1255 000007F5 C70682003E00                mov word [BDA_KBD_END], 0x003E
  1256 000007FB C606960000                  mov byte [BDA_KBD_STATUS3], 0
  1257 00000800 C606970000                  mov byte [BDA_KBD_STATUS4], 0
  1258                                  
  1259 00000805 B8C09F                      mov ax, EBDA_SEG
  1260 00000808 8EC0                        mov es, ax
  1261 0000080A 26C606F6032B                mov byte [es:KBW_TYPEMATIC], 0x2B
  1262 00000810 26C606F70300                mov byte [es:KBW_POWER_BAT_SEEN], 0
  1263 00000816 26C606F80300                mov byte [es:KBW_E1_INDEX], 0
  1264 0000081C 26C606F90300                mov byte [es:KBW_ALT_NUM_ACTIVE], 0
  1265 00000822 26C606FA0300                mov byte [es:KBW_COMMAND_BUSY], 0
  1266 00000828 26C606FB0300                mov byte [es:KBW_LED_PENDING], 0
  1267 0000082E 26C606FE0380                mov byte [es:KBW_POST_RESULT], 0x80 ; controller/self-test stage
  1268                                  
  1269 00000834 B021                        mov al, 0x21
  1270 00000836 E680                        out 0x80, al
  1271                                  
  1272                                      ; Capture a power-on BAT byte if the keyboard finished before POST arrived.
  1273 00000838 E464                        in al, 0x64
  1274 0000083A A801                        test al, 1
  1275 0000083C 740C                        jz short .disable
  1276 0000083E E460                        in al, 0x60
  1277 00000840 3CAA                        cmp al, 0xAA
  1278 00000842 7506                        jne short .disable
  1279 00000844 26C606F70301                mov byte [es:KBW_POWER_BAT_SEEN], 1
  1280                                  
  1281                                  .disable:
  1282 0000084A B0AD                        mov al, 0xAD
  1283 0000084C E8E5FE                      call kbc_write_command
  1284                                      J286_C .failed
    29 0000084F 7303                <1>  jnc short %%skip
    30 00000851 E90801              <1>  jmp %1
    31                              <1> %%skip:
  1285                                  
  1286                                      ; 8042 controller self-test and keyboard-interface test.
  1287 00000854 B0AA                        mov al, 0xAA
  1288 00000856 E8DBFE                      call kbc_write_command
  1289                                      J286_C .failed
    29 00000859 7303                <1>  jnc short %%skip
    30 0000085B E9FE00              <1>  jmp %1
    31                              <1> %%skip:
  1290 0000085E B055                        mov al, 0x55
  1291 00000860 E8EDFE                      call kbc_expect_short
  1292                                      J286_C .failed
    29 00000863 7303                <1>  jnc short %%skip
    30 00000865 E9F400              <1>  jmp %1
    31                              <1> %%skip:
  1293 00000868 26C606FE0381                mov byte [es:KBW_POST_RESULT], 0x81 ; keyboard-interface stage
  1294                                  
  1295 0000086E B0AB                        mov al, 0xAB
  1296 00000870 E8C1FE                      call kbc_write_command
  1297                                      J286_C .failed
    29 00000873 7303                <1>  jnc short %%skip
    30 00000875 E9E400              <1>  jmp %1
    31                              <1> %%skip:
  1298 00000878 30C0                        xor al, al
  1299 0000087A E8D3FE                      call kbc_expect_short
  1300                                      J286_C .failed
    29 0000087D 7303                <1>  jnc short %%skip
    30 0000087F E9DA00              <1>  jmp %1
    31                              <1> %%skip:
  1301 00000882 26C606FE0382                mov byte [es:KBW_POST_RESULT], 0x82 ; keyboard BAT/ID/config stage
  1302                                  
  1303                                      ; Command byte: system flag set, IRQ1 off, Set-2 translation off while the
  1304                                      ; physical keyboard is identified/configured, keyboard interface enabled.
  1305 00000888 B060                        mov al, 0x60
  1306 0000088A E8A7FE                      call kbc_write_command
  1307                                      J286_C .failed
    29 0000088D 7303                <1>  jnc short %%skip
    30 0000088F E9CA00              <1>  jmp %1
    31                              <1> %%skip:
  1308 00000892 B004                        mov al, 0x04
  1309 00000894 E8ABFE                      call kbc_write_data
  1310                                      J286_C .failed
    29 00000897 7303                <1>  jnc short %%skip
    30 00000899 E9C000              <1>  jmp %1
    31                              <1> %%skip:
  1311 0000089C B0AE                        mov al, 0xAE
  1312 0000089E E893FE                      call kbc_write_command
  1313                                      J286_C .failed
    29 000008A1 7303                <1>  jnc short %%skip
    30 000008A3 E9B600              <1>  jmp %1
    31                              <1> %%skip:
  1314                                  
  1315                                      ; The keyboard performs its own power-on BAT.  It ignores host commands
  1316                                      ; during BAT, so do not issue FFh until AAh has actually crossed the wire.
  1317 000008A6 26803EF70300                cmp byte [es:KBW_POWER_BAT_SEEN], 0
  1318 000008AC 750A                        jne short .power_bat_done
  1319 000008AE B0AA                        mov al, 0xAA
  1320 000008B0 E8BDFE                      call kbc_expect_long
  1321                                      J286_C .failed
    29 000008B3 7303                <1>  jnc short %%skip
    30 000008B5 E9A400              <1>  jmp %1
    31                              <1> %%skip:
  1322                                  .power_bat_done:
  1323                                  
  1324                                      ; Explicit reset/BAT, then default-disable while scan-set/typematic/LED
  1325                                      ; configuration is performed.
  1326 000008B8 B0FF                        mov al, 0xFF
  1327 000008BA E8D3FE                      call kbd_init_send
  1328                                      J286_C .failed
    29 000008BD 7303                <1>  jnc short %%skip
    30 000008BF E99A00              <1>  jmp %1
    31                              <1> %%skip:
  1329 000008C2 B0AA                        mov al, 0xAA
  1330 000008C4 E8A9FE                      call kbc_expect_long
  1331                                      J286_C .failed
    29 000008C7 7303                <1>  jnc short %%skip
    30 000008C9 E99000              <1>  jmp %1
    31                              <1> %%skip:
  1332                                  
  1333 000008CC B0F5                        mov al, 0xF5
  1334 000008CE E8BFFE                      call kbd_init_send
  1335                                      J286_C .failed
    29 000008D1 7303                <1>  jnc short %%skip
    30 000008D3 E98600              <1>  jmp %1
    31                              <1> %%skip:
  1336                                  
  1337                                      ; Read enhanced keyboard ID with controller translation still disabled.
  1338 000008D6 B0F2                        mov al, 0xF2
  1339 000008D8 E8B5FE                      call kbd_init_send
  1340                                      J286_C .failed
    29 000008DB 7302                <1>  jnc short %%skip
    30 000008DD EB7D                <1>  jmp %1
    31                              <1> %%skip:
  1341 000008DF B0AB                        mov al, 0xAB
  1342 000008E1 E86CFE                      call kbc_expect_short
  1343                                      J286_C .failed
    29 000008E4 7302                <1>  jnc short %%skip
    30 000008E6 EB74                <1>  jmp %1
    31                              <1> %%skip:
  1344 000008E8 B083                        mov al, 0x83
  1345 000008EA E863FE                      call kbc_expect_short
  1346                                      J286_C .failed
    29 000008ED 7302                <1>  jnc short %%skip
    30 000008EF EB6B                <1>  jmp %1
    31                              <1> %%skip:
  1347 000008F1 800E960010                  or byte [BDA_KBD_STATUS3], 0x10
  1348                                  
  1349                                      ; Select keyboard scan set 2.  The 8042 will translate it to PC Set 1 for
  1350                                      ; BIOS/legacy software once translation is enabled below.
  1351 000008F6 B0F0                        mov al, 0xF0
  1352 000008F8 E895FE                      call kbd_init_send
  1353                                      J286_C .failed
    29 000008FB 7302                <1>  jnc short %%skip
    30 000008FD EB5D                <1>  jmp %1
    31                              <1> %%skip:
  1354 000008FF B002                        mov al, 0x02
  1355 00000901 E88CFE                      call kbd_init_send
  1356                                      J286_C .failed
    29 00000904 7302                <1>  jnc short %%skip
    30 00000906 EB54                <1>  jmp %1
    31                              <1> %%skip:
  1357                                  
  1358 00000908 B0F3                        mov al, 0xF3
  1359 0000090A E883FE                      call kbd_init_send
  1360                                      J286_C .failed
    29 0000090D 7302                <1>  jnc short %%skip
    30 0000090F EB4B                <1>  jmp %1
    31                              <1> %%skip:
  1361 00000911 B02B                        mov al, 0x2B
  1362 00000913 E87AFE                      call kbd_init_send
  1363                                      J286_C .failed
    29 00000916 7302                <1>  jnc short %%skip
    30 00000918 EB42                <1>  jmp %1
    31                              <1> %%skip:
  1364                                  
  1365 0000091A B0ED                        mov al, 0xED
  1366 0000091C E871FE                      call kbd_init_send
  1367                                      J286_C .failed
    29 0000091F 7302                <1>  jnc short %%skip
    30 00000921 EB39                <1>  jmp %1
    31                              <1> %%skip:
  1368 00000923 30C0                        xor al, al
  1369 00000925 E868FE                      call kbd_init_send
  1370                                      J286_C .failed
    29 00000928 7302                <1>  jnc short %%skip
    30 0000092A EB30                <1>  jmp %1
    31                              <1> %%skip:
  1371                                  
  1372 0000092C B0F4                        mov al, 0xF4
  1373 0000092E E85FFE                      call kbd_init_send
  1374                                      J286_C .failed
    29 00000931 7302                <1>  jnc short %%skip
    30 00000933 EB27                <1>  jmp %1
    31                              <1> %%skip:
  1375                                  
  1376                                      ; Runtime command byte: IRQ1 + system flag + translation, interface enabled.
  1377 00000935 B060                        mov al, 0x60
  1378 00000937 E8FAFD                      call kbc_write_command
  1379                                      J286_C .failed
    29 0000093A 7302                <1>  jnc short %%skip
    30 0000093C EB1E                <1>  jmp %1
    31                              <1> %%skip:
  1380 0000093E B045                        mov al, 0x45
  1381 00000940 E8FFFD                      call kbc_write_data
  1382                                      J286_C .failed
    29 00000943 7302                <1>  jnc short %%skip
    30 00000945 EB15                <1>  jmp %1
    31                              <1> %%skip:
  1383 00000947 B0AE                        mov al, 0xAE
  1384 00000949 E8E8FD                      call kbc_write_command
  1385                                      J286_C .failed
    29 0000094C 7302                <1>  jnc short %%skip
    30 0000094E EB0C                <1>  jmp %1
    31                              <1> %%skip:
  1386                                  
  1387 00000950 B02F                        mov al, 0x2F
  1388 00000952 E680                        out 0x80, al
  1389 00000954 26C606FE0301                mov byte [es:KBW_POST_RESULT], 1
  1390 0000095A EB15                        jmp .done
  1391                                  
  1392                                  .failed:
  1393                                      ; A keyboard failure must not silently fabricate a working device.  Leave a
  1394                                      ; POST checkpoint, but restore a sane AT controller command byte so firmware
  1395                                      ; can continue far enough for diagnostics/software to inspect the failure.
  1396 0000095C B02E                        mov al, 0x2E
  1397 0000095E E680                        out 0x80, al
  1398 00000960 B060                        mov al, 0x60
  1399 00000962 E8CFFD                      call kbc_write_command
  1400 00000965 7205                        jc short .enable_only
  1401 00000967 B045                        mov al, 0x45
  1402 00000969 E8D6FD                      call kbc_write_data
  1403                                  .enable_only:
  1404 0000096C B0AE                        mov al, 0xAE
  1405 0000096E E8C3FD                      call kbc_write_command
  1406                                  .done:
  1407 00000971 07                          pop es
  1408 00000972 1F                          pop ds
  1409 00000973 5A                          pop dx
  1410 00000974 59                          pop cx
  1411 00000975 5B                          pop bx
  1412 00000976 58                          pop ax
  1413 00000977 C3                          ret
  1414                                  
  1415                                  
  1416                                  ; Runtime keyboard helpers ---------------------------------------------------
  1417                                  ; These helpers operate with DS = BDA_SEG.  They use the same physical
  1418                                  ; controller/keyboard command path POST used; no host-side state is consulted.
  1419                                  
  1420                                  ; AL = byte to send to the keyboard.  Wait for ACK, retry on RESEND.
  1421                                  ; Returns CF set on timeout/error.  Keyboard command responses bypass the
  1422                                  ; 8042 scan-code translator in Keyboard Reality Brick 2.
  1423                                  kbd_runtime_send:
  1424 00000978 53                          push bx
  1425 00000979 51                          push cx
  1426 0000097A 52                          push dx
  1427 0000097B 88C3                        mov bl, al
  1428 0000097D B203                        mov dl, 3
  1429                                  .retry:
  1430 0000097F 80269700CF                  and byte [BDA_KBD_STATUS4], 0xCF     ; clear ACK/RESEND observations
  1431 00000984 88D8                        mov al, bl
  1432 00000986 E8B9FD                      call kbc_write_data
  1433 00000989 7238                        jc short .failed
  1434                                  .wait:
  1435                                      ; With IRQ1 enabled the interrupt handler may consume FAh/FEh before this
  1436                                      ; foreground command path observes port 64h.  INT 09h records that physical
  1437                                      ; response in BDA_KBD_STATUS4.  Honor the ISR-owned observation both before
  1438                                      ; and after the bounded OBF wait; otherwise a successful EDh can time out
  1439                                      ; after its ACK and leave the real keyboard waiting for its parameter with
  1440                                      ; scanning suspended.  Do not CLI around the transaction: an edge-triggered
  1441                                      ; IRQ1 would remain pending after a polled read and deliver a false empty-OBF
  1442                                      ; interrupt when FLAGS were restored.
  1443 0000098B F606970010                  test byte [BDA_KBD_STATUS4], 0x10
  1444 00000990 753B                        jnz short .acked
  1445 00000992 F606970020                  test byte [BDA_KBD_STATUS4], 0x20
  1446 00000997 7521                        jnz short .resend
  1447 00000999 E862FD                      call kbc_wait_obf_short
  1448 0000099C 7310                        jnc short .read_response
  1449 0000099E F606970010                  test byte [BDA_KBD_STATUS4], 0x10
  1450 000009A3 7528                        jnz short .acked
  1451 000009A5 F606970020                  test byte [BDA_KBD_STATUS4], 0x20
  1452 000009AA 750E                        jnz short .resend
  1453 000009AC EB15                        jmp short .failed
  1454                                  .read_response:
  1455 000009AE E460                        in al, 0x60
  1456 000009B0 3CFA                        cmp al, 0xFA
  1457 000009B2 7419                        je short .acked
  1458 000009B4 3CFE                        cmp al, 0xFE
  1459 000009B6 7402                        je short .resend
  1460                                      ; During ED/F3/F0 parameter transactions scanning is suspended by the
  1461                                      ; keyboard itself.  A stray byte here is stale pre-command input; consume
  1462                                      ; it rather than mistaking it for protocol acknowledgement.
  1463 000009B8 EBD1                        jmp short .wait
  1464                                  .resend:
  1465 000009BA 800E970020                  or byte [BDA_KBD_STATUS4], 0x20
  1466 000009BF FECA                        dec dl
  1467 000009C1 75BC                        jnz short .retry
  1468                                  .failed:
  1469 000009C3 800E970080                  or byte [BDA_KBD_STATUS4], 0x80
  1470 000009C8 F9                          stc
  1471 000009C9 5A                          pop dx
  1472 000009CA 59                          pop cx
  1473 000009CB 5B                          pop bx
  1474 000009CC C3                          ret
  1475                                  .acked:
  1476 000009CD 800E970010                  or byte [BDA_KBD_STATUS4], 0x10
  1477 000009D2 802697007F                  and byte [BDA_KBD_STATUS4], 0x7F
  1478 000009D7 F8                          clc
  1479 000009D8 5A                          pop dx
  1480 000009D9 59                          pop cx
  1481 000009DA 5B                          pop bx
  1482 000009DB C3                          ret
  1483                                  
  1484                                  ; Synchronize the three physical keyboard indicators with the lock-active
  1485                                  ; bits in BDA 40:17.  EDh and its parameter both traverse the real keyboard.
  1486                                  kbd_update_leds:
  1487 000009DC 50                          push ax
  1488 000009DD 52                          push dx
  1489 000009DE A01700                      mov al, [BDA_KBD_FLAGS1]
  1490 000009E1 C0E804                      shr al, 4
  1491 000009E4 2407                        and al, 7
  1492 000009E6 88C2                        mov dl, al
  1493 000009E8 800E970040                  or byte [BDA_KBD_STATUS4], 0x40
  1494 000009ED B0ED                        mov al, 0xED
  1495 000009EF E886FF                      call kbd_runtime_send
  1496 000009F2 7219                        jc short .fail
  1497 000009F4 88D0                        mov al, dl
  1498 000009F6 E87FFF                      call kbd_runtime_send
  1499 000009F9 7212                        jc short .fail
  1500 000009FB 80269700F8                  and byte [BDA_KBD_STATUS4], 0xF8
  1501 00000A00 08169700                    or byte [BDA_KBD_STATUS4], dl
  1502 00000A04 80269700BF                  and byte [BDA_KBD_STATUS4], 0xBF
  1503 00000A09 F8                          clc
  1504 00000A0A 5A                          pop dx
  1505 00000A0B 58                          pop ax
  1506 00000A0C C3                          ret
  1507                                  .fail:
  1508 00000A0D 80269700BF                  and byte [BDA_KBD_STATUS4], 0xBF
  1509 00000A12 F9                          stc
  1510 00000A13 5A                          pop dx
  1511 00000A14 58                          pop ax
  1512 00000A15 C3                          ret
  1513                                  
  1514                                  ; Apply the battery-backed boot keyboard policy through the real BIOS data area
  1515                                  ; and the keyboard's EDh LED command. No host keyboard state is consulted.
  1516                                  apply_cmos_keyboard_preferences:
  1517 00000A16 50                          push ax
  1518 00000A17 1E                          push ds
  1519 00000A18 B84000                      mov ax, BDA_SEG
  1520 00000A1B 8ED8                        mov ds, ax
  1521 00000A1D B020                        mov al, CMOS_SETUP_FLAGS
  1522 00000A1F E896FB                      call cmos_read
  1523 00000A22 A801                        test al, SETUP_NUMLOCK_ON
  1524 00000A24 7407                        jz short .numlock_off
  1525 00000A26 800E170020                  or byte [BDA_KBD_FLAGS1], 0x20
  1526 00000A2B EB05                        jmp short .sync
  1527                                  .numlock_off:
  1528 00000A2D 80261700DF                  and byte [BDA_KBD_FLAGS1], 0xDF
  1529                                  .sync:
  1530 00000A32 E8A7FF                      call kbd_update_leds
  1531 00000A35 1F                          pop ds
  1532 00000A36 58                          pop ax
  1533 00000A37 C3                          ret
  1534                                  
  1535                                  ; AL = encoded IBM typematic parameter.
  1536                                  kbd_set_typematic:
  1537 00000A38 50                          push ax
  1538 00000A39 52                          push dx
  1539 00000A3A 06                          push es
  1540 00000A3B 88C2                        mov dl, al
  1541 00000A3D B8C09F                      mov ax, EBDA_SEG
  1542 00000A40 8EC0                        mov es, ax
  1543 00000A42 268816F603                  mov [es:KBW_TYPEMATIC], dl
  1544 00000A47 B0F3                        mov al, 0xF3
  1545 00000A49 E82CFF                      call kbd_runtime_send
  1546 00000A4C 7207                        jc short .fail
  1547 00000A4E 26A0F603                    mov al, [es:KBW_TYPEMATIC]
  1548 00000A52 E823FF                      call kbd_runtime_send
  1549                                  .fail:
  1550 00000A55 07                          pop es
  1551 00000A56 5A                          pop dx
  1552 00000A57 58                          pop ax
  1553 00000A58 C3                          ret
  1554                                  
  1555                                  ; AX = BIOS keyboard word (AH scan code, AL ASCII/extended marker).
  1556                                  ; DS = BDA_SEG.  Returns CF set if ring buffer is full.
  1557                                  kbd_enqueue_ax:
  1558 00000A59 53                          push bx
  1559 00000A5A 52                          push dx
  1560 00000A5B 8B1E1C00                    mov bx, [BDA_KBD_TAIL]
  1561 00000A5F 89DA                        mov dx, bx
  1562 00000A61 83C202                      add dx, 2
  1563 00000A64 3B168200                    cmp dx, [BDA_KBD_END]
  1564 00000A68 7204                        jb short .check_full
  1565 00000A6A 8B168000                    mov dx, [BDA_KBD_START]
  1566                                  .check_full:
  1567 00000A6E 3B161A00                    cmp dx, [BDA_KBD_HEAD]
  1568 00000A72 740A                        je short .full
  1569 00000A74 8907                        mov [bx], ax
  1570 00000A76 89161C00                    mov [BDA_KBD_TAIL], dx
  1571 00000A7A F8                          clc
  1572 00000A7B 5A                          pop dx
  1573 00000A7C 5B                          pop bx
  1574 00000A7D C3                          ret
  1575                                  .full:
  1576 00000A7E F9                          stc
  1577 00000A7F 5A                          pop dx
  1578 00000A80 5B                          pop bx
  1579 00000A81 C3                          ret
  1580                                  
  1581                                  kbd_clear_buffer:
  1582 00000A82 A11C00                      mov ax, [BDA_KBD_TAIL]
  1583 00000A85 A31A00                      mov [BDA_KBD_HEAD], ax
  1584 00000A88 C3                          ret
  1585                                  
  1586                                  ; AX <- head word, CF set if empty.  Does not consume.
  1587                                  kbd_peek_ax:
  1588 00000A89 53                          push bx
  1589 00000A8A 8B1E1A00                    mov bx, [BDA_KBD_HEAD]
  1590 00000A8E 3B1E1C00                    cmp bx, [BDA_KBD_TAIL]
  1591 00000A92 7405                        je short .empty
  1592 00000A94 8B07                        mov ax, [bx]
  1593 00000A96 F8                          clc
  1594 00000A97 5B                          pop bx
  1595 00000A98 C3                          ret
  1596                                  .empty:
  1597 00000A99 F9                          stc
  1598 00000A9A 5B                          pop bx
  1599 00000A9B C3                          ret
  1600                                  
  1601                                  ; AX <- head word, CF set if empty.  Consumes.
  1602                                  kbd_dequeue_ax:
  1603 00000A9C 53                          push bx
  1604 00000A9D 52                          push dx
  1605 00000A9E 8B1E1A00                    mov bx, [BDA_KBD_HEAD]
  1606 00000AA2 3B1E1C00                    cmp bx, [BDA_KBD_TAIL]
  1607 00000AA6 7419                        je short .empty
  1608 00000AA8 8B07                        mov ax, [bx]
  1609 00000AAA 89DA                        mov dx, bx
  1610 00000AAC 83C202                      add dx, 2
  1611 00000AAF 3B168200                    cmp dx, [BDA_KBD_END]
  1612 00000AB3 7204                        jb short .save
  1613 00000AB5 8B168000                    mov dx, [BDA_KBD_START]
  1614                                  .save:
  1615 00000AB9 89161A00                    mov [BDA_KBD_HEAD], dx
  1616 00000ABD F8                          clc
  1617 00000ABE 5A                          pop dx
  1618 00000ABF 5B                          pop bx
  1619 00000AC0 C3                          ret
  1620                                  .empty:
  1621 00000AC1 F9                          stc
  1622 00000AC2 5A                          pop dx
  1623 00000AC3 5B                          pop bx
  1624 00000AC4 C3                          ret
  1625                                  
  1626                                  kbd_drop_head:
  1627 00000AC5 50                          push ax
  1628 00000AC6 E8D3FF                      call kbd_dequeue_ax
  1629 00000AC9 58                          pop ax
  1630 00000ACA C3                          ret
  1631                                  
  1632                                  ; Compatibility filtering used only by INT 16h AH=00/01.  Extended services
  1633                                  ; see the unfiltered queue word.
  1634                                  ; AX in/out, CF set = enhanced-only key should be discarded.
  1635                                  kbd_classic_filter:
  1636                                      ; IBM enhanced marker E0h becomes ASCII 00h for the 84-key interface.
  1637 00000ACB 3CE0                        cmp al, 0xE0
  1638 00000ACD 7502                        jne short .not_e0_marker
  1639 00000ACF 30C0                        xor al, al
  1640                                  .not_e0_marker:
  1641                                      ; Keypad Enter is represented E0h/0Dh (or E0h/0Ah under Ctrl).
  1642 00000AD1 80FCE0                      cmp ah, 0xE0
  1643 00000AD4 7514                        jne short .not_keypad_enter
  1644 00000AD6 3C0D                        cmp al, 0x0D
  1645 00000AD8 740C                        je short .map_enter
  1646 00000ADA 3C0A                        cmp al, 0x0A
  1647 00000ADC 7408                        je short .map_enter
  1648 00000ADE 3C2F                        cmp al, '/'
  1649 00000AE0 7508                        jne short .not_keypad_enter
  1650 00000AE2 B435                        mov ah, 0x35
  1651 00000AE4 F8                          clc
  1652 00000AE5 C3                          ret
  1653                                  .map_enter:
  1654 00000AE6 B41C                        mov ah, 0x1C
  1655 00000AE8 F8                          clc
  1656 00000AE9 C3                          ret
  1657                                  .not_keypad_enter:
  1658                                      ; F11/F12 combinations do not exist on the 84-key compatibility surface.
  1659 00000AEA 3C00                        cmp al, 0
  1660 00000AEC 750A                        jne short .keep
  1661 00000AEE 80FC85                      cmp ah, 0x85
  1662 00000AF1 7205                        jb short .keep
  1663 00000AF3 80FC8C                      cmp ah, 0x8C
  1664 00000AF6 7602                        jbe short .discard
  1665                                  .keep:
  1666 00000AF8 F8                          clc
  1667 00000AF9 C3                          ret
  1668                                  .discard:
  1669 00000AFA F9                          stc
  1670 00000AFB C3                          ret
  1671                                  
  1672                                  ; Extended read/status converts the historical F0h low-byte marker to zero.
  1673                                  kbd_extended_filter:
  1674 00000AFC 3CF0                        cmp al, 0xF0
  1675 00000AFE 7502                        jne short .done
  1676 00000B00 30C0                        xor al, al
  1677                                  .done:
  1678 00000B02 C3                          ret
  1679                                  
  1680                                  kbd_pause_tail:
  1681 00000B03 1D45E19DC5                  db 0x1D,0x45,0xE1,0x9D,0xC5
  1682                                  
  1683                                  ; CROMWELL KEYBOARD REALITY BRICK 2 END
  1684                                  
  1685 00000B08 CF                      default_int: iret
  1686                                  
  1687                                  int08:
  1688 00000B09 50                          push ax
  1689 00000B0A 1E                          push ds
  1690 00000B0B B84000                      mov ax, BDA_SEG
  1691 00000B0E 8ED8                        mov ds, ax
  1692 00000B10 FF066C00                    inc word [0x6C]
  1693 00000B14 7504                        jne .check_midnight
  1694 00000B16 FF066E00                    inc word [0x6E]
  1695                                  .check_midnight:
  1696 00000B1A 833E6E0018                  cmp word [0x6E], TICKS_PER_DAY_HIGH
  1697 00000B1F 7219                        jb .eoi
  1698 00000B21 7708                        ja .midnight
  1699 00000B23 813E6C00B000                cmp word [0x6C], TICKS_PER_DAY_LOW
  1700 00000B29 720F                        jb .eoi
  1701                                  .midnight:
  1702 00000B2B 812E6C00B000                sub word [0x6C], TICKS_PER_DAY_LOW
  1703 00000B31 831E6E0018                  sbb word [0x6E], TICKS_PER_DAY_HIGH
  1704 00000B36 FE067000                    inc byte [0x70]                ; midnight rollover flag/counter
  1705                                  .eoi:
  1706 00000B3A B020                        mov al, 0x20
  1707 00000B3C E620                        out 0x20, al
  1708 00000B3E 1F                          pop ds
  1709 00000B3F 58                          pop ax
  1710 00000B40 CF                          iret
  1711                                  
  1712                                  ; CROMWELL KEYBOARD REALITY BRICK 2 IRQ1 BEGIN
  1713                                  int09:
  1714 00000B41 50                          push ax
  1715 00000B42 53                          push bx
  1716 00000B43 51                          push cx
  1717 00000B44 52                          push dx
  1718 00000B45 56                          push si
  1719 00000B46 57                          push di
  1720 00000B47 1E                          push ds
  1721 00000B48 06                          push es
  1722                                  
  1723 00000B49 E460                        in al, 0x60
  1724 00000B4B 88C2                        mov dl, al
  1725                                  
  1726 00000B4D B84000                      mov ax, BDA_SEG
  1727 00000B50 8ED8                        mov ds, ax
  1728 00000B52 B8C09F                      mov ax, EBDA_SEG
  1729 00000B55 8EC0                        mov es, ax
  1730                                  
  1731                                      ; Keyboard command responses are protocol traffic, not scan codes.  When
  1732                                      ; IRQ1 wins the race with a foreground BIOS ED/F3/F0 transaction, record
  1733                                      ; the response for kbd_runtime_send and consume it here.  This is the IBM
  1734                                      ; BIOS BDA command-completion handshake; passing FAh/FEh into the ordinary
  1735                                      ; Set-1 decoder both loses the acknowledgement and corrupts key state.
  1736 00000B57 80FAFA                      cmp dl, 0xFA
  1737 00000B5A 7507                        jne short .not_command_ack
  1738 00000B5C 800E970010                  or byte [BDA_KBD_STATUS4], 0x10
  1739 00000B61 EB22                        jmp .complete
  1740                                  .not_command_ack:
  1741 00000B63 80FAFE                      cmp dl, 0xFE
  1742 00000B66 7507                        jne short .scan_byte
  1743 00000B68 800E970020                  or byte [BDA_KBD_STATUS4], 0x20
  1744 00000B6D EB16                        jmp .complete
  1745                                  .scan_byte:
  1746                                  
  1747                                      ; Give ROM extensions/keyboard drivers the documented scan-code intercept.
  1748                                      ; Default INT 15/AH=4F returns CF set, meaning BIOS continues processing.
  1749 00000B6F 88D0                        mov al, dl
  1750 00000B71 B44F                        mov ah, 0x4F
  1751 00000B73 F9                          stc
  1752 00000B74 CD15                        int 0x15
  1753                                      J286_NC .complete
    49 00000B76 7202                <1>  jc short %%skip
    50 00000B78 EB0B                <1>  jmp %1
    51                              <1> %%skip:
  1754 00000B7A 88C2                        mov dl, al
  1755                                  
  1756 00000B7C 88D0                        mov al, dl
  1757 00000B7E E83800                      call kbd_process_scan
  1758                                      J286_C .pause_wait
    29 00000B81 7302                <1>  jnc short %%skip
    30 00000B83 EB12                <1>  jmp %1
    31                              <1> %%skip:
  1759                                  
  1760                                  .complete:
  1761                                      ; Device-interrupt-complete notification for keyboard device class 02h.
  1762 00000B85 B80291                      mov ax, 0x9102
  1763 00000B88 CD15                        int 0x15
  1764 00000B8A B020                        mov al, 0x20
  1765 00000B8C E620                        out 0x20, al
  1766 00000B8E 07                          pop es
  1767 00000B8F 1F                          pop ds
  1768 00000B90 5F                          pop di
  1769 00000B91 5E                          pop si
  1770 00000B92 5A                          pop dx
  1771 00000B93 59                          pop cx
  1772 00000B94 5B                          pop bx
  1773 00000B95 58                          pop ax
  1774 00000B96 CF                          iret
  1775                                  
  1776                                  .pause_wait:
  1777                                      ; Pause is implemented as BIOS suspension, not as a synthetic key.  EOI this
  1778                                      ; IRQ, restore caller-visible registers, then allow a nested IRQ1 to clear
  1779                                      ; BDA pause-active bit 3 on the next make code.
  1780 00000B97 B020                        mov al, 0x20
  1781 00000B99 E620                        out 0x20, al
  1782 00000B9B 07                          pop es
  1783 00000B9C 1F                          pop ds
  1784 00000B9D 5F                          pop di
  1785 00000B9E 5E                          pop si
  1786 00000B9F 5A                          pop dx
  1787 00000BA0 59                          pop cx
  1788 00000BA1 5B                          pop bx
  1789 00000BA2 58                          pop ax
  1790                                  
  1791 00000BA3 50                          push ax
  1792 00000BA4 1E                          push ds
  1793 00000BA5 B84000                      mov ax, BDA_SEG
  1794 00000BA8 8ED8                        mov ds, ax
  1795 00000BAA FB                          sti
  1796                                  .pause_loop:
  1797 00000BAB F606180008                  test byte [BDA_KBD_FLAGS2], 0x08
  1798 00000BB0 7403                        jz short .pause_done
  1799 00000BB2 F4                          hlt
  1800 00000BB3 EBF6                        jmp short .pause_loop
  1801                                  .pause_done:
  1802 00000BB5 FA                          cli
  1803 00000BB6 1F                          pop ds
  1804 00000BB7 58                          pop ax
  1805 00000BB8 CF                          iret
  1806                                  
  1807                                  ; Process one translated Set-1 byte from the 8042.
  1808                                  ; DS=BDA, ES=EBDA.  CF set requests the outer Pause wait.
  1809                                  kbd_process_scan:
  1810 00000BB9 F8                          clc
  1811                                  
  1812                                      ; Continue the exact E1 Pause sequence if one is active.
  1813 00000BBA 26803EF80300                cmp byte [es:KBW_E1_INDEX], 0
  1814 00000BC0 7441                        je short .prefix_check
  1815 00000BC2 31DB                        xor bx, bx
  1816 00000BC4 268A1EF803                  mov bl, [es:KBW_E1_INDEX]
  1817 00000BC9 FECB                        dec bl
  1818 00000BCB 80FB05                      cmp bl, 5
  1819 00000BCE 7326                        jae short .bad_e1
  1820 00000BD0 2E3A97[030B]                cmp dl, [cs:kbd_pause_tail+bx]
  1820          ******************       warning: 16-bit absolute section-crossing relocation [-w+reloc-abs-word]
  1821 00000BD5 751F                        jne short .bad_e1
  1822 00000BD7 26FE06F803                  inc byte [es:KBW_E1_INDEX]
  1823 00000BDC 26803EF80306                cmp byte [es:KBW_E1_INDEX], 6
  1824 00000BE2 7263                        jb short .ignore
  1825 00000BE4 26C606F80300                mov byte [es:KBW_E1_INDEX], 0
  1826 00000BEA 80269600FE                  and byte [BDA_KBD_STATUS3], 0xFE
  1827 00000BEF 800E180008                  or byte [BDA_KBD_FLAGS2], 0x08
  1828 00000BF4 F9                          stc
  1829 00000BF5 C3                          ret
  1830                                  .bad_e1:
  1831 00000BF6 26C606F80300                mov byte [es:KBW_E1_INDEX], 0
  1832 00000BFC 80269600FE                  and byte [BDA_KBD_STATUS3], 0xFE
  1833 00000C01 F8                          clc
  1834 00000C02 C3                          ret
  1835                                  
  1836                                  .prefix_check:
  1837 00000C03 80FAE1                      cmp dl, 0xE1
  1838 00000C06 750C                        jne short .not_e1
  1839 00000C08 800E960001                  or byte [BDA_KBD_STATUS3], 1
  1840 00000C0D 26C606F80301                mov byte [es:KBW_E1_INDEX], 1
  1841 00000C13 C3                          ret
  1842                                  .not_e1:
  1843 00000C14 80FAE0                      cmp dl, 0xE0
  1844 00000C17 7506                        jne short .not_e0
  1845 00000C19 800E960002                  or byte [BDA_KBD_STATUS3], 2
  1846 00000C1E C3                          ret
  1847                                  .not_e0:
  1848                                  
  1849                                      ; A nested IRQ1 while Pause is active resumes execution and consumes the
  1850                                      ; resume key.  Break codes do not resume it.
  1851 00000C1F F606180008                  test byte [BDA_KBD_FLAGS2], 0x08
  1852 00000C24 740B                        jz short .capture_e0
  1853 00000C26 F6C280                      test dl, 0x80
  1854 00000C29 751C                        jnz short .ignore
  1855 00000C2B 80261800F7                  and byte [BDA_KBD_FLAGS2], 0xF7
  1856 00000C30 C3                          ret
  1857                                  
  1858                                  .capture_e0:
  1859 00000C31 8A369600                    mov dh, [BDA_KBD_STATUS3]
  1860 00000C35 80E602                      and dh, 2
  1861 00000C38 80269600FD                  and byte [BDA_KBD_STATUS3], 0xFD
  1862 00000C3D F6C602                      test dh, 2
  1863                                      J286_E .ordinary
    14 00000C40 7503                <1>  jne short %%skip
    15 00000C42 E9A801              <1>  jmp %1
    16                              <1> %%skip:
  1864 00000C45 EB02                        jmp .extended
  1865                                  
  1866                                  .ignore:
  1867 00000C47 F8                          clc
  1868 00000C48 C3                          ret
  1869                                  
  1870                                  ; ---------------------------------------------------------------------------
  1871                                  ; E0-prefixed translated Set-1
  1872                                  ; ---------------------------------------------------------------------------
  1873                                  .extended:
  1874 00000C49 88D3                        mov bl, dl
  1875 00000C4B 80E37F                      and bl, 0x7F
  1876                                  
  1877                                      ; Artificial shift bytes generated around PrintScreen/navigation are not
  1878                                      ; physical Shift changes.
  1879 00000C4E 80FB2A                      cmp bl, 0x2A
  1880                                      J286_E .ignore
    14 00000C51 7502                <1>  jne short %%skip
    15 00000C53 EBF2                <1>  jmp %1
    16                              <1> %%skip:
  1881 00000C55 80FB36                      cmp bl, 0x36
  1882                                      J286_E .ignore
    14 00000C58 7502                <1>  jne short %%skip
    15 00000C5A EBEB                <1>  jmp %1
    16                              <1> %%skip:
  1883                                  
  1884 00000C5C 80FB1D                      cmp bl, 0x1D
  1885 00000C5F 7524                        jne short .ext_not_ctrl
  1886 00000C61 F6C280                      test dl, 0x80
  1887 00000C64 750B                        jnz short .rctrl_up
  1888 00000C66 800E960004                  or byte [BDA_KBD_STATUS3], 0x04
  1889 00000C6B 800E170004                  or byte [BDA_KBD_FLAGS1], 0x04
  1890 00000C70 C3                          ret
  1891                                  .rctrl_up:
  1892 00000C71 80269600FB                  and byte [BDA_KBD_STATUS3], 0xFB
  1893 00000C76 F606180001                  test byte [BDA_KBD_FLAGS2], 0x01
  1894                                      J286_NE .ignore
    19 00000C7B 7402                <1>  je short %%skip
    20 00000C7D EBC8                <1>  jmp %1
    21                              <1> %%skip:
  1895 00000C7F 80261700FB                  and byte [BDA_KBD_FLAGS1], 0xFB
  1896 00000C84 C3                          ret
  1897                                  
  1898                                  .ext_not_ctrl:
  1899 00000C85 80FB38                      cmp bl, 0x38
  1900 00000C88 7527                        jne short .ext_not_alt
  1901 00000C8A F6C280                      test dl, 0x80
  1902 00000C8D 750B                        jnz short .ralt_up
  1903 00000C8F 800E960008                  or byte [BDA_KBD_STATUS3], 0x08
  1904 00000C94 800E170008                  or byte [BDA_KBD_FLAGS1], 0x08
  1905 00000C99 C3                          ret
  1906                                  .ralt_up:
  1907 00000C9A 80269600F7                  and byte [BDA_KBD_STATUS3], 0xF7
  1908 00000C9F F606180002                  test byte [BDA_KBD_FLAGS2], 0x02
  1909                                      J286_NE .ignore
    19 00000CA4 7402                <1>  je short %%skip
    20 00000CA6 EB9F                <1>  jmp %1
    21                              <1> %%skip:
  1910 00000CA8 80261700F7                  and byte [BDA_KBD_FLAGS1], 0xF7
  1911 00000CAD E8D904                      call kbd_finish_alt_numpad
  1912 00000CB0 C3                          ret
  1913                                  
  1914                                  .ext_not_alt:
  1915 00000CB1 80FB1C                      cmp bl, 0x1C
  1916 00000CB4 7525                        jne short .ext_not_enter
  1917 00000CB6 F6C280                      test dl, 0x80
  1918                                      J286_NE .ignore
    19 00000CB9 7402                <1>  je short %%skip
    20 00000CBB EB8A                <1>  jmp %1
    21                              <1> %%skip:
  1919 00000CBD F606170008                  test byte [BDA_KBD_FLAGS1], 0x08
  1920 00000CC2 7510                        jnz short .ext_enter_alt
  1921 00000CC4 B80DE0                      mov ax, 0xE00D
  1922 00000CC7 F606170004                  test byte [BDA_KBD_FLAGS1], 0x04
  1923 00000CCC 7402                        jz short .ext_enter_queue
  1924 00000CCE B00A                        mov al, 0x0A
  1925                                  .ext_enter_queue:
  1926 00000CD0 E886FD                      call kbd_enqueue_ax
  1927 00000CD3 C3                          ret
  1928                                  .ext_enter_alt:
  1929 00000CD4 B800A6                      mov ax, 0xA600
  1930 00000CD7 E87FFD                      call kbd_enqueue_ax
  1931 00000CDA C3                          ret
  1932                                  
  1933                                  .ext_not_enter:
  1934 00000CDB 80FB35                      cmp bl, 0x35
  1935 00000CDE 752B                        jne short .ext_not_divide
  1936 00000CE0 F6C280                      test dl, 0x80
  1937                                      J286_NE .ignore
    19 00000CE3 7403                <1>  je short %%skip
    20 00000CE5 E95FFF              <1>  jmp %1
    21                              <1> %%skip:
  1938 00000CE8 F606170008                  test byte [BDA_KBD_FLAGS1], 0x08
  1939 00000CED 7515                        jnz short .ext_div_alt
  1940 00000CEF F606170004                  test byte [BDA_KBD_FLAGS1], 0x04
  1941 00000CF4 7507                        jnz short .ext_div_ctrl
  1942 00000CF6 B82FE0                      mov ax, 0xE02F
  1943 00000CF9 E85DFD                      call kbd_enqueue_ax
  1944 00000CFC C3                          ret
  1945                                  .ext_div_ctrl:
  1946 00000CFD B80095                      mov ax, 0x9500
  1947 00000D00 E856FD                      call kbd_enqueue_ax
  1948 00000D03 C3                          ret
  1949                                  .ext_div_alt:
  1950 00000D04 B800A4                      mov ax, 0xA400
  1951 00000D07 E84FFD                      call kbd_enqueue_ax
  1952 00000D0A C3                          ret
  1953                                  
  1954                                  .ext_not_divide:
  1955 00000D0B 80FB37                      cmp bl, 0x37
  1956 00000D0E 750B                        jne short .ext_not_prtsc
  1957 00000D10 F6C280                      test dl, 0x80
  1958                                      J286_NE .ignore
    19 00000D13 7403                <1>  je short %%skip
    20 00000D15 E92FFF              <1>  jmp %1
    21                              <1> %%skip:
  1959 00000D18 CD05                        int 0x05
  1960 00000D1A C3                          ret
  1961                                  
  1962                                  .ext_not_prtsc:
  1963 00000D1B 80FB46                      cmp bl, 0x46
  1964 00000D1E 751A                        jne short .ext_not_break
  1965 00000D20 F6C280                      test dl, 0x80
  1966                                      J286_NE .ignore
    19 00000D23 7403                <1>  je short %%skip
    20 00000D25 E91FFF              <1>  jmp %1
    21                              <1> %%skip:
  1967 00000D28 F606170004                  test byte [BDA_KBD_FLAGS1], 0x04
  1968 00000D2D 7404                        jz short .ext_pause
  1969 00000D2F E84704                      call kbd_ctrl_break
  1970 00000D32 C3                          ret
  1971                                  .ext_pause:
  1972 00000D33 800E180008                  or byte [BDA_KBD_FLAGS2], 0x08
  1973 00000D38 F9                          stc
  1974 00000D39 C3                          ret
  1975                                  
  1976                                  .ext_not_break:
  1977 00000D3A 80FB47                      cmp bl, 0x47
  1978                                      J286_B .ignore
    34 00000D3D 7303                <1>  jae short %%skip
    35 00000D3F E905FF              <1>  jmp %1
    36                              <1> %%skip:
  1979 00000D42 80FB53                      cmp bl, 0x53
  1980                                      J286_A .ignore
    44 00000D45 7603                <1>  jbe short %%skip
    45 00000D47 E9FDFE              <1>  jmp %1
    46                              <1> %%skip:
  1981 00000D4A 80FB4A                      cmp bl, 0x4A
  1982                                      J286_E .ignore
    14 00000D4D 7503                <1>  jne short %%skip
    15 00000D4F E9F5FE              <1>  jmp %1
    16                              <1> %%skip:
  1983 00000D52 80FB4C                      cmp bl, 0x4C
  1984                                      J286_E .ignore
    14 00000D55 7503                <1>  jne short %%skip
    15 00000D57 E9EDFE              <1>  jmp %1
    16                              <1> %%skip:
  1985 00000D5A 80FB4E                      cmp bl, 0x4E
  1986                                      J286_E .ignore
    14 00000D5D 7503                <1>  jne short %%skip
    15 00000D5F E9E5FE              <1>  jmp %1
    16                              <1> %%skip:
  1987                                  
  1988 00000D62 F6C280                      test dl, 0x80
  1989 00000D65 7578                        jnz short .ext_nav_break
  1990                                  
  1991                                      ; Ctrl+Alt+Delete requests a real 8042 RESET# pulse.
  1992 00000D67 80FB53                      cmp bl, 0x53
  1993 00000D6A 750D                        jne short .ext_no_reset
  1994 00000D6C A01700                      mov al, [BDA_KBD_FLAGS1]
  1995 00000D6F 240C                        and al, 0x0C
  1996 00000D71 3C0C                        cmp al, 0x0C
  1997 00000D73 7504                        jne short .ext_no_reset
  1998 00000D75 E82D04                      call kbd_warm_reset
  1999 00000D78 C3                          ret
  2000                                  .ext_no_reset:
  2001                                  
  2002 00000D79 80FB52                      cmp bl, 0x52
  2003 00000D7C 7511                        jne short .ext_nav_translate
  2004 00000D7E F606180080                  test byte [BDA_KBD_FLAGS2], 0x80
  2005 00000D83 750A                        jnz short .ext_nav_translate
  2006 00000D85 800E180080                  or byte [BDA_KBD_FLAGS2], 0x80
  2007 00000D8A 8036170080                  xor byte [BDA_KBD_FLAGS1], 0x80
  2008                                  
  2009                                  .ext_nav_translate:
  2010 00000D8F F606170008                  test byte [BDA_KBD_FLAGS1], 0x08
  2011 00000D94 752C                        jnz short .ext_nav_alt
  2012 00000D96 F606170004                  test byte [BDA_KBD_FLAGS1], 0x04
  2013 00000D9B 7508                        jnz short .ext_nav_ctrl
  2014 00000D9D 88DC                        mov ah, bl
  2015 00000D9F B0E0                        mov al, 0xE0
  2016 00000DA1 E8B5FC                      call kbd_enqueue_ax
  2017 00000DA4 C3                          ret
  2018                                  
  2019                                  .ext_nav_ctrl:
  2020 00000DA5 31DB                        xor bx, bx
  2021 00000DA7 88D3                        mov bl, dl
  2022 00000DA9 80E37F                      and bl, 0x7F
  2023 00000DAC 80EB47                      sub bl, 0x47
  2024 00000DAF 2E8AA7[B411]                mov ah, [cs:kbd_nav_ctrl+bx]
  2024          ******************       warning: 16-bit absolute section-crossing relocation [-w+reloc-abs-word]
  2025 00000DB4 80FC00                      cmp ah, 0
  2026                                      J286_E .ignore
    14 00000DB7 7503                <1>  jne short %%skip
    15 00000DB9 E98BFE              <1>  jmp %1
    16                              <1> %%skip:
  2027 00000DBC B0E0                        mov al, 0xE0
  2028 00000DBE E898FC                      call kbd_enqueue_ax
  2029 00000DC1 C3                          ret
  2030                                  
  2031                                  .ext_nav_alt:
  2032 00000DC2 31DB                        xor bx, bx
  2033 00000DC4 88D3                        mov bl, dl
  2034 00000DC6 80E37F                      and bl, 0x7F
  2035 00000DC9 80EB47                      sub bl, 0x47
  2036 00000DCC 2E8AA7[C111]                mov ah, [cs:kbd_nav_alt+bx]
  2036          ******************       warning: 16-bit absolute section-crossing relocation [-w+reloc-abs-word]
  2037 00000DD1 80FC00                      cmp ah, 0
  2038                                      J286_E .ignore
    14 00000DD4 7503                <1>  jne short %%skip
    15 00000DD6 E96EFE              <1>  jmp %1
    16                              <1> %%skip:
  2039 00000DD9 30C0                        xor al, al
  2040 00000DDB E87BFC                      call kbd_enqueue_ax
  2041 00000DDE C3                          ret
  2042                                  
  2043                                  .ext_nav_break:
  2044 00000DDF 80FB52                      cmp bl, 0x52
  2045                                      J286_NE .ignore
    19 00000DE2 7403                <1>  je short %%skip
    20 00000DE4 E960FE              <1>  jmp %1
    21                              <1> %%skip:
  2046 00000DE7 802618007F                  and byte [BDA_KBD_FLAGS2], 0x7F
  2047 00000DEC C3                          ret
  2048                                  
  2049                                  ; ---------------------------------------------------------------------------
  2050                                  ; Non-E0 translated Set-1
  2051                                  ; ---------------------------------------------------------------------------
  2052                                  .ordinary:
  2053 00000DED 88D3                        mov bl, dl
  2054 00000DEF 80E37F                      and bl, 0x7F
  2055                                  
  2056 00000DF2 F6C280                      test dl, 0x80
  2057                                      J286_NE .ordinary_break
    19 00000DF5 7403                <1>  je short %%skip
    20 00000DF7 E9F202              <1>  jmp %1
    21                              <1> %%skip:
  2058                                  
  2059                                      ; Shift keys
  2060 00000DFA 80FB2A                      cmp bl, 0x2A
  2061 00000DFD 7506                        jne short .not_lshift
  2062 00000DFF 800E170002                  or byte [BDA_KBD_FLAGS1], 0x02
  2063 00000E04 C3                          ret
  2064                                  .not_lshift:
  2065 00000E05 80FB36                      cmp bl, 0x36
  2066 00000E08 7506                        jne short .not_rshift
  2067 00000E0A 800E170001                  or byte [BDA_KBD_FLAGS1], 0x01
  2068 00000E0F C3                          ret
  2069                                  .not_rshift:
  2070                                  
  2071                                      ; Left Ctrl / Alt.  Overall Ctrl/Alt bits remain set while either side is held.
  2072 00000E10 80FB1D                      cmp bl, 0x1D
  2073 00000E13 750B                        jne short .not_lctrl
  2074 00000E15 800E180001                  or byte [BDA_KBD_FLAGS2], 0x01
  2075 00000E1A 800E170004                  or byte [BDA_KBD_FLAGS1], 0x04
  2076 00000E1F C3                          ret
  2077                                  .not_lctrl:
  2078 00000E20 80FB38                      cmp bl, 0x38
  2079 00000E23 750B                        jne short .not_lalt
  2080 00000E25 800E180002                  or byte [BDA_KBD_FLAGS2], 0x02
  2081 00000E2A 800E170008                  or byte [BDA_KBD_FLAGS1], 0x08
  2082 00000E2F C3                          ret
  2083                                  .not_lalt:
  2084                                  
  2085                                      ; Alt+PrintScreen is SysReq (translated make 54h).
  2086 00000E30 80FB54                      cmp bl, 0x54
  2087 00000E33 750C                        jne short .not_sysreq
  2088 00000E35 800E180004                  or byte [BDA_KBD_FLAGS2], 0x04
  2089 00000E3A 30C0                        xor al, al
  2090 00000E3C B485                        mov ah, 0x85
  2091 00000E3E CD15                        int 0x15
  2092 00000E40 C3                          ret
  2093                                  .not_sysreq:
  2094                                  
  2095                                      ; Ctrl+Alt+Delete from the numeric pad as well as dedicated Delete.
  2096 00000E41 80FB53                      cmp bl, 0x53
  2097 00000E44 750D                        jne short .not_reset
  2098 00000E46 A01700                      mov al, [BDA_KBD_FLAGS1]
  2099 00000E49 240C                        and al, 0x0C
  2100 00000E4B 3C0C                        cmp al, 0x0C
  2101 00000E4D 7504                        jne short .not_reset
  2102 00000E4F E85303                      call kbd_warm_reset
  2103 00000E52 C3                          ret
  2104                                  .not_reset:
  2105                                  
  2106                                      ; Ctrl+ScrollLock = Break; Ctrl+NumLock = Pause.
  2107 00000E53 80FB46                      cmp bl, 0x46
  2108 00000E56 750B                        jne short .not_ctrl_scroll
  2109 00000E58 F606170004                  test byte [BDA_KBD_FLAGS1], 0x04
  2110 00000E5D 7434                        jz short .scroll_lock
  2111 00000E5F E81703                      call kbd_ctrl_break
  2112 00000E62 C3                          ret
  2113                                  .not_ctrl_scroll:
  2114 00000E63 80FB45                      cmp bl, 0x45
  2115 00000E66 750E                        jne short .not_ctrl_num
  2116 00000E68 F606170004                  test byte [BDA_KBD_FLAGS1], 0x04
  2117 00000E6D 7441                        jz short .num_lock
  2118 00000E6F 800E180008                  or byte [BDA_KBD_FLAGS2], 0x08
  2119 00000E74 F9                          stc
  2120 00000E75 C3                          ret
  2121                                  .not_ctrl_num:
  2122                                  
  2123 00000E76 80FB3A                      cmp bl, 0x3A
  2124 00000E79 7518                        jne short .not_caps
  2125 00000E7B F606180040                  test byte [BDA_KBD_FLAGS2], 0x40
  2126                                      J286_NE .ignore
    19 00000E80 7403                <1>  je short %%skip
    20 00000E82 E9C2FD              <1>  jmp %1
    21                              <1> %%skip:
  2127 00000E85 800E180040                  or byte [BDA_KBD_FLAGS2], 0x40
  2128 00000E8A 8036170040                  xor byte [BDA_KBD_FLAGS1], 0x40
  2129 00000E8F E84AFB                      call kbd_update_leds
  2130 00000E92 C3                          ret
  2131                                  .not_caps:
  2132                                  
  2133                                  .scroll_lock:
  2134 00000E93 80FB46                      cmp bl, 0x46
  2135 00000E96 7518                        jne short .num_lock
  2136 00000E98 F606180010                  test byte [BDA_KBD_FLAGS2], 0x10
  2137                                      J286_NE .ignore
    19 00000E9D 7403                <1>  je short %%skip
    20 00000E9F E9A5FD              <1>  jmp %1
    21                              <1> %%skip:
  2138 00000EA2 800E180010                  or byte [BDA_KBD_FLAGS2], 0x10
  2139 00000EA7 8036170010                  xor byte [BDA_KBD_FLAGS1], 0x10
  2140 00000EAC E82DFB                      call kbd_update_leds
  2141 00000EAF C3                          ret
  2142                                  
  2143                                  .num_lock:
  2144 00000EB0 80FB45                      cmp bl, 0x45
  2145 00000EB3 7518                        jne short .not_num_lock
  2146 00000EB5 F606180020                  test byte [BDA_KBD_FLAGS2], 0x20
  2147                                      J286_NE .ignore
    19 00000EBA 7403                <1>  je short %%skip
    20 00000EBC E988FD              <1>  jmp %1
    21                              <1> %%skip:
  2148 00000EBF 800E180020                  or byte [BDA_KBD_FLAGS2], 0x20
  2149 00000EC4 8036170020                  xor byte [BDA_KBD_FLAGS1], 0x20
  2150 00000EC9 E810FB                      call kbd_update_leds
  2151 00000ECC C3                          ret
  2152                                  .not_num_lock:
  2153                                  
  2154                                      ; Function keys
  2155 00000ECD 80FB3B                      cmp bl, 0x3B
  2156 00000ED0 7215                        jb short .not_function
  2157 00000ED2 80FB44                      cmp bl, 0x44
  2158                                      J286_BE .function_f1_f10
    39 00000ED5 7702                <1>  ja short %%skip
    40 00000ED7 EB20                <1>  jmp %1
    41                              <1> %%skip:
  2159 00000ED9 80FB57                      cmp bl, 0x57
  2160                                      J286_E .function_f11
    14 00000EDC 7502                <1>  jne short %%skip
    15 00000EDE EB4B                <1>  jmp %1
    16                              <1> %%skip:
  2161 00000EE0 80FB58                      cmp bl, 0x58
  2162                                      J286_E .function_f12
    14 00000EE3 7502                <1>  jne short %%skip
    15 00000EE5 EB48                <1>  jmp %1
    16                              <1> %%skip:
  2163                                  .not_function:
  2164                                  
  2165                                      ; Numeric keypad and navigation cluster (unprefixed).
  2166 00000EE7 80FB47                      cmp bl, 0x47
  2167                                      J286_B .regular_ascii
    34 00000EEA 7303                <1>  jae short %%skip
    35 00000EEC E93801              <1>  jmp %1
    36                              <1> %%skip:
  2168 00000EEF 80FB53                      cmp bl, 0x53
  2169                                      J286_BE .keypad
    39 00000EF2 7702                <1>  ja short %%skip
    40 00000EF4 EB6B                <1>  jmp %1
    41                              <1> %%skip:
  2170 00000EF6 E94EFD                      jmp .ignore
  2171                                  
  2172                                  .function_f1_f10:
  2173 00000EF9 88DC                        mov ah, bl
  2174 00000EFB 30C0                        xor al, al
  2175 00000EFD F606170008                  test byte [BDA_KBD_FLAGS1], 0x08
  2176 00000F02 7520                        jnz short .f_alt
  2177 00000F04 F606170004                  test byte [BDA_KBD_FLAGS1], 0x04
  2178 00000F09 7512                        jnz short .f_ctrl
  2179 00000F0B F606170003                  test byte [BDA_KBD_FLAGS1], 0x03
  2180 00000F10 7504                        jnz short .f_shift
  2181 00000F12 E844FB                      call kbd_enqueue_ax
  2182 00000F15 C3                          ret
  2183                                  .f_shift:
  2184 00000F16 80C419                      add ah, 0x19                     ; 3B->54
  2185 00000F19 E83DFB                      call kbd_enqueue_ax
  2186 00000F1C C3                          ret
  2187                                  .f_ctrl:
  2188 00000F1D 80C423                      add ah, 0x23                     ; 3B->5E
  2189 00000F20 E836FB                      call kbd_enqueue_ax
  2190 00000F23 C3                          ret
  2191                                  .f_alt:
  2192 00000F24 80C42D                      add ah, 0x2D                     ; 3B->68
  2193 00000F27 E82FFB                      call kbd_enqueue_ax
  2194 00000F2A C3                          ret
  2195                                  
  2196                                  .function_f11:
  2197 00000F2B B485                        mov ah, 0x85
  2198 00000F2D EB02                        jmp short .f11_12_common
  2199                                  .function_f12:
  2200 00000F2F B486                        mov ah, 0x86
  2201                                  .f11_12_common:
  2202 00000F31 30C0                        xor al, al
  2203 00000F33 F606170008                  test byte [BDA_KBD_FLAGS1], 0x08
  2204 00000F38 7520                        jnz short .f11_alt
  2205 00000F3A F606170004                  test byte [BDA_KBD_FLAGS1], 0x04
  2206 00000F3F 7512                        jnz short .f11_ctrl
  2207 00000F41 F606170003                  test byte [BDA_KBD_FLAGS1], 0x03
  2208 00000F46 7504                        jnz short .f11_shift
  2209 00000F48 E80EFB                      call kbd_enqueue_ax
  2210 00000F4B C3                          ret
  2211                                  .f11_shift:
  2212 00000F4C 80C402                      add ah, 2
  2213 00000F4F E807FB                      call kbd_enqueue_ax
  2214 00000F52 C3                          ret
  2215                                  .f11_ctrl:
  2216 00000F53 80C404                      add ah, 4
  2217 00000F56 E800FB                      call kbd_enqueue_ax
  2218 00000F59 C3                          ret
  2219                                  .f11_alt:
  2220 00000F5A 80C406                      add ah, 6
  2221 00000F5D E8F9FA                      call kbd_enqueue_ax
  2222 00000F60 C3                          ret
  2223                                  
  2224                                  .keypad:
  2225                                      ; Keypad math keys are direct characters except while Alt is used.
  2226 00000F61 80FB4A                      cmp bl, 0x4A
  2227 00000F64 7507                        jne short .kp_not_minus
  2228 00000F66 B82D4A                      mov ax, 0x4A2D
  2229 00000F69 E8EDFA                      call kbd_enqueue_ax
  2230 00000F6C C3                          ret
  2231                                  .kp_not_minus:
  2232 00000F6D 80FB4E                      cmp bl, 0x4E
  2233 00000F70 7507                        jne short .kp_not_plus
  2234 00000F72 B82B4E                      mov ax, 0x4E2B
  2235 00000F75 E8E1FA                      call kbd_enqueue_ax
  2236 00000F78 C3                          ret
  2237                                  .kp_not_plus:
  2238                                  
  2239                                      ; Alt+numeric keypad accumulates a decimal byte and emits it on Alt release.
  2240 00000F79 F606170008                  test byte [BDA_KBD_FLAGS1], 0x08
  2241 00000F7E 742C                        jz short .kp_not_alt
  2242 00000F80 31DB                        xor bx, bx
  2243 00000F82 88D3                        mov bl, dl
  2244 00000F84 80E37F                      and bl, 0x7F
  2245 00000F87 80EB47                      sub bl, 0x47
  2246 00000F8A 2E8A8F[CE11]                mov cl, [cs:kbd_keypad_digit+bx]
  2246          ******************       warning: 16-bit absolute section-crossing relocation [-w+reloc-abs-word]
  2247 00000F8F 80F9FF                      cmp cl, 0xFF
  2248                                      J286_E .ignore
    14 00000F92 7503                <1>  jne short %%skip
    15 00000F94 E9B0FC              <1>  jmp %1
    16                              <1> %%skip:
  2249 00000F97 A01900                      mov al, [BDA_ALT_NUMPAD]
  2250 00000F9A B400                        mov ah, 0
  2251 00000F9C B50A                        mov ch, 10
  2252 00000F9E F6E5                        mul ch
  2253 00000FA0 00C8                        add al, cl
  2254 00000FA2 A21900                      mov [BDA_ALT_NUMPAD], al
  2255 00000FA5 26C606F90301                mov byte [es:KBW_ALT_NUM_ACTIVE], 1
  2256 00000FAB C3                          ret
  2257                                  .kp_not_alt:
  2258                                  
  2259                                      ; Ctrl keypad navigation uses the IBM enhanced control scan codes.
  2260 00000FAC F606170004                  test byte [BDA_KBD_FLAGS1], 0x04
  2261 00000FB1 741D                        jz short .kp_num_mode
  2262 00000FB3 31DB                        xor bx, bx
  2263 00000FB5 88D3                        mov bl, dl
  2264 00000FB7 80E37F                      and bl, 0x7F
  2265 00000FBA 80EB47                      sub bl, 0x47
  2266 00000FBD 2E8AA7[B411]                mov ah, [cs:kbd_nav_ctrl+bx]
  2266          ******************       warning: 16-bit absolute section-crossing relocation [-w+reloc-abs-word]
  2267 00000FC2 80FC00                      cmp ah, 0
  2268                                      J286_E .ignore
    14 00000FC5 7503                <1>  jne short %%skip
    15 00000FC7 E97DFC              <1>  jmp %1
    16                              <1> %%skip:
  2269 00000FCA 30C0                        xor al, al
  2270 00000FCC E88AFA                      call kbd_enqueue_ax
  2271 00000FCF C3                          ret
  2272                                  
  2273                                  .kp_num_mode:
  2274                                      ; Numeric mode is NumLock XOR Shift.
  2275 00000FD0 A01700                      mov al, [BDA_KBD_FLAGS1]
  2276 00000FD3 88C4                        mov ah, al
  2277 00000FD5 2420                        and al, 0x20
  2278 00000FD7 80E403                      and ah, 0x03
  2279 00000FDA 3C00                        cmp al, 0
  2280 00000FDC 7407                        je short .kp_num_off
  2281 00000FDE 80FC00                      cmp ah, 0
  2282 00000FE1 7425                        je short .kp_numeric
  2283 00000FE3 EB05                        jmp short .kp_navigation
  2284                                  .kp_num_off:
  2285 00000FE5 80FC00                      cmp ah, 0
  2286 00000FE8 751E                        jne short .kp_numeric
  2287                                  .kp_navigation:
  2288 00000FEA 80FB52                      cmp bl, 0x52
  2289 00000FED 7511                        jne short .kp_nav_queue
  2290 00000FEF F606180080                  test byte [BDA_KBD_FLAGS2], 0x80
  2291 00000FF4 750A                        jnz short .kp_nav_queue
  2292 00000FF6 800E180080                  or byte [BDA_KBD_FLAGS2], 0x80
  2293 00000FFB 8036170080                  xor byte [BDA_KBD_FLAGS1], 0x80
  2294                                  .kp_nav_queue:
  2295 00001000 88DC                        mov ah, bl
  2296 00001002 30C0                        xor al, al
  2297 00001004 E852FA                      call kbd_enqueue_ax
  2298 00001007 C3                          ret
  2299                                  .kp_numeric:
  2300 00001008 31DB                        xor bx, bx
  2301 0000100A 88D3                        mov bl, dl
  2302 0000100C 80E37F                      and bl, 0x7F
  2303 0000100F 80EB47                      sub bl, 0x47
  2304 00001012 2E8A87[DB11]                mov al, [cs:kbd_keypad_ascii+bx]
  2304          ******************       warning: 16-bit absolute section-crossing relocation [-w+reloc-abs-word]
  2305 00001017 3C00                        cmp al, 0
  2306                                      J286_E .ignore
    14 00001019 7503                <1>  jne short %%skip
    15 0000101B E929FC              <1>  jmp %1
    16                              <1> %%skip:
  2307 0000101E 88D4                        mov ah, dl
  2308 00001020 80E47F                      and ah, 0x7F
  2309 00001023 E833FA                      call kbd_enqueue_ax
  2310 00001026 C3                          ret
  2311                                  
  2312                                  .regular_ascii:
  2313 00001027 80FB39                      cmp bl, 0x39
  2314                                      J286_A .ignore
    44 0000102A 7603                <1>  jbe short %%skip
    45 0000102C E918FC              <1>  jmp %1
    46                              <1> %%skip:
  2315 0000102F 31DB                        xor bx, bx
  2316 00001031 88D3                        mov bl, dl
  2317 00001033 80E37F                      and bl, 0x7F
  2318                                  
  2319                                      ; Shift+Tab is a non-ASCII special key.
  2320 00001036 80FB0F                      cmp bl, 0x0F
  2321 00001039 750E                        jne short .reg_choose_table
  2322 0000103B F606170003                  test byte [BDA_KBD_FLAGS1], 0x03
  2323 00001040 7407                        jz short .reg_choose_table
  2324 00001042 B8000F                      mov ax, 0x0F00
  2325 00001045 E811FA                      call kbd_enqueue_ax
  2326 00001048 C3                          ret
  2327                                  
  2328                                  .reg_choose_table:
  2329 00001049 2E8A87[E811]                mov al, [cs:kbd_ascii+bx]
  2329          ******************       warning: 16-bit absolute section-crossing relocation [-w+reloc-abs-word]
  2330 0000104E F606170003                  test byte [BDA_KBD_FLAGS1], 0x03
  2331 00001053 7405                        jz short .reg_caps
  2332 00001055 2E8A87[2212]                mov al, [cs:kbd_shift_ascii+bx]
  2332          ******************       warning: 16-bit absolute section-crossing relocation [-w+reloc-abs-word]
  2333                                  .reg_caps:
  2334 0000105A F606170040                  test byte [BDA_KBD_FLAGS1], 0x40
  2335 0000105F 7416                        jz short .reg_ctrl
  2336 00001061 3C41                        cmp al, 'A'
  2337 00001063 7208                        jb short .reg_caps_lower
  2338 00001065 3C5A                        cmp al, 'Z'
  2339 00001067 7704                        ja short .reg_caps_lower
  2340 00001069 0C20                        or al, 0x20
  2341 0000106B EB0A                        jmp short .reg_ctrl
  2342                                  .reg_caps_lower:
  2343 0000106D 3C61                        cmp al, 'a'
  2344 0000106F 7206                        jb short .reg_ctrl
  2345 00001071 3C7A                        cmp al, 'z'
  2346 00001073 7702                        ja short .reg_ctrl
  2347 00001075 24DF                        and al, 0xDF
  2348                                  
  2349                                  .reg_ctrl:
  2350 00001077 F606170004                  test byte [BDA_KBD_FLAGS1], 0x04
  2351 0000107C 7440                        jz short .reg_alt
  2352 0000107E 80FB0E                      cmp bl, 0x0E
  2353 00001081 7504                        jne short .ctrl_not_backspace
  2354 00001083 B07F                        mov al, 0x7F
  2355 00001085 EB51                        jmp short .reg_ready
  2356                                  .ctrl_not_backspace:
  2357 00001087 80FB1C                      cmp bl, 0x1C
  2358 0000108A 7504                        jne short .ctrl_not_enter
  2359 0000108C B00A                        mov al, 0x0A
  2360 0000108E EB48                        jmp short .reg_ready
  2361                                  .ctrl_not_enter:
  2362 00001090 88C5                        mov ch, al
  2363 00001092 80E5DF                      and ch, 0xDF
  2364 00001095 80FD41                      cmp ch, 'A'
  2365 00001098 720B                        jb short .ctrl_symbols
  2366 0000109A 80FD5A                      cmp ch, 'Z'
  2367 0000109D 7706                        ja short .ctrl_symbols
  2368 0000109F 88E8                        mov al, ch
  2369 000010A1 2C40                        sub al, 0x40
  2370 000010A3 EB33                        jmp short .reg_ready
  2371                                  .ctrl_symbols:
  2372 000010A5 80FB1A                      cmp bl, 0x1A
  2373 000010A8 7504                        jne short .ctrl_not_lbr
  2374 000010AA B01B                        mov al, 0x1B
  2375 000010AC EB2A                        jmp short .reg_ready
  2376                                  .ctrl_not_lbr:
  2377 000010AE 80FB2B                      cmp bl, 0x2B
  2378 000010B1 7504                        jne short .ctrl_not_slash
  2379 000010B3 B01C                        mov al, 0x1C
  2380 000010B5 EB21                        jmp short .reg_ready
  2381                                  .ctrl_not_slash:
  2382 000010B7 80FB1B                      cmp bl, 0x1B
  2383 000010BA 751C                        jne short .reg_ready
  2384 000010BC B01D                        mov al, 0x1D
  2385                                  
  2386                                  .reg_alt:
  2387 000010BE F606170008                  test byte [BDA_KBD_FLAGS1], 0x08
  2388 000010C3 7413                        jz short .reg_ready
  2389 000010C5 30C0                        xor al, al
  2390 000010C7 80FB02                      cmp bl, 0x02
  2391 000010CA 720C                        jb short .reg_ready
  2392 000010CC 80FB0D                      cmp bl, 0x0D
  2393 000010CF 7707                        ja short .reg_ready
  2394 000010D1 88DC                        mov ah, bl
  2395 000010D3 80C476                      add ah, 0x76
  2396 000010D6 EB02                        jmp short .reg_queue
  2397                                  
  2398                                  .reg_ready:
  2399 000010D8 88DC                        mov ah, bl
  2400                                  .reg_queue:
  2401 000010DA 3C00                        cmp al, 0
  2402 000010DC 750A                        jne short .reg_enqueue
  2403                                      ; Zero from the translation table is meaningful only for Alt/special keys.
  2404 000010DE F606170008                  test byte [BDA_KBD_FLAGS1], 0x08
  2405                                      J286_E .ignore
    14 000010E3 7503                <1>  jne short %%skip
    15 000010E5 E95FFB              <1>  jmp %1
    16                              <1> %%skip:
  2406                                  .reg_enqueue:
  2407 000010E8 E86EF9                      call kbd_enqueue_ax
  2408 000010EB C3                          ret
  2409                                  
  2410                                  .ordinary_break:
  2411 000010EC 80FB2A                      cmp bl, 0x2A
  2412 000010EF 7506                        jne short .break_not_lshift
  2413 000010F1 80261700FD                  and byte [BDA_KBD_FLAGS1], 0xFD
  2414 000010F6 C3                          ret
  2415                                  .break_not_lshift:
  2416 000010F7 80FB36                      cmp bl, 0x36
  2417 000010FA 7506                        jne short .break_not_rshift
  2418 000010FC 80261700FE                  and byte [BDA_KBD_FLAGS1], 0xFE
  2419 00001101 C3                          ret
  2420                                  .break_not_rshift:
  2421 00001102 80FB1D                      cmp bl, 0x1D
  2422 00001105 7515                        jne short .break_not_lctrl
  2423 00001107 80261800FE                  and byte [BDA_KBD_FLAGS2], 0xFE
  2424 0000110C F606960004                  test byte [BDA_KBD_STATUS3], 0x04
  2425                                      J286_NE .ignore
    19 00001111 7403                <1>  je short %%skip
    20 00001113 E931FB              <1>  jmp %1
    21                              <1> %%skip:
  2426 00001116 80261700FB                  and byte [BDA_KBD_FLAGS1], 0xFB
  2427 0000111B C3                          ret
  2428                                  .break_not_lctrl:
  2429 0000111C 80FB38                      cmp bl, 0x38
  2430 0000111F 7518                        jne short .break_not_lalt
  2431 00001121 80261800FD                  and byte [BDA_KBD_FLAGS2], 0xFD
  2432 00001126 F606960008                  test byte [BDA_KBD_STATUS3], 0x08
  2433                                      J286_NE .ignore
    19 0000112B 7403                <1>  je short %%skip
    20 0000112D E917FB              <1>  jmp %1
    21                              <1> %%skip:
  2434 00001130 80261700F7                  and byte [BDA_KBD_FLAGS1], 0xF7
  2435 00001135 E85100                      call kbd_finish_alt_numpad
  2436 00001138 C3                          ret
  2437                                  .break_not_lalt:
  2438 00001139 80FB3A                      cmp bl, 0x3A
  2439 0000113C 7506                        jne short .break_not_caps
  2440 0000113E 80261800BF                  and byte [BDA_KBD_FLAGS2], 0xBF
  2441 00001143 C3                          ret
  2442                                  .break_not_caps:
  2443 00001144 80FB45                      cmp bl, 0x45
  2444 00001147 7506                        jne short .break_not_num
  2445 00001149 80261800DF                  and byte [BDA_KBD_FLAGS2], 0xDF
  2446 0000114E C3                          ret
  2447                                  .break_not_num:
  2448 0000114F 80FB46                      cmp bl, 0x46
  2449 00001152 7506                        jne short .break_not_scroll
  2450 00001154 80261800EF                  and byte [BDA_KBD_FLAGS2], 0xEF
  2451 00001159 C3                          ret
  2452                                  .break_not_scroll:
  2453 0000115A 80FB52                      cmp bl, 0x52
  2454 0000115D 7506                        jne short .break_not_insert
  2455 0000115F 802618007F                  and byte [BDA_KBD_FLAGS2], 0x7F
  2456 00001164 C3                          ret
  2457                                  .break_not_insert:
  2458 00001165 80FB54                      cmp bl, 0x54
  2459                                      J286_NE .ignore
    19 00001168 7403                <1>  je short %%skip
    20 0000116A E9DAFA              <1>  jmp %1
    21                              <1> %%skip:
  2460 0000116D 80261800FB                  and byte [BDA_KBD_FLAGS2], 0xFB
  2461 00001172 B001                        mov al, 1
  2462 00001174 B485                        mov ah, 0x85
  2463 00001176 CD15                        int 0x15
  2464 00001178 C3                          ret
  2465                                  
  2466                                  ; Ctrl-Break BIOS semantics: flush, set break flag, invoke INT 1Bh, then place
  2467                                  ; a zero word into the BIOS queue.
  2468                                  kbd_ctrl_break:
  2469 00001179 E806F9                      call kbd_clear_buffer
  2470 0000117C 800E710080                  or byte [BDA_BREAK_FLAG], 0x80
  2471 00001181 CD1B                        int 0x1B
  2472 00001183 31C0                        xor ax, ax
  2473 00001185 E8D1F8                      call kbd_enqueue_ax
  2474 00001188 C3                          ret
  2475                                  
  2476                                  kbd_finish_alt_numpad:
  2477 00001189 26803EF90300                cmp byte [es:KBW_ALT_NUM_ACTIVE], 0
  2478 0000118F 7413                        je short .done
  2479 00001191 A01900                      mov al, [BDA_ALT_NUMPAD]
  2480 00001194 30E4                        xor ah, ah
  2481 00001196 E8C0F8                      call kbd_enqueue_ax
  2482 00001199 C606190000                  mov byte [BDA_ALT_NUMPAD], 0
  2483 0000119E 26C606F90300                mov byte [es:KBW_ALT_NUM_ACTIVE], 0
  2484                                  .done:
  2485 000011A4 C3                          ret
  2486                                  
  2487                                  kbd_warm_reset:
  2488 000011A5 C70672003412                mov word [BDA_WARM_BOOT], 0x1234
  2489 000011AB B0FE                        mov al, 0xFE                     ; 8042 pulse RESET# output low
  2490 000011AD E884F5                      call kbc_write_command
  2491                                      ; A correctly wired motherboard resets the CPU before this executes again.
  2492                                  .wait_reset:
  2493 000011B0 FB                          sti
  2494 000011B1 F4                          hlt
  2495 000011B2 EBFC                        jmp short .wait_reset
  2496                                  
  2497                                  ; Indexed by Set-1 scan 47h..53h. Zero entries are non-navigation math/center.
  2498                                  kbd_nav_ctrl:
  2499 000011B4 778D84007300740075-         db 0x77,0x8D,0x84,0,0x73,0,0x74,0,0x75,0x91,0x76,0x92,0x93
  2499 000011BD 91769293           
  2500                                  kbd_nav_alt:
  2501 000011C1 979899009B009D009F-         db 0x97,0x98,0x99,0,0x9B,0,0x9D,0,0x9F,0xA0,0xA1,0xA2,0xA3
  2501 000011CA A0A1A2A3           
  2502                                  kbd_keypad_digit:
  2503 000011CE 070809FF040506FF01-         db 7,8,9,0xFF,4,5,6,0xFF,1,2,3,0,0xFF
  2503 000011D7 020300FF           
  2504                                  kbd_keypad_ascii:
  2505 000011DB 373839003435360031-         db '7','8','9',0,'4','5','6',0,'1','2','3','0','.'
  2505 000011E4 3233302E           
  2506                                  
  2507                                  ; Basic Set-1 character translation.  Enhanced/special keys are handled above.
  2508                                  kbd_ascii:
  2509 000011E8 001B31323334353637-         db 0,27,'1234567890-=',8,9
  2509 000011F1 3839302D3D0809     
  2510 000011F8 71776572747975696F-         db 'qwertyuiop[]',13,0,'asdfghjkl',59,39,96,0,92
  2510 00001201 705B5D0D0061736466-
  2510 0000120A 67686A6B6C3B276000-
  2510 00001213 5C                 
  2511 00001214 7A786376626E6D2C2E-         db 'zxcvbnm,./',0,'*',0,' '
  2511 0000121D 2F002A0020         
  2512                                  kbd_shift_ascii:
  2513 00001222 001B21402324255E26-         db 0,27,'!@#$%^&*()_+',8,9
  2513 0000122B 2A28295F2B0809     
  2514 00001232 51574552545955494F-         db 'QWERTYUIOP{}',13,0,'ASDFGHJKL:',34,126,0,124
  2514 0000123B 507B7D0D0041534446-
  2514 00001244 47484A4B4C3A227E00-
  2514 0000124D 7C                 
  2515 0000124E 5A584356424E4D3C3E-         db 'ZXCVBNM<>?',0,'*',0,' '
  2515 00001257 3F002A0020         
  2516                                  ; CROMWELL KEYBOARD REALITY BRICK 2 IRQ1 END
  2517                                  
  2518                                  int10:
  2519 0000125C 80FC00                      cmp ah, 0x00
  2520                                      J286_E video_set_mode
    14 0000125F 7503                <1>  jne short %%skip
    15 00001261 E98300              <1>  jmp %1
    16                              <1> %%skip:
  2521 00001264 80FC01                      cmp ah, 0x01
  2522                                      J286_NE .not01
    19 00001267 7402                <1>  je short %%skip
    20 00001269 EB03                <1>  jmp %1
    21                              <1> %%skip:
  2523 0000126B E9CB00                      jmp video_set_shape
  2524                                  .not01:
  2525 0000126E 80FC02                      cmp ah, 0x02
  2526                                      J286_NE .not02
    19 00001271 7402                <1>  je short %%skip
    20 00001273 EB03                <1>  jmp %1
    21                              <1> %%skip:
  2527 00001275 E9CF00                      jmp video_set_cursor
  2528                                  .not02:
  2529 00001278 80FC03                      cmp ah, 0x03
  2530                                      J286_NE .not03
    19 0000127B 7402                <1>  je short %%skip
    20 0000127D EB03                <1>  jmp %1
    21                              <1> %%skip:
  2531 0000127F E9DC00                      jmp video_get_cursor
  2532                                  .not03:
  2533 00001282 80FC05                      cmp ah, 0x05
  2534                                      J286_NE .not05
    19 00001285 7402                <1>  je short %%skip
    20 00001287 EB03                <1>  jmp %1
    21                              <1> %%skip:
  2535 00001289 E9ED00                      jmp video_set_page
  2536                                  .not05:
  2537 0000128C 80FC06                      cmp ah, 0x06
  2538                                      J286_NE .not06
    19 0000128F 7402                <1>  je short %%skip
    20 00001291 EB03                <1>  jmp %1
    21                              <1> %%skip:
  2539 00001293 E93F02                      jmp video_scroll_up
  2540                                  .not06:
  2541 00001296 80FC07                      cmp ah, 0x07
  2542                                      J286_NE .not07
    19 00001299 7402                <1>  je short %%skip
    20 0000129B EB03                <1>  jmp %1
    21                              <1> %%skip:
  2543 0000129D E92703                      jmp video_scroll_down
  2544                                  .not07:
  2545 000012A0 80FC08                      cmp ah, 0x08
  2546                                      J286_NE .not08
    19 000012A3 7402                <1>  je short %%skip
    20 000012A5 EB03                <1>  jmp %1
    21                              <1> %%skip:
  2547 000012A7 E94401                      jmp video_read_cell
  2548                                  .not08:
  2549 000012AA 80FC09                      cmp ah, 0x09
  2550                                      J286_NE .not09
    19 000012AD 7402                <1>  je short %%skip
    20 000012AF EB03                <1>  jmp %1
    21                              <1> %%skip:
  2551 000012B1 E94501                      jmp video_write_cell
  2552                                  .not09:
  2553 000012B4 80FC0A                      cmp ah, 0x0A
  2554                                      J286_NE .not0a
    19 000012B7 7402                <1>  je short %%skip
    20 000012B9 EB03                <1>  jmp %1
    21                              <1> %%skip:
  2555 000012BB E94C01                      jmp video_write_char
  2556                                  .not0a:
  2557 000012BE 80FC0E                      cmp ah, 0x0E
  2558                                      J286_NE .not0e
    19 000012C1 7402                <1>  je short %%skip
    20 000012C3 EB03                <1>  jmp %1
    21                              <1> %%skip:
  2559 000012C5 E95701                      jmp video_tty
  2560                                  .not0e:
  2561 000012C8 80FC0F                      cmp ah, 0x0F
  2562                                      J286_NE .not0f
    19 000012CB 7402                <1>  je short %%skip
    20 000012CD EB03                <1>  jmp %1
    21                              <1> %%skip:
  2563 000012CF E9F803                      jmp video_get_mode
  2564                                  .not0f:
  2565 000012D2 80FC12                      cmp ah, 0x12
  2566                                      J286_NE .not12
    19 000012D5 7402                <1>  je short %%skip
    20 000012D7 EB03                <1>  jmp %1
    21                              <1> %%skip:
  2567 000012D9 E90104                      jmp video_ega_query
  2568                                  .not12:
  2569 000012DC 80FC1A                      cmp ah, 0x1A
  2570                                      J286_NE .unknown
    19 000012DF 7402                <1>  je short %%skip
    20 000012E1 EB03                <1>  jmp %1
    21                              <1> %%skip:
  2571 000012E3 E90104                      jmp video_display_query
  2572                                  .unknown:
  2573 000012E6 CF                          iret
  2574                                  
  2575                                  video_set_mode:
  2576 000012E7 50                          push ax
  2577 000012E8 52                          push dx
  2578 000012E9 06                          push es
  2579 000012EA 247F                        and al, 0x7F
  2580 000012EC 88C2                        mov dl, al
  2581 000012EE B84000                      mov ax, BDA_SEG
  2582 000012F1 8EC0                        mov es, ax
  2583 000012F3 2688164900                  mov [es:0x49], dl
  2584 000012F8 26C7064A005000              mov word [es:0x4A], 80
  2585 000012FF 26C7064C000010              mov word [es:0x4C], 0x1000
  2586 00001306 26C7064E000000              mov word [es:0x4E], 0
  2587 0000130D 26C70650000000              mov word [es:0x50], 0
  2588 00001314 26C606620000                mov byte [es:0x62], 0
  2589 0000131A BAD403                      mov dx, 0x3D4
  2590 0000131D B00C                        mov al, 0x0C
  2591 0000131F EE                          out dx, al
  2592 00001320 42                          inc dx
  2593 00001321 30C0                        xor al, al
  2594 00001323 EE                          out dx, al
  2595 00001324 4A                          dec dx
  2596 00001325 B00D                        mov al, 0x0D
  2597 00001327 EE                          out dx, al
  2598 00001328 42                          inc dx
  2599 00001329 30C0                        xor al, al
  2600 0000132B EE                          out dx, al
  2601 0000132C 07                          pop es
  2602 0000132D 5A                          pop dx
  2603 0000132E 58                          pop ax
  2604 0000132F A880                        test al, 0x80
  2605                                      J286_NE .done
    19 00001331 7402                <1>  je short %%skip
    20 00001333 EB03                <1>  jmp %1
    21                              <1> %%skip:
  2606 00001335 E831EF                      call clear_screen
  2607                                  .done:
  2608 00001338 CF                          iret
  2609                                  
  2610                                  video_set_shape:
  2611 00001339 50                          push ax
  2612 0000133A 1E                          push ds
  2613 0000133B B84000                      mov ax, BDA_SEG
  2614 0000133E 8ED8                        mov ds, ax
  2615 00001340 890E6000                    mov [0x60], cx
  2616 00001344 1F                          pop ds
  2617 00001345 58                          pop ax
  2618 00001346 CF                          iret
  2619                                  
  2620                                  video_set_cursor:
  2621 00001347 50                          push ax
  2622 00001348 53                          push bx
  2623 00001349 1E                          push ds
  2624 0000134A 88F8                        mov al, bh
  2625 0000134C 30E4                        xor ah, ah
  2626 0000134E D1E0                        shl ax, 1
  2627 00001350 89C3                        mov bx, ax
  2628 00001352 B84000                      mov ax, BDA_SEG
  2629 00001355 8ED8                        mov ds, ax
  2630 00001357 895750                      mov [bx+0x50], dx
  2631 0000135A 1F                          pop ds
  2632 0000135B 5B                          pop bx
  2633 0000135C 58                          pop ax
  2634 0000135D CF                          iret
  2635                                  
  2636                                  video_get_cursor:
  2637 0000135E 50                          push ax
  2638 0000135F 53                          push bx
  2639 00001360 1E                          push ds
  2640 00001361 88F8                        mov al, bh
  2641 00001363 30E4                        xor ah, ah
  2642 00001365 D1E0                        shl ax, 1
  2643 00001367 89C3                        mov bx, ax
  2644 00001369 B84000                      mov ax, BDA_SEG
  2645 0000136C 8ED8                        mov ds, ax
  2646 0000136E 8B5750                      mov dx, [bx+0x50]
  2647 00001371 8B0E6000                    mov cx, [0x60]
  2648 00001375 1F                          pop ds
  2649 00001376 5B                          pop bx
  2650 00001377 58                          pop ax
  2651 00001378 CF                          iret
  2652                                  
  2653                                  video_set_page:
  2654 00001379 50                          push ax
  2655 0000137A 53                          push bx
  2656 0000137B 52                          push dx
  2657 0000137C 1E                          push ds
  2658 0000137D 88C2                        mov dl, al
  2659 0000137F 80E207                      and dl, 7
  2660 00001382 B84000                      mov ax, BDA_SEG
  2661 00001385 8ED8                        mov ds, ax
  2662 00001387 88166200                    mov [0x62], dl
  2663 0000138B 31C0                        xor ax, ax
  2664 0000138D 88D0                        mov al, dl
  2665 0000138F BB0010                      mov bx, 0x1000
  2666 00001392 F7E3                        mul bx
  2667 00001394 A34E00                      mov [0x4E], ax
  2668 00001397 D1E8                        shr ax, 1                       ; 6845 start address is in character words
  2669 00001399 89C3                        mov bx, ax
  2670 0000139B BAD403                      mov dx, 0x3D4
  2671 0000139E B00C                        mov al, 0x0C
  2672 000013A0 EE                          out dx, al
  2673 000013A1 42                          inc dx
  2674 000013A2 88F8                        mov al, bh
  2675 000013A4 EE                          out dx, al
  2676 000013A5 4A                          dec dx
  2677 000013A6 B00D                        mov al, 0x0D
  2678 000013A8 EE                          out dx, al
  2679 000013A9 42                          inc dx
  2680 000013AA 88D8                        mov al, bl
  2681 000013AC EE                          out dx, al
  2682 000013AD 1F                          pop ds
  2683 000013AE 5A                          pop dx
  2684 000013AF 5B                          pop bx
  2685 000013B0 58                          pop ax
  2686 000013B1 CF                          iret
  2687                                  
  2688                                  ; Convert page BH and cursor from the BDA to ES:DI in color text RAM.
  2689                                  video_cursor_address:
  2690 000013B2 50                          push ax
  2691 000013B3 53                          push bx
  2692 000013B4 51                          push cx
  2693 000013B5 52                          push dx
  2694 000013B6 1E                          push ds
  2695 000013B7 88F8                        mov al, bh
  2696 000013B9 2407                        and al, 7
  2697 000013BB 30E4                        xor ah, ah
  2698 000013BD 89C7                        mov di, ax
  2699 000013BF C1E70C                      shl di, 12
  2700 000013C2 D1E0                        shl ax, 1
  2701 000013C4 89C3                        mov bx, ax
  2702 000013C6 B84000                      mov ax, BDA_SEG
  2703 000013C9 8ED8                        mov ds, ax
  2704 000013CB 8B5750                      mov dx, [bx+0x50]
  2705 000013CE 89D1                        mov cx, dx
  2706 000013D0 31C0                        xor ax, ax
  2707 000013D2 88E8                        mov al, ch
  2708 000013D4 BBA000                      mov bx, 160
  2709 000013D7 F7E3                        mul bx
  2710 000013D9 01C7                        add di, ax
  2711 000013DB 31C0                        xor ax, ax
  2712 000013DD 88C8                        mov al, cl
  2713 000013DF D1E0                        shl ax, 1
  2714 000013E1 01C7                        add di, ax
  2715 000013E3 B800B8                      mov ax, VIDEO_SEG
  2716 000013E6 8EC0                        mov es, ax
  2717 000013E8 1F                          pop ds
  2718 000013E9 5A                          pop dx
  2719 000013EA 59                          pop cx
  2720 000013EB 5B                          pop bx
  2721 000013EC 58                          pop ax
  2722 000013ED C3                          ret
  2723                                  
  2724                                  video_read_cell:
  2725 000013EE 57                          push di
  2726 000013EF 06                          push es
  2727 000013F0 E8BFFF                      call video_cursor_address
  2728 000013F3 268B05                      mov ax, [es:di]
  2729 000013F6 07                          pop es
  2730 000013F7 5F                          pop di
  2731 000013F8 CF                          iret
  2732                                  
  2733                                  video_write_cell:
  2734 000013F9 50                          push ax
  2735 000013FA 51                          push cx
  2736 000013FB 57                          push di
  2737 000013FC 06                          push es
  2738 000013FD E8B2FF                      call video_cursor_address
  2739 00001400 FC                          cld
  2740 00001401 88DC                        mov ah, bl
  2741 00001403 F3AB                        rep stosw
  2742 00001405 07                          pop es
  2743 00001406 5F                          pop di
  2744 00001407 59                          pop cx
  2745 00001408 58                          pop ax
  2746 00001409 CF                          iret
  2747                                  
  2748                                  video_write_char:
  2749 0000140A 50                          push ax
  2750 0000140B 51                          push cx
  2751 0000140C 57                          push di
  2752 0000140D 06                          push es
  2753 0000140E E8A1FF                      call video_cursor_address
  2754 00001411 FC                          cld
  2755                                  .loop:
  2756 00001412 268805                      mov [es:di], al
  2757 00001415 83C702                      add di, 2
  2758 00001418 E2F8                        loop .loop
  2759 0000141A 07                          pop es
  2760 0000141B 5F                          pop di
  2761 0000141C 59                          pop cx
  2762 0000141D 58                          pop ax
  2763 0000141E CF                          iret
  2764                                  
  2765                                  video_tty:
  2766 0000141F 50                          push ax
  2767 00001420 53                          push bx
  2768 00001421 51                          push cx
  2769 00001422 52                          push dx
  2770 00001423 56                          push si
  2771 00001424 57                          push di
  2772 00001425 06                          push es
  2773 00001426 1E                          push ds
  2774 00001427 88C1                        mov cl, al
  2775 00001429 B84000                      mov ax, BDA_SEG
  2776 0000142C 8ED8                        mov ds, ax
  2777 0000142E 31DB                        xor bx, bx
  2778 00001430 8A1E6200                    mov bl, [0x62]
  2779 00001434 D1E3                        shl bx, 1
  2780 00001436 8B5750                      mov dx, [bx+0x50]
  2781 00001439 80F907                      cmp cl, 7
  2782                                      J286_E .save
    14 0000143C 7502                <1>  jne short %%skip
    15 0000143E EB7C                <1>  jmp %1
    16                              <1> %%skip:
  2783 00001440 80F908                      cmp cl, 8
  2784                                      J286_E .backspace
    14 00001443 7502                <1>  jne short %%skip
    15 00001445 EB6D                <1>  jmp %1
    16                              <1> %%skip:
  2785 00001447 80F90D                      cmp cl, 13
  2786                                      J286_E .carriage
    14 0000144A 7502                <1>  jne short %%skip
    15 0000144C EB42                <1>  jmp %1
    16                              <1> %%skip:
  2787 0000144E 80F90A                      cmp cl, 10
  2788                                      J286_E .linefeed
    14 00001451 7502                <1>  jne short %%skip
    15 00001453 EB44                <1>  jmp %1
    16                              <1> %%skip:
  2789 00001455 B800B8                      mov ax, VIDEO_SEG
  2790 00001458 8EC0                        mov es, ax
  2791 0000145A 89D6                        mov si, dx
  2792 0000145C 31FF                        xor di, di
  2793 0000145E A06200                      mov al, [0x62]
  2794 00001461 30E4                        xor ah, ah
  2795 00001463 89C7                        mov di, ax
  2796 00001465 C1E70C                      shl di, 12
  2797 00001468 89F0                        mov ax, si
  2798 0000146A 88E0                        mov al, ah
  2799 0000146C 30E4                        xor ah, ah
  2800 0000146E BBA000                      mov bx, 160
  2801 00001471 F7E3                        mul bx
  2802 00001473 01C7                        add di, ax
  2803 00001475 89F0                        mov ax, si
  2804 00001477 25FF00                      and ax, 0x00FF
  2805 0000147A D1E0                        shl ax, 1
  2806 0000147C 01C7                        add di, ax
  2807 0000147E 88C8                        mov al, cl
  2808                                      ; In text mode AH=0Eh advances the cursor without replacing the cell's
  2809                                      ; existing attribute.  This lets firmware prepaint blue/gray Setup panes
  2810                                      ; while retaining the same architecturally correct teletype path.
  2811 00001480 268A6501                    mov ah, [es:di+1]
  2812 00001484 AB                          stosw
  2813 00001485 89F2                        mov dx, si
  2814 00001487 FEC2                        inc dl
  2815 00001489 80FA50                      cmp dl, 80
  2816                                      J286_B .save
    34 0000148C 7302                <1>  jae short %%skip
    35 0000148E EB2C                <1>  jmp %1
    36                              <1> %%skip:
  2817                                  .carriage:
  2818 00001490 30D2                        xor dl, dl
  2819 00001492 80F90D                      cmp cl, 13
  2820                                      J286_E .save
    14 00001495 7502                <1>  jne short %%skip
    15 00001497 EB23                <1>  jmp %1
    16                              <1> %%skip:
  2821                                  .linefeed:
  2822 00001499 FEC6                        inc dh
  2823 0000149B 80FE19                      cmp dh, 25
  2824                                      J286_B .save
    34 0000149E 7302                <1>  jae short %%skip
    35 000014A0 EB1A                <1>  jmp %1
    36                              <1> %%skip:
  2825 000014A2 B80106                      mov ax, 0x0601
  2826 000014A5 B707                        mov bh, 7
  2827 000014A7 31C9                        xor cx, cx
  2828 000014A9 52                          push dx                         ; scrolling window uses DX; preserve cursor column
  2829 000014AA BA4F18                      mov dx, 0x184F
  2830 000014AD CD10                        int 0x10
  2831 000014AF 5A                          pop dx
  2832 000014B0 B618                        mov dh, 24
  2833 000014B2 EB08                        jmp .save
  2834                                  .backspace:
  2835 000014B4 84D2                        test dl, dl
  2836                                      J286_E .save
    14 000014B6 7502                <1>  jne short %%skip
    15 000014B8 EB02                <1>  jmp %1
    16                              <1> %%skip:
  2837 000014BA FECA                        dec dl
  2838                                  .save:
  2839 000014BC B84000                      mov ax, BDA_SEG
  2840 000014BF 8ED8                        mov ds, ax
  2841 000014C1 31DB                        xor bx, bx
  2842 000014C3 8A1E6200                    mov bl, [0x62]
  2843 000014C7 D1E3                        shl bx, 1
  2844 000014C9 895750                      mov [bx+0x50], dx
  2845 000014CC 1F                          pop ds
  2846 000014CD 07                          pop es
  2847 000014CE 5F                          pop di
  2848 000014CF 5E                          pop si
  2849 000014D0 5A                          pop dx
  2850 000014D1 59                          pop cx
  2851 000014D2 5B                          pop bx
  2852 000014D3 58                          pop ax
  2853 000014D4 CF                          iret
  2854                                  
  2855                                  ; AH=06/07, rectangular text-window scroll. AL=0 clears the window.
  2856                                  video_scroll_up:
  2857 000014D5 55                          push bp
  2858 000014D6 89E5                        mov bp, sp
  2859 000014D8 50                          push ax
  2860 000014D9 53                          push bx
  2861 000014DA 51                          push cx
  2862 000014DB 52                          push dx
  2863 000014DC 56                          push si
  2864 000014DD 57                          push di
  2865 000014DE 1E                          push ds
  2866 000014DF 06                          push es
  2867 000014E0 83EC04                      sub sp, 4
  2868 000014E3 368A46F9                    mov al, [ss:bp-7]               ; window height = bottom-top+1
  2869 000014E7 362A46FB                    sub al, [ss:bp-5]
  2870 000014EB FEC0                        inc al
  2871 000014ED 368A5EFE                    mov bl, [ss:bp-2]               ; requested line count
  2872 000014F1 84DB                        test bl, bl
  2873                                      J286_E .clear_all
    14 000014F3 7502                <1>  jne short %%skip
    15 000014F5 EB7B                <1>  jmp %1
    16                              <1> %%skip:
  2874 000014F7 38C3                        cmp bl, al
  2875                                      J286_AE .clear_all
    24 000014F9 7202                <1>  jb short %%skip
    25 000014FB EB75                <1>  jmp %1
    26                              <1> %%skip:
  2876 000014FD 368A46FB                    mov al, [ss:bp-5]
  2877 00001501 368846EE                    mov [ss:bp-18], al              ; destination row
  2878 00001505 00D8                        add al, bl
  2879 00001507 368846ED                    mov [ss:bp-19], al              ; source row
  2880 0000150B B800B8                      mov ax, VIDEO_SEG
  2881 0000150E 8ED8                        mov ds, ax
  2882 00001510 8EC0                        mov es, ax
  2883 00001512 FC                          cld
  2884                                  .copy_row:
  2885 00001513 31C0                        xor ax, ax
  2886 00001515 368A46EE                    mov al, [ss:bp-18]
  2887 00001519 BBA000                      mov bx, 160
  2888 0000151C F7E3                        mul bx
  2889 0000151E 89C7                        mov di, ax
  2890 00001520 31C0                        xor ax, ax
  2891 00001522 368A46FA                    mov al, [ss:bp-6]
  2892 00001526 D1E0                        shl ax, 1
  2893 00001528 01C7                        add di, ax
  2894 0000152A 31C0                        xor ax, ax
  2895 0000152C 368A46ED                    mov al, [ss:bp-19]
  2896 00001530 BBA000                      mov bx, 160
  2897 00001533 F7E3                        mul bx
  2898 00001535 89C6                        mov si, ax
  2899 00001537 31C0                        xor ax, ax
  2900 00001539 368A46FA                    mov al, [ss:bp-6]
  2901 0000153D D1E0                        shl ax, 1
  2902 0000153F 01C6                        add si, ax
  2903 00001541 31C9                        xor cx, cx
  2904 00001543 368A4EF8                    mov cl, [ss:bp-8]
  2905 00001547 362A4EFA                    sub cl, [ss:bp-6]
  2906 0000154B 41                          inc cx
  2907 0000154C F3A5                        rep movsw
  2908 0000154E 36FE46EE                    inc byte [ss:bp-18]
  2909 00001552 36FE46ED                    inc byte [ss:bp-19]
  2910 00001556 368A46ED                    mov al, [ss:bp-19]
  2911 0000155A 363A46F9                    cmp al, [ss:bp-7]
  2912                                      J286_BE .copy_row
    39 0000155E 7702                <1>  ja short %%skip
    40 00001560 EBB1                <1>  jmp %1
    41                              <1> %%skip:
  2913 00001562 368A46F9                    mov al, [ss:bp-7]
  2914 00001566 362A46FE                    sub al, [ss:bp-2]
  2915 0000156A FEC0                        inc al
  2916 0000156C 368846EC                    mov [ss:bp-20], al              ; first vacated row
  2917 00001570 EB0D                        jmp .fill
  2918                                  .clear_all:
  2919 00001572 368A46FB                    mov al, [ss:bp-5]
  2920 00001576 368846EC                    mov [ss:bp-20], al
  2921 0000157A B800B8                      mov ax, VIDEO_SEG
  2922 0000157D 8EC0                        mov es, ax
  2923                                  .fill:
  2924 0000157F FC                          cld
  2925                                  .fill_row:
  2926 00001580 31C0                        xor ax, ax
  2927 00001582 368A46EC                    mov al, [ss:bp-20]
  2928 00001586 BBA000                      mov bx, 160
  2929 00001589 F7E3                        mul bx
  2930 0000158B 89C7                        mov di, ax
  2931 0000158D 31C0                        xor ax, ax
  2932 0000158F 368A46FA                    mov al, [ss:bp-6]
  2933 00001593 D1E0                        shl ax, 1
  2934 00001595 01C7                        add di, ax
  2935 00001597 31C9                        xor cx, cx
  2936 00001599 368A4EF8                    mov cl, [ss:bp-8]
  2937 0000159D 362A4EFA                    sub cl, [ss:bp-6]
  2938 000015A1 41                          inc cx
  2939 000015A2 B020                        mov al, 0x20
  2940 000015A4 368A66FD                    mov ah, [ss:bp-3]
  2941 000015A8 F3AB                        rep stosw
  2942 000015AA 36FE46EC                    inc byte [ss:bp-20]
  2943 000015AE 368A46EC                    mov al, [ss:bp-20]
  2944 000015B2 363A46F9                    cmp al, [ss:bp-7]
  2945                                      J286_BE .fill_row
    39 000015B6 7702                <1>  ja short %%skip
    40 000015B8 EBC6                <1>  jmp %1
    41                              <1> %%skip:
  2946 000015BA 83C404                      add sp, 4
  2947 000015BD 07                          pop es
  2948 000015BE 1F                          pop ds
  2949 000015BF 5F                          pop di
  2950 000015C0 5E                          pop si
  2951 000015C1 5A                          pop dx
  2952 000015C2 59                          pop cx
  2953 000015C3 5B                          pop bx
  2954 000015C4 58                          pop ax
  2955 000015C5 5D                          pop bp
  2956 000015C6 CF                          iret
  2957                                  video_scroll_down:
  2958 000015C7 55                          push bp
  2959 000015C8 89E5                        mov bp, sp
  2960 000015CA 50                          push ax
  2961 000015CB 53                          push bx
  2962 000015CC 51                          push cx
  2963 000015CD 52                          push dx
  2964 000015CE 56                          push si
  2965 000015CF 57                          push di
  2966 000015D0 1E                          push ds
  2967 000015D1 06                          push es
  2968 000015D2 83EC04                      sub sp, 4
  2969 000015D5 368A46F9                    mov al, [ss:bp-7]
  2970 000015D9 362A46FB                    sub al, [ss:bp-5]
  2971 000015DD FEC0                        inc al
  2972 000015DF 368A5EFE                    mov bl, [ss:bp-2]
  2973 000015E3 84DB                        test bl, bl
  2974                                      J286_E .clear_all
    14 000015E5 7503                <1>  jne short %%skip
    15 000015E7 E98300              <1>  jmp %1
    16                              <1> %%skip:
  2975 000015EA 38C3                        cmp bl, al
  2976                                      J286_AE .clear_all
    24 000015EC 7202                <1>  jb short %%skip
    25 000015EE EB7D                <1>  jmp %1
    26                              <1> %%skip:
  2977 000015F0 368A46F9                    mov al, [ss:bp-7]
  2978 000015F4 368846EE                    mov [ss:bp-18], al              ; destination row
  2979 000015F8 28D8                        sub al, bl
  2980 000015FA 368846ED                    mov [ss:bp-19], al              ; source row
  2981 000015FE B800B8                      mov ax, VIDEO_SEG
  2982 00001601 8ED8                        mov ds, ax
  2983 00001603 8EC0                        mov es, ax
  2984 00001605 FD                          std
  2985                                  .copy_row:
  2986 00001606 31C0                        xor ax, ax
  2987 00001608 368A46EE                    mov al, [ss:bp-18]
  2988 0000160C BBA000                      mov bx, 160
  2989 0000160F F7E3                        mul bx
  2990 00001611 89C7                        mov di, ax
  2991 00001613 31C0                        xor ax, ax
  2992 00001615 368A46F8                    mov al, [ss:bp-8]               ; right edge, copy backwards
  2993 00001619 D1E0                        shl ax, 1
  2994 0000161B 01C7                        add di, ax
  2995 0000161D 31C0                        xor ax, ax
  2996 0000161F 368A46ED                    mov al, [ss:bp-19]
  2997 00001623 BBA000                      mov bx, 160
  2998 00001626 F7E3                        mul bx
  2999 00001628 89C6                        mov si, ax
  3000 0000162A 31C0                        xor ax, ax
  3001 0000162C 368A46F8                    mov al, [ss:bp-8]
  3002 00001630 D1E0                        shl ax, 1
  3003 00001632 01C6                        add si, ax
  3004 00001634 31C9                        xor cx, cx
  3005 00001636 368A4EF8                    mov cl, [ss:bp-8]
  3006 0000163A 362A4EFA                    sub cl, [ss:bp-6]
  3007 0000163E 41                          inc cx
  3008 0000163F F3A5                        rep movsw
  3009 00001641 368A46ED                    mov al, [ss:bp-19]
  3010 00001645 363A46FB                    cmp al, [ss:bp-5]
  3011                                      J286_E .copy_done
    14 00001649 7502                <1>  jne short %%skip
    15 0000164B EB0A                <1>  jmp %1
    16                              <1> %%skip:
  3012 0000164D 36FE4EEE                    dec byte [ss:bp-18]
  3013 00001651 36FE4EED                    dec byte [ss:bp-19]
  3014 00001655 EBAF                        jmp .copy_row
  3015                                  .copy_done:
  3016 00001657 368A46FB                    mov al, [ss:bp-5]
  3017 0000165B 368846EC                    mov [ss:bp-20], al
  3018 0000165F 368A5EFE                    mov bl, [ss:bp-2]
  3019 00001663 FECB                        dec bl
  3020 00001665 00C3                        add bl, al
  3021 00001667 36885EED                    mov [ss:bp-19], bl              ; last vacated row
  3022 0000166B EB15                        jmp .fill
  3023                                  .clear_all:
  3024 0000166D 368A46FB                    mov al, [ss:bp-5]
  3025 00001671 368846EC                    mov [ss:bp-20], al
  3026 00001675 368A46F9                    mov al, [ss:bp-7]
  3027 00001679 368846ED                    mov [ss:bp-19], al
  3028 0000167D B800B8                      mov ax, VIDEO_SEG
  3029 00001680 8EC0                        mov es, ax
  3030                                  .fill:
  3031 00001682 FC                          cld
  3032                                  .fill_row:
  3033 00001683 31C0                        xor ax, ax
  3034 00001685 368A46EC                    mov al, [ss:bp-20]
  3035 00001689 BBA000                      mov bx, 160
  3036 0000168C F7E3                        mul bx
  3037 0000168E 89C7                        mov di, ax
  3038 00001690 31C0                        xor ax, ax
  3039 00001692 368A46FA                    mov al, [ss:bp-6]
  3040 00001696 D1E0                        shl ax, 1
  3041 00001698 01C7                        add di, ax
  3042 0000169A 31C9                        xor cx, cx
  3043 0000169C 368A4EF8                    mov cl, [ss:bp-8]
  3044 000016A0 362A4EFA                    sub cl, [ss:bp-6]
  3045 000016A4 41                          inc cx
  3046 000016A5 B020                        mov al, 0x20
  3047 000016A7 368A66FD                    mov ah, [ss:bp-3]
  3048 000016AB F3AB                        rep stosw
  3049 000016AD 36FE46EC                    inc byte [ss:bp-20]
  3050 000016B1 368A46EC                    mov al, [ss:bp-20]
  3051 000016B5 363A46ED                    cmp al, [ss:bp-19]
  3052                                      J286_BE .fill_row
    39 000016B9 7702                <1>  ja short %%skip
    40 000016BB EBC6                <1>  jmp %1
    41                              <1> %%skip:
  3053 000016BD 83C404                      add sp, 4
  3054 000016C0 07                          pop es
  3055 000016C1 1F                          pop ds
  3056 000016C2 5F                          pop di
  3057 000016C3 5E                          pop si
  3058 000016C4 5A                          pop dx
  3059 000016C5 59                          pop cx
  3060 000016C6 5B                          pop bx
  3061 000016C7 58                          pop ax
  3062 000016C8 5D                          pop bp
  3063 000016C9 CF                          iret
  3064                                  
  3065                                  video_get_mode:
  3066 000016CA 1E                          push ds
  3067 000016CB B84000                      mov ax, BDA_SEG
  3068 000016CE 8ED8                        mov ds, ax
  3069 000016D0 A04900                      mov al, [0x49]
  3070 000016D3 8A264A00                    mov ah, [0x4A]
  3071 000016D7 8A3E6200                    mov bh, [0x62]
  3072 000016DB 1F                          pop ds
  3073 000016DC CF                          iret
  3074                                  video_ega_query:
  3075 000016DD 80FB10                      cmp bl, 0x10
  3076                                      J286_NE .done
    19 000016E0 7402                <1>  je short %%skip
    20 000016E2 EB02                <1>  jmp %1
    21                              <1> %%skip:
  3077 000016E4 B7FF                        mov bh, 0xFF                    ; no EGA feature connector
  3078                                  .done:
  3079 000016E6 CF                          iret
  3080                                  video_display_query:
  3081 000016E7 30C0                        xor al, al                      ; INT 10h/1Ah unsupported on CGA
  3082 000016E9 CF                          iret
  3083                                  
  3084                                  int11:
  3085 000016EA 1E                          push ds
  3086 000016EB B84000                      mov ax, BDA_SEG
  3087 000016EE 8ED8                        mov ds, ax
  3088 000016F0 A11000                      mov ax, [0x10]
  3089 000016F3 1F                          pop ds
  3090 000016F4 CF                          iret
  3091                                  
  3092 000016F5 B87F02                  int12: mov ax, 639
  3093 000016F8 CF                          iret
  3094                                  
  3095                                  ; Core disk BIOS for DOS-era CHS callers.
  3096                                  ; AH=00 reset, 01 status, 02 read, 03 write, 04 verify, 08 parameters,
  3097                                  ;    0C seek, 10 ready, 15 drive type/capacity.
  3098                                  int13:
  3099                                  
  3100 000016F9 55                          push bp
  3101 000016FA 89E5                        mov bp, sp
  3102 000016FC 83EC02                      sub sp, 2
  3103 000016FF 368956FE                    mov [ss:bp-2], dx               ; preserve the original drive number
  3104                                  
  3105 00001703 80FC00                      cmp ah, 0x00
  3106                                      J286_E .reset
    14 00001706 7502                <1>  jne short %%skip
    15 00001708 EB64                <1>  jmp %1
    16                              <1> %%skip:
  3107 0000170A 80FC01                      cmp ah, 0x01
  3108                                      J286_E .status
    14 0000170D 7503                <1>  jne short %%skip
    15 0000170F E99B00              <1>  jmp %1
    16                              <1> %%skip:
  3109 00001712 80FC02                      cmp ah, 0x02
  3110                                      J286_E .read
    14 00001715 7503                <1>  jne short %%skip
    15 00001717 E9B700              <1>  jmp %1
    16                              <1> %%skip:
  3111 0000171A 80FC03                      cmp ah, 0x03
  3112                                      J286_E .write
    14 0000171D 7503                <1>  jne short %%skip
    15 0000171F E9E400              <1>  jmp %1
    16                              <1> %%skip:
  3113 00001722 80FC04                      cmp ah, 0x04
  3114                                      J286_E .verify
    14 00001725 7503                <1>  jne short %%skip
    15 00001727 E91101              <1>  jmp %1
    16                              <1> %%skip:
  3115 0000172A 80FC08                      cmp ah, 0x08
  3116                                      J286_E .params
    14 0000172D 7503                <1>  jne short %%skip
    15 0000172F E93601              <1>  jmp %1
    16                              <1> %%skip:
  3117 00001732 80FC09                      cmp ah, 0x09
  3118                                      J286_E .ready
    14 00001735 7503                <1>  jne short %%skip
    15 00001737 E98D01              <1>  jmp %1
    16                              <1> %%skip:
  3119 0000173A 80FC0C                      cmp ah, 0x0C
  3120                                      J286_E .seek
    14 0000173D 7503                <1>  jne short %%skip
    15 0000173F E98501              <1>  jmp %1
    16                              <1> %%skip:
  3121 00001742 80FC0D                      cmp ah, 0x0D
  3122                                      J286_E .reset
    14 00001745 7502                <1>  jne short %%skip
    15 00001747 EB25                <1>  jmp %1
    16                              <1> %%skip:
  3123 00001749 80FC10                      cmp ah, 0x10
  3124                                      J286_E .ready
    14 0000174C 7503                <1>  jne short %%skip
    15 0000174E E97601              <1>  jmp %1
    16                              <1> %%skip:
  3125 00001751 80FC11                      cmp ah, 0x11
  3126                                      J286_E .seek
    14 00001754 7503                <1>  jne short %%skip
    15 00001756 E96E01              <1>  jmp %1
    16                              <1> %%skip:
  3127 00001759 80FC14                      cmp ah, 0x14
  3128                                      J286_E .ready
    14 0000175C 7503                <1>  jne short %%skip
    15 0000175E E96601              <1>  jmp %1
    16                              <1> %%skip:
  3129 00001761 80FC15                      cmp ah, 0x15
  3130                                      J286_E .drive_type
    14 00001764 7503                <1>  jne short %%skip
    15 00001766 E98601              <1>  jmp %1
    16                              <1> %%skip:
  3131 00001769 B401                        mov ah, 0x01                    ; invalid function
  3132 0000176B E9C701                      jmp .failure
  3133                                  
  3134                                  .reset:
  3135 0000176E 368B56FE                    mov dx, [ss:bp-2]
  3136 00001772 F6C280                      test dl, 0x80
  3137                                      J286_NE .reset_hard_disk
    19 00001775 7402                <1>  je short %%skip
    20 00001777 EB16                <1>  jmp %1
    21                              <1> %%skip:
  3138 00001779 80FA02                      cmp dl, 2
  3139                                      J286_AE .drive_not_ready
    24 0000177C 7203                <1>  jb short %%skip
    25 0000177E E9B201              <1>  jmp %1
    26                              <1> %%skip:
  3140 00001781 BAF203                      mov dx, 0x3F2
  3141 00001784 30C0                        xor al, al
  3142 00001786 EE                          out dx, al
  3143 00001787 B00C                        mov al, 0x0C
  3144 00001789 EE                          out dx, al
  3145 0000178A 30E4                        xor ah, ah
  3146 0000178C E9BE01                      jmp .success
  3147                                  .reset_hard_disk:
  3148 0000178F 80FA80                      cmp dl, 0x80
  3149                                      J286_NE .drive_not_ready
    19 00001792 7403                <1>  je short %%skip
    20 00001794 E99C01              <1>  jmp %1
    21                              <1> %%skip:
  3150 00001797 E83E05                      call ata_drive_present
  3151                                      J286_C .drive_not_ready
    29 0000179A 7303                <1>  jnc short %%skip
    30 0000179C E99401              <1>  jmp %1
    31                              <1> %%skip:
  3152 0000179F BAF603                      mov dx, 0x3F6
  3153 000017A2 B006                        mov al, 0x06                    ; nIEN + software reset
  3154 000017A4 EE                          out dx, al
  3155 000017A5 B002                        mov al, 0x02                    ; release reset, keep interrupts disabled
  3156 000017A7 EE                          out dx, al
  3157 000017A8 30E4                        xor ah, ah
  3158 000017AA E9A001                      jmp .success
  3159                                  
  3160                                  .status:
  3161 000017AD 368B56FE                    mov dx, [ss:bp-2]
  3162 000017B1 80FA02                      cmp dl, 2
  3163                                      J286_B .get_status
    34 000017B4 7302                <1>  jae short %%skip
    35 000017B6 EB08                <1>  jmp %1
    36                              <1> %%skip:
  3164 000017B8 80FA80                      cmp dl, 0x80
  3165                                      J286_NE .drive_not_ready
    19 000017BB 7403                <1>  je short %%skip
    20 000017BD E97301              <1>  jmp %1
    21                              <1> %%skip:
  3166                                  .get_status:
  3167 000017C0 53                          push bx
  3168 000017C1 88D3                        mov bl, dl
  3169 000017C3 E8BC01                      call bios_get_disk_status
  3170 000017C6 5B                          pop bx
  3171 000017C7 84E4                        test ah, ah
  3172                                      J286_NE .failure
    19 000017C9 7403                <1>  je short %%skip
    20 000017CB E96701              <1>  jmp %1
    21                              <1> %%skip:
  3173 000017CE E97C01                      jmp .success
  3174                                  
  3175                                  .read:
  3176                                  
  3177 000017D1 368B56FE                    mov dx, [ss:bp-2]
  3178 000017D5 F6C280                      test dl, 0x80
  3179                                      J286_NE .read_hard_disk
    19 000017D8 7402                <1>  je short %%skip
    20 000017DA EB15                <1>  jmp %1
    21                              <1> %%skip:
  3180 000017DC 80FA02                      cmp dl, 2
  3181                                      J286_AE .drive_not_ready
    24 000017DF 7203                <1>  jb short %%skip
    25 000017E1 E94F01              <1>  jmp %1
    26                              <1> %%skip:
  3182                                  
  3183 000017E4 E80A02                      call floppy_read
  3184                                      J286_C .controller_failure
    29 000017E7 7303                <1>  jnc short %%skip
    30 000017E9 E94301              <1>  jmp %1
    31                              <1> %%skip:
  3185 000017EC 30E4                        xor ah, ah
  3186 000017EE E95C01                      jmp .success
  3187                                  .read_hard_disk:
  3188 000017F1 80FA80                      cmp dl, 0x80
  3189                                      J286_NE .drive_not_ready
    19 000017F4 7403                <1>  je short %%skip
    20 000017F6 E93A01              <1>  jmp %1
    21                              <1> %%skip:
  3190 000017F9 E8FF04                      call ata_transfer_chs
  3191                                      J286_C .ata_failure
    29 000017FC 7303                <1>  jnc short %%skip
    30 000017FE E92501              <1>  jmp %1
    31                              <1> %%skip:
  3192 00001801 30E4                        xor ah, ah
  3193 00001803 E94701                      jmp .success
  3194                                  
  3195                                  .write:
  3196 00001806 368B56FE                    mov dx, [ss:bp-2]
  3197 0000180A F6C280                      test dl, 0x80
  3198                                      J286_NE .write_hard_disk
    19 0000180D 7402                <1>  je short %%skip
    20 0000180F EB15                <1>  jmp %1
    21                              <1> %%skip:
  3199 00001811 80FA02                      cmp dl, 2
  3200                                      J286_AE .drive_not_ready
    24 00001814 7203                <1>  jb short %%skip
    25 00001816 E91A01              <1>  jmp %1
    26                              <1> %%skip:
  3201 00001819 E8C502                      call floppy_write
  3202                                      J286_C .controller_failure
    29 0000181C 7303                <1>  jnc short %%skip
    30 0000181E E90E01              <1>  jmp %1
    31                              <1> %%skip:
  3203 00001821 30E4                        xor ah, ah
  3204 00001823 E92701                      jmp .success
  3205                                  .write_hard_disk:
  3206 00001826 80FA80                      cmp dl, 0x80
  3207                                      J286_NE .drive_not_ready
    19 00001829 7403                <1>  je short %%skip
    20 0000182B E90501              <1>  jmp %1
    21                              <1> %%skip:
  3208 0000182E E8CA04                      call ata_transfer_chs
  3209                                      J286_C .ata_failure
    29 00001831 7303                <1>  jnc short %%skip
    30 00001833 E9F000              <1>  jmp %1
    31                              <1> %%skip:
  3210 00001836 30E4                        xor ah, ah
  3211 00001838 E91201                      jmp .success
  3212                                  
  3213                                  .verify:
  3214 0000183B 368B56FE                    mov dx, [ss:bp-2]
  3215 0000183F F6C280                      test dl, 0x80
  3216                                      J286_NE .verify_hard_disk
    19 00001842 7402                <1>  je short %%skip
    20 00001844 EB0D                <1>  jmp %1
    21                              <1> %%skip:
  3217 00001846 80FA02                      cmp dl, 2
  3218                                      J286_AE .drive_not_ready
    24 00001849 7203                <1>  jb short %%skip
    25 0000184B E9E500              <1>  jmp %1
    26                              <1> %%skip:
  3219                                      ; The emulated floppy controller validates sectors during normal reads.
  3220                                      ; DOS installation does not require a destructive or buffer-altering
  3221                                      ; floppy verify, so report ready here.
  3222 0000184E 30E4                        xor ah, ah
  3223 00001850 E9FA00                      jmp .success
  3224                                  .verify_hard_disk:
  3225 00001853 80FA80                      cmp dl, 0x80
  3226                                      J286_NE .drive_not_ready
    19 00001856 7403                <1>  je short %%skip
    20 00001858 E9D800              <1>  jmp %1
    21                              <1> %%skip:
  3227 0000185B E89D04                      call ata_transfer_chs
  3228                                      J286_C .ata_failure
    29 0000185E 7303                <1>  jnc short %%skip
    30 00001860 E9C300              <1>  jmp %1
    31                              <1> %%skip:
  3229 00001863 30E4                        xor ah, ah
  3230 00001865 E9E500                      jmp .success
  3231                                  
  3232                                  .params:
  3233 00001868 368B56FE                    mov dx, [ss:bp-2]
  3234 0000186C F6C280                      test dl, 0x80
  3235                                      J286_NE .hard_disk_params
    19 0000186F 7402                <1>  je short %%skip
    20 00001871 EB1C                <1>  jmp %1
    21                              <1> %%skip:
  3236 00001873 80FA02                      cmp dl, 2
  3237                                      J286_AE .drive_not_ready
    24 00001876 7203                <1>  jb short %%skip
    25 00001878 E9B800              <1>  jmp %1
    26                              <1> %%skip:
  3238 0000187B B54F                        mov ch, 79                     ; 80 cylinders, maximum index 79
  3239 0000187D B112                        mov cl, 18                     ; 18 sectors per track
  3240 0000187F B601                        mov dh, 1                      ; two heads, maximum index 1
  3241 00001881 B202                        mov dl, 2                      ; two BIOS diskette drive numbers
  3242 00001883 B304                        mov bl, 4                      ; 1.44 MB drive type
  3243 00001885 0E                          push cs
  3244 00001886 07                          pop es
  3245 00001887 BF[162A]                    mov di, floppy_dpt
  3245          ******************       warning: 16-bit absolute section-crossing relocation [-w+reloc-abs-word]
  3246 0000188A 30E4                        xor ah, ah
  3247 0000188C E9BE00                      jmp .success
  3248                                  .hard_disk_params:
  3249 0000188F 80FA80                      cmp dl, 0x80
  3250                                      J286_NE .drive_not_ready
    19 00001892 7403                <1>  je short %%skip
    20 00001894 E99C00              <1>  jmp %1
    21                              <1> %%skip:
  3251 00001897 E83E04                      call ata_drive_present
  3252                                      J286_C .drive_not_ready
    29 0000189A 7303                <1>  jnc short %%skip
    30 0000189C E99400              <1>  jmp %1
    31                              <1> %%skip:
  3253 0000189F 1E                          push ds
  3254 000018A0 B8C09F                      mov ax, EBDA_SEG
  3255 000018A3 8ED8                        mov ds, ax
  3256 000018A5 A1E003                      mov ax, [HD_CYLINDERS]
  3257 000018A8 48                          dec ax                         ; INT 13h returns the maximum cylinder
  3258 000018A9 88C5                        mov ch, al
  3259 000018AB 8A0EE703                    mov cl, [HD_SECTORS_TRACK]
  3260 000018AF 88E3                        mov bl, ah
  3261 000018B1 80E303                      and bl, 3
  3262 000018B4 C0E306                      shl bl, 6
  3263 000018B7 08D9                        or cl, bl
  3264 000018B9 8A36E603                    mov dh, [HD_HEADS]
  3265 000018BD FECE                        dec dh
  3266 000018BF B201                        mov dl, 1
  3267 000018C1 1F                          pop ds
  3268 000018C2 30E4                        xor ah, ah
  3269 000018C4 E98600                      jmp .success
  3270                                  
  3271                                  .seek:
  3272                                  .ready:
  3273 000018C7 368B56FE                    mov dx, [ss:bp-2]
  3274 000018CB F6C280                      test dl, 0x80
  3275                                      J286_NE .ready_hard_disk
    19 000018CE 7402                <1>  je short %%skip
    20 000018D0 EB0B                <1>  jmp %1
    21                              <1> %%skip:
  3276 000018D2 80FA02                      cmp dl, 2
  3277                                      J286_AE .drive_not_ready
    24 000018D5 7202                <1>  jb short %%skip
    25 000018D7 EB5A                <1>  jmp %1
    26                              <1> %%skip:
  3278 000018D9 30E4                        xor ah, ah
  3279 000018DB EB70                        jmp .success
  3280                                  .ready_hard_disk:
  3281 000018DD 80FA80                      cmp dl, 0x80
  3282                                      J286_NE .drive_not_ready
    19 000018E0 7402                <1>  je short %%skip
    20 000018E2 EB4F                <1>  jmp %1
    21                              <1> %%skip:
  3283 000018E4 E8F103                      call ata_drive_present
  3284                                      J286_C .drive_not_ready
    29 000018E7 7302                <1>  jnc short %%skip
    30 000018E9 EB48                <1>  jmp %1
    31                              <1> %%skip:
  3285 000018EB 30E4                        xor ah, ah
  3286 000018ED EB5E                        jmp .success
  3287                                  
  3288                                  .drive_type:
  3289 000018EF 368B56FE                    mov dx, [ss:bp-2]
  3290 000018F3 F6C280                      test dl, 0x80
  3291                                      J286_NE .hard_disk_type
    19 000018F6 7402                <1>  je short %%skip
    20 000018F8 EB0B                <1>  jmp %1
    21                              <1> %%skip:
  3292 000018FA 80FA02                      cmp dl, 2
  3293                                      J286_AE .drive_not_ready
    24 000018FD 7202                <1>  jb short %%skip
    25 000018FF EB32                <1>  jmp %1
    26                              <1> %%skip:
  3294 00001901 B401                        mov ah, 1                      ; diskette, no change-line support promised
  3295 00001903 EB48                        jmp .success
  3296                                  .hard_disk_type:
  3297 00001905 80FA80                      cmp dl, 0x80
  3298                                      J286_NE .drive_not_ready
    19 00001908 7402                <1>  je short %%skip
    20 0000190A EB27                <1>  jmp %1
    21                              <1> %%skip:
  3299 0000190C E8C903                      call ata_drive_present
  3300                                      J286_C .drive_not_ready
    29 0000190F 7302                <1>  jnc short %%skip
    30 00001911 EB20                <1>  jmp %1
    31                              <1> %%skip:
  3301 00001913 1E                          push ds
  3302 00001914 B8C09F                      mov ax, EBDA_SEG
  3303 00001917 8ED8                        mov ds, ax
  3304 00001919 8B16E203                    mov dx, [HD_TOTAL_LOW]
  3305 0000191D 8B0EE403                    mov cx, [HD_TOTAL_HIGH]
  3306 00001921 1F                          pop ds
  3307 00001922 B403                        mov ah, 3                      ; fixed disk; CX:DX contains 512-byte sectors
  3308 00001924 EB27                        jmp .success
  3309                                  
  3310                                  .ata_failure:
  3311 00001926 E8C603                      call ata_get_last_error
  3312 00001929 84E4                        test ah, ah
  3313                                      J286_NE .failure
    19 0000192B 7402                <1>  je short %%skip
    20 0000192D EB06                <1>  jmp %1
    21                              <1> %%skip:
  3314                                  .controller_failure:
  3315 0000192F B420                        mov ah, 0x20
  3316 00001931 EB02                        jmp .failure
  3317                                  .drive_not_ready:
  3318 00001933 B4AA                        mov ah, 0xAA
  3319                                  
  3320                                  .failure:
  3321 00001935 50                          push ax
  3322 00001936 53                          push bx
  3323 00001937 88E0                        mov al, ah
  3324 00001939 368A5EFE                    mov bl, [ss:bp-2]
  3325 0000193D E82300                      call bios_set_disk_status
  3326 00001940 5B                          pop bx
  3327 00001941 58                          pop ax
  3328 00001942 30C0                        xor al, al
  3329 00001944 36834E0601                  or word [ss:bp+6], 1
  3330 00001949 89EC                        mov sp, bp
  3331 0000194B 5D                          pop bp
  3332 0000194C CF                          iret
  3333                                  
  3334                                  .success:
  3335 0000194D 50                          push ax
  3336 0000194E 53                          push bx
  3337 0000194F 30C0                        xor al, al
  3338 00001951 368A5EFE                    mov bl, [ss:bp-2]
  3339 00001955 E80B00                      call bios_set_disk_status
  3340 00001958 5B                          pop bx
  3341 00001959 58                          pop ax
  3342 0000195A 36836606FE                  and word [ss:bp+6], 0xFFFE
  3343 0000195F 89EC                        mov sp, bp
  3344 00001961 5D                          pop bp
  3345 00001962 CF                          iret
  3346                                  
  3347                                  ; AL=status, BL=original BIOS drive.  All registers are preserved.
  3348                                  bios_set_disk_status:
  3349 00001963 50                          push ax
  3350 00001964 53                          push bx
  3351 00001965 1E                          push ds
  3352 00001966 88C7                        mov bh, al
  3353 00001968 B84000                      mov ax, BDA_SEG
  3354 0000196B 8ED8                        mov ds, ax
  3355 0000196D F6C380                      test bl, 0x80
  3356                                      J286_NE .hard_disk
    19 00001970 7402                <1>  je short %%skip
    20 00001972 EB06                <1>  jmp %1
    21                              <1> %%skip:
  3357 00001974 883E4100                    mov [BDA_DISKETTE_STATUS], bh
  3358 00001978 EB04                        jmp .done
  3359                                  .hard_disk:
  3360 0000197A 883E7400                    mov [BDA_HDD_STATUS], bh
  3361                                  .done:
  3362 0000197E 1F                          pop ds
  3363 0000197F 5B                          pop bx
  3364 00001980 58                          pop ax
  3365 00001981 C3                          ret
  3366                                  
  3367                                  ; BL=original BIOS drive; returns AH=last status.  AL is scratch.
  3368                                  bios_get_disk_status:
  3369 00001982 53                          push bx
  3370 00001983 1E                          push ds
  3371 00001984 B84000                      mov ax, BDA_SEG
  3372 00001987 8ED8                        mov ds, ax
  3373 00001989 F6C380                      test bl, 0x80
  3374                                      J286_NE .hard_disk
    19 0000198C 7402                <1>  je short %%skip
    20 0000198E EB06                <1>  jmp %1
    21                              <1> %%skip:
  3375 00001990 8A264100                    mov ah, [BDA_DISKETTE_STATUS]
  3376 00001994 EB04                        jmp .done
  3377                                  .hard_disk:
  3378 00001996 8A267400                    mov ah, [BDA_HDD_STATUS]
  3379                                  .done:
  3380 0000199A 1F                          pop ds
  3381 0000199B 5B                          pop bx
  3382 0000199C C3                          ret
  3383                                  
  3384                                  ; CROMWELL KEYBOARD REALITY BRICK 2 INT15 BEGIN
  3385                                  ; AT system services used during DOS/keyboard initialization.
  3386                                  int15:
  3387 0000199D 55                          push bp
  3388 0000199E 89E5                        mov bp, sp
  3389                                  
  3390 000019A0 80FC4F                      cmp ah, 0x4F                   ; keyboard scan-code intercept
  3391                                      J286_E .keyboard_intercept
    14 000019A3 7502                <1>  jne short %%skip
    15 000019A5 EB25                <1>  jmp %1
    16                              <1> %%skip:
  3392 000019A7 80FC85                      cmp ah, 0x85                   ; SysReq notification
  3393                                      J286_E .keyboard_success
    14 000019AA 7502                <1>  jne short %%skip
    15 000019AC EB25                <1>  jmp %1
    16                              <1> %%skip:
  3394 000019AE 80FC90                      cmp ah, 0x90                   ; device busy
  3395                                      J286_E .keyboard_success
    14 000019B1 7502                <1>  jne short %%skip
    15 000019B3 EB1E                <1>  jmp %1
    16                              <1> %%skip:
  3396 000019B5 80FC91                      cmp ah, 0x91                   ; interrupt complete
  3397                                      J286_E .keyboard_success
    14 000019B8 7502                <1>  jne short %%skip
    15 000019BA EB17                <1>  jmp %1
    16                              <1> %%skip:
  3398 000019BC 80FC88                      cmp ah, 0x88                   ; extended memory above 1 MiB, in KiB
  3399                                      J286_E .extended_memory
    14 000019BF 7502                <1>  jne short %%skip
    15 000019C1 EB17                <1>  jmp %1
    16                              <1> %%skip:
  3400                                  
  3401 000019C3 B486                        mov ah, 0x86                   ; unsupported function
  3402 000019C5 36834E0601                  or word [ss:bp+6], 1
  3403 000019CA 5D                          pop bp
  3404 000019CB CF                          iret
  3405                                  
  3406                                  .keyboard_intercept:
  3407                                      ; Default BIOS owns the scan.  TSRs/ROM extensions may hook INT 15h and
  3408                                      ; clear CF to consume it before INT 09h translation.
  3409 000019CC 36834E0601                  or word [ss:bp+6], 1
  3410 000019D1 5D                          pop bp
  3411 000019D2 CF                          iret
  3412                                  
  3413                                  .keyboard_success:
  3414 000019D3 36836606FE                  and word [ss:bp+6], 0xFFFE
  3415 000019D8 5D                          pop bp
  3416 000019D9 CF                          iret
  3417                                  
  3418                                  .extended_memory:
  3419 000019DA B030                        mov al, 0x30
  3420 000019DC E8D9EB                      call cmos_read
  3421 000019DF 88C2                        mov dl, al
  3422 000019E1 B031                        mov al, 0x31
  3423 000019E3 E8D2EB                      call cmos_read
  3424 000019E6 88C4                        mov ah, al
  3425 000019E8 88D0                        mov al, dl
  3426 000019EA 36836606FE                  and word [ss:bp+6], 0xFFFE
  3427 000019EF 5D                          pop bp
  3428 000019F0 CF                          iret
  3429                                  ; CROMWELL KEYBOARD REALITY BRICK 2 INT15 END
  3430                                  
  3431                                  ; Read AL sectors from floppy CHS CH/DH/CL into ES:BX via DMA channel 2.
  3432                                  floppy_read:
  3433 000019F1 50                          push ax
  3434 000019F2 53                          push bx
  3435 000019F3 51                          push cx
  3436 000019F4 52                          push dx
  3437 000019F5 56                          push si
  3438 000019F6 57                          push di
  3439 000019F7 1E                          push ds
  3440                                  
  3441                                      ; The 8237 cannot cross a 64 KiB page. Read one sector at a time into
  3442                                      ; a fixed EBDA bounce buffer, then copy with the CPU to caller ES:BX.
  3443 000019F8 89C6                        mov si, ax
  3444 000019FA 89DF                        mov di, bx
  3445 000019FC B8C09F                      mov ax, 0x9FC0
  3446 000019FF 8ED8                        mov ds, ax
  3447 00001A01 882E0002                    mov [0x200], ch                 ; current cylinder
  3448 00001A05 88360102                    mov [0x201], dh                 ; current head
  3449 00001A09 88C8                        mov al, cl
  3450 00001A0B 243F                        and al, 0x3F
  3451 00001A0D A20202                      mov [0x202], al                 ; current sector
  3452 00001A10 88160302                    mov [0x203], dl                 ; drive
  3453 00001A14 89F0                        mov ax, si
  3454 00001A16 A20402                      mov [0x204], al                 ; remaining sectors
  3455                                  
  3456                                  .next_sector:
  3457 00001A19 803E040200                  cmp byte [0x204], 0
  3458                                      J286_NE .do_sector
    19 00001A1E 7402                <1>  je short %%skip
    20 00001A20 EB03                <1>  jmp %1
    21                              <1> %%skip:
  3459 00001A22 E9B300                      jmp .success
  3460                                  
  3461                                  .do_sector:
  3462                                      ; DMA channel 2: device -> memory, 512 bytes at physical 9FC0:0000.
  3463 00001A25 30C0                        xor al, al
  3464 00001A27 E60C                        out 0x0C, al
  3465 00001A29 B006                        mov al, 6                      ; mask DMA channel 2 while programming
  3466 00001A2B E60A                        out 0x0A, al
  3467 00001A2D B046                        mov al, 0x46                   ; single, device-to-memory, channel 2
  3468 00001A2F E60B                        out 0x0B, al
  3469 00001A31 B800FC                      mov ax, 0xFC00
  3470 00001A34 E604                        out 0x04, al
  3471 00001A36 88E0                        mov al, ah
  3472 00001A38 E604                        out 0x04, al
  3473 00001A3A B009                        mov al, 9
  3474 00001A3C E681                        out 0x81, al
  3475 00001A3E B8FF01                      mov ax, 511
  3476 00001A41 E605                        out 0x05, al
  3477 00001A43 88E0                        mov al, ah
  3478 00001A45 E605                        out 0x05, al
  3479 00001A47 B002                        mov al, 2
  3480 00001A49 E60A                        out 0x0A, al
  3481 00001A4B A00302                      mov al, [0x203]
  3482 00001A4E 3C01                        cmp al, 1
  3483                                      J286_NE .motor_a
    19 00001A50 7402                <1>  je short %%skip
    20 00001A52 EB04                <1>  jmp %1
    21                              <1> %%skip:
  3484 00001A54 B02D                        mov al, 0x2D                    ; motor B, DMA/IRQ enabled, drive B selected
  3485 00001A56 EB02                        jmp .motor_ready
  3486                                  .motor_a:
  3487 00001A58 B01C                        mov al, 0x1C                    ; motor A, DMA/IRQ enabled, drive A selected
  3488                                  .motor_ready:
  3489 00001A5A BAF203                      mov dx, 0x3F2
  3490 00001A5D EE                          out dx, al
  3491 00001A5E BAF503                      mov dx, 0x3F5
  3492 00001A61 B0E6                        mov al, 0xE6
  3493 00001A63 EE                          out dx, al
  3494 00001A64 A00102                      mov al, [0x201]
  3495 00001A67 C0E002                      shl al, 2
  3496 00001A6A 0A060302                    or al, [0x203]
  3497 00001A6E EE                          out dx, al
  3498 00001A6F A00002                      mov al, [0x200]
  3499 00001A72 EE                          out dx, al
  3500 00001A73 A00102                      mov al, [0x201]
  3501 00001A76 EE                          out dx, al
  3502 00001A77 A00202                      mov al, [0x202]
  3503 00001A7A EE                          out dx, al
  3504 00001A7B B002                        mov al, 2
  3505 00001A7D EE                          out dx, al
  3506 00001A7E A00202                      mov al, [0x202]                 ; EOT = this sector only
  3507 00001A81 EE                          out dx, al
  3508 00001A82 B01B                        mov al, 0x1B
  3509 00001A84 EE                          out dx, al
  3510 00001A85 B0FF                        mov al, 0xFF
  3511 00001A87 EE                          out dx, al
  3512                                      ; Controller completes synchronously in this substrate.
  3513 00001A88 EC                          in al, dx
  3514 00001A89 A8C0                        test al, 0xC0
  3515                                      J286_NE .discard_bad
    19 00001A8B 7402                <1>  je short %%skip
    20 00001A8D EB40                <1>  jmp %1
    21                              <1> %%skip:
  3516 00001A8F B90600                      mov cx, 6
  3517 00001A92 EC                      .result: in al, dx
  3518 00001A93 E2FD                        loop .result
  3519                                  
  3520                                      ; Copy the bounce sector to the caller's buffer.
  3521 00001A95 1E                          push ds
  3522 00001A96 B8C09F                      mov ax, 0x9FC0
  3523 00001A99 8ED8                        mov ds, ax
  3524 00001A9B 31F6                        xor si, si
  3525 00001A9D B90001                      mov cx, 256
  3526 00001AA0 FC                          cld
  3527 00001AA1 F3A5                        rep movsw
  3528 00001AA3 1F                          pop ds
  3529                                  
  3530 00001AA4 FE060202                    inc byte [0x202]
  3531 00001AA8 803E020213                  cmp byte [0x202], 19
  3532                                      J286_B .advance_done
    34 00001AAD 7302                <1>  jae short %%skip
    35 00001AAF EB17                <1>  jmp %1
    36                              <1> %%skip:
  3533 00001AB1 C606020201                  mov byte [0x202], 1
  3534 00001AB6 8036010201                  xor byte [0x201], 1
  3535 00001ABB 803E010200                  cmp byte [0x201], 0
  3536                                      J286_NE .advance_done
    19 00001AC0 7402                <1>  je short %%skip
    20 00001AC2 EB04                <1>  jmp %1
    21                              <1> %%skip:
  3537 00001AC4 FE060002                    inc byte [0x200]
  3538                                  .advance_done:
  3539 00001AC8 FE0E0402                    dec byte [0x204]
  3540 00001ACC E94AFF                      jmp .next_sector
  3541                                  
  3542                                  .discard_bad:
  3543 00001ACF B90600                      mov cx, 6
  3544 00001AD2 EC                      .discard: in al, dx
  3545 00001AD3 E2FD                        loop .discard
  3546 00001AD5 F9                          stc
  3547 00001AD6 EB01                        jmp .done
  3548                                  .success:
  3549 00001AD8 F8                          clc
  3550                                  .done:
  3551 00001AD9 1F                          pop ds
  3552 00001ADA 5F                          pop di
  3553 00001ADB 5E                          pop si
  3554 00001ADC 5A                          pop dx
  3555 00001ADD 59                          pop cx
  3556 00001ADE 5B                          pop bx
  3557 00001ADF 58                          pop ax
  3558 00001AE0 C3                          ret
  3559                                  
  3560                                  ; Write AL sectors from ES:BX to floppy CHS CH/DH/CL through DMA channel 2.
  3561                                  floppy_write:
  3562 00001AE1 50                          push ax
  3563 00001AE2 53                          push bx
  3564 00001AE3 51                          push cx
  3565 00001AE4 52                          push dx
  3566 00001AE5 56                          push si
  3567 00001AE6 57                          push di
  3568 00001AE7 1E                          push ds
  3569 00001AE8 06                          push es
  3570                                  
  3571 00001AE9 89C6                        mov si, ax
  3572 00001AEB 89DF                        mov di, bx
  3573 00001AED B8C09F                      mov ax, EBDA_SEG
  3574 00001AF0 8ED8                        mov ds, ax
  3575 00001AF2 882E0002                    mov [0x200], ch                 ; current cylinder
  3576 00001AF6 88360102                    mov [0x201], dh                 ; current head
  3577 00001AFA 88C8                        mov al, cl
  3578 00001AFC 243F                        and al, 0x3F
  3579 00001AFE A20202                      mov [0x202], al                 ; current sector
  3580 00001B01 88160302                    mov [0x203], dl                 ; drive
  3581 00001B05 89F0                        mov ax, si
  3582 00001B07 A20402                      mov [0x204], al                 ; remaining sectors
  3583                                  
  3584                                  .next_sector:
  3585 00001B0A 803E040200                  cmp byte [0x204], 0
  3586                                      J286_E .success
    14 00001B0F 7503                <1>  jne short %%skip
    15 00001B11 E9BD00              <1>  jmp %1
    16                              <1> %%skip:
  3587                                  
  3588                                      ; Copy one caller sector into the EBDA bounce buffer.
  3589 00001B14 06                          push es
  3590 00001B15 1E                          push ds
  3591 00001B16 06                          push es
  3592 00001B17 1F                          pop ds                          ; DS = caller ES
  3593 00001B18 89FE                        mov si, di
  3594 00001B1A B8C09F                      mov ax, EBDA_SEG
  3595 00001B1D 8EC0                        mov es, ax
  3596 00001B1F 31FF                        xor di, di
  3597 00001B21 B90001                      mov cx, 256
  3598 00001B24 FC                          cld
  3599 00001B25 F3A5                        rep movsw
  3600 00001B27 89F3                        mov bx, si                      ; next caller offset
  3601 00001B29 1F                          pop ds                          ; DS = EBDA
  3602 00001B2A 07                          pop es                          ; ES = caller segment
  3603 00001B2B 89DF                        mov di, bx
  3604                                  
  3605 00001B2D 30C0                        xor al, al
  3606 00001B2F E60C                        out 0x0C, al
  3607 00001B31 B006                        mov al, 6                      ; mask DMA channel 2
  3608 00001B33 E60A                        out 0x0A, al
  3609 00001B35 B04A                        mov al, 0x4A                   ; single, memory-to-device, channel 2
  3610 00001B37 E60B                        out 0x0B, al
  3611 00001B39 B800FC                      mov ax, 0xFC00
  3612 00001B3C E604                        out 0x04, al
  3613 00001B3E 88E0                        mov al, ah
  3614 00001B40 E604                        out 0x04, al
  3615 00001B42 B009                        mov al, 9
  3616 00001B44 E681                        out 0x81, al
  3617 00001B46 B8FF01                      mov ax, 511
  3618 00001B49 E605                        out 0x05, al
  3619 00001B4B 88E0                        mov al, ah
  3620 00001B4D E605                        out 0x05, al
  3621 00001B4F B002                        mov al, 2                      ; unmask DMA channel 2
  3622 00001B51 E60A                        out 0x0A, al
  3623                                  
  3624 00001B53 A00302                      mov al, [0x203]
  3625 00001B56 3C01                        cmp al, 1
  3626                                      J286_NE .motor_a
    19 00001B58 7402                <1>  je short %%skip
    20 00001B5A EB04                <1>  jmp %1
    21                              <1> %%skip:
  3627 00001B5C B02D                        mov al, 0x2D                    ; motor B, DMA/IRQ enabled, drive B selected
  3628 00001B5E EB02                        jmp .motor_ready
  3629                                  .motor_a:
  3630 00001B60 B01C                        mov al, 0x1C                    ; motor A, DMA/IRQ enabled, drive A selected
  3631                                  .motor_ready:
  3632 00001B62 BAF203                      mov dx, 0x3F2
  3633 00001B65 EE                          out dx, al
  3634 00001B66 BAF503                      mov dx, 0x3F5
  3635 00001B69 B0C5                        mov al, 0xC5                   ; MFM WRITE DATA
  3636 00001B6B EE                          out dx, al
  3637 00001B6C A00102                      mov al, [0x201]
  3638 00001B6F C0E002                      shl al, 2
  3639 00001B72 0A060302                    or al, [0x203]
  3640 00001B76 EE                          out dx, al
  3641 00001B77 A00002                      mov al, [0x200]
  3642 00001B7A EE                          out dx, al
  3643 00001B7B A00102                      mov al, [0x201]
  3644 00001B7E EE                          out dx, al
  3645 00001B7F A00202                      mov al, [0x202]
  3646 00001B82 EE                          out dx, al
  3647 00001B83 B002                        mov al, 2
  3648 00001B85 EE                          out dx, al
  3649 00001B86 A00202                      mov al, [0x202]
  3650 00001B89 EE                          out dx, al
  3651 00001B8A B01B                        mov al, 0x1B
  3652 00001B8C EE                          out dx, al
  3653 00001B8D B0FF                        mov al, 0xFF
  3654 00001B8F EE                          out dx, al
  3655                                  
  3656 00001B90 EC                          in al, dx                       ; ST0
  3657 00001B91 A8C0                        test al, 0xC0
  3658                                      J286_NE .discard_bad
    19 00001B93 7402                <1>  je short %%skip
    20 00001B95 EB31                <1>  jmp %1
    21                              <1> %%skip:
  3659 00001B97 B90600                      mov cx, 6
  3660                                  .result:
  3661 00001B9A EC                          in al, dx
  3662 00001B9B E2FD                        loop .result
  3663                                  
  3664 00001B9D FE060202                    inc byte [0x202]
  3665 00001BA1 803E020213                  cmp byte [0x202], 19
  3666                                      J286_B .advance_done
    34 00001BA6 7302                <1>  jae short %%skip
    35 00001BA8 EB17                <1>  jmp %1
    36                              <1> %%skip:
  3667 00001BAA C606020201                  mov byte [0x202], 1
  3668 00001BAF 8036010201                  xor byte [0x201], 1
  3669 00001BB4 803E010200                  cmp byte [0x201], 0
  3670                                      J286_NE .advance_done
    19 00001BB9 7402                <1>  je short %%skip
    20 00001BBB EB04                <1>  jmp %1
    21                              <1> %%skip:
  3671 00001BBD FE060002                    inc byte [0x200]
  3672                                  .advance_done:
  3673 00001BC1 FE0E0402                    dec byte [0x204]
  3674 00001BC5 E942FF                      jmp .next_sector
  3675                                  
  3676                                  .discard_bad:
  3677 00001BC8 B90600                      mov cx, 6
  3678                                  .discard:
  3679 00001BCB EC                          in al, dx
  3680 00001BCC E2FD                        loop .discard
  3681 00001BCE F9                          stc
  3682 00001BCF EB01                        jmp .done
  3683                                  .success:
  3684 00001BD1 F8                          clc
  3685                                  .done:
  3686 00001BD2 07                          pop es
  3687 00001BD3 1F                          pop ds
  3688 00001BD4 5F                          pop di
  3689 00001BD5 5E                          pop si
  3690 00001BD6 5A                          pop dx
  3691 00001BD7 59                          pop cx
  3692 00001BD8 5B                          pop bx
  3693 00001BD9 58                          pop ax
  3694 00001BDA C3                          ret
  3695                                  
  3696                                  ; Detect the ATA master and cache geometry/capacity in the EBDA.
  3697                                  ata_detect:
  3698 00001BDB 50                          push ax
  3699 00001BDC 53                          push bx
  3700 00001BDD 51                          push cx
  3701 00001BDE 52                          push dx
  3702 00001BDF 57                          push di
  3703 00001BE0 1E                          push ds
  3704 00001BE1 06                          push es
  3705                                  
  3706 00001BE2 B8C09F                      mov ax, EBDA_SEG
  3707 00001BE5 8ED8                        mov ds, ax
  3708 00001BE7 C606E80300                  mov byte [HD_PRESENT], 0
  3709 00001BEC C706E0030000                mov word [HD_CYLINDERS], 0
  3710 00001BF2 C606E60300                  mov byte [HD_HEADS], 0
  3711 00001BF7 C606E70300                  mov byte [HD_SECTORS_TRACK], 0
  3712 00001BFC C706E2030000                mov word [HD_TOTAL_LOW], 0
  3713 00001C02 C706E4030000                mov word [HD_TOTAL_HIGH], 0
  3714                                  
  3715 00001C08 B84000                      mov ax, BDA_SEG
  3716 00001C0B 8EC0                        mov es, ax
  3717 00001C0D 26C606750000                mov byte [es:BDA_HDD_COUNT], 0
  3718 00001C13 26C606740000                mov byte [es:BDA_HDD_STATUS], 0
  3719                                  
  3720 00001C19 BAF603                      mov dx, 0x3F6
  3721 00001C1C B002                        mov al, 0x02                    ; disable ATA interrupts; BIOS uses polling
  3722 00001C1E EE                          out dx, al
  3723 00001C1F BAF601                      mov dx, 0x1F6
  3724 00001C22 B0A0                        mov al, 0xA0                    ; master, CHS mode
  3725 00001C24 EE                          out dx, al
  3726 00001C25 BAF201                      mov dx, 0x1F2
  3727 00001C28 30C0                        xor al, al
  3728 00001C2A EE                          out dx, al
  3729 00001C2B 42                          inc dx
  3730 00001C2C EE                          out dx, al
  3731 00001C2D 42                          inc dx
  3732 00001C2E EE                          out dx, al
  3733 00001C2F 42                          inc dx
  3734 00001C30 EE                          out dx, al
  3735 00001C31 BAF701                      mov dx, 0x1F7
  3736 00001C34 B0EC                        mov al, 0xEC                    ; IDENTIFY DEVICE
  3737 00001C36 EE                          out dx, al
  3738 00001C37 E89302                      call ata_wait_drq
  3739                                      J286_C .done
    29 00001C3A 7303                <1>  jnc short %%skip
    30 00001C3C E99100              <1>  jmp %1
    31                              <1> %%skip:
  3740                                  
  3741 00001C3F B8C09F                      mov ax, EBDA_SEG
  3742 00001C42 8EC0                        mov es, ax
  3743 00001C44 31FF                        xor di, di
  3744 00001C46 B90001                      mov cx, 256
  3745 00001C49 BAF001                      mov dx, 0x1F0
  3746 00001C4C FC                          cld
  3747 00001C4D F36D                        rep insw
  3748 00001C4F E8A802                      call ata_wait_complete
  3749                                      J286_C .done
    29 00001C52 7302                <1>  jnc short %%skip
    30 00001C54 EB7A                <1>  jmp %1
    31                              <1> %%skip:
  3750                                  
  3751                                      ; IDENTIFY words 1, 3, and 6 contain the translated CHS geometry.
  3752 00001C56 A10200                      mov ax, [2]
  3753 00001C59 85C0                        test ax, ax
  3754                                      J286_E .done
    14 00001C5B 7502                <1>  jne short %%skip
    15 00001C5D EB71                <1>  jmp %1
    16                              <1> %%skip:
  3755 00001C5F 3D0004                      cmp ax, 1024
  3756                                      J286_BE .cylinders_ok
    39 00001C62 7702                <1>  ja short %%skip
    40 00001C64 EB03                <1>  jmp %1
    41                              <1> %%skip:
  3757 00001C66 B80004                      mov ax, 1024
  3758                                  .cylinders_ok:
  3759 00001C69 A3E003                      mov [HD_CYLINDERS], ax
  3760                                  
  3761 00001C6C A10600                      mov ax, [6]
  3762 00001C6F 85C0                        test ax, ax
  3763                                      J286_E .done
    14 00001C71 7502                <1>  jne short %%skip
    15 00001C73 EB5B                <1>  jmp %1
    16                              <1> %%skip:
  3764 00001C75 83F810                      cmp ax, 16
  3765                                      J286_BE .heads_ok
    39 00001C78 7702                <1>  ja short %%skip
    40 00001C7A EB03                <1>  jmp %1
    41                              <1> %%skip:
  3766 00001C7C B81000                      mov ax, 16
  3767                                  .heads_ok:
  3768 00001C7F A2E603                      mov [HD_HEADS], al
  3769                                  
  3770 00001C82 A10C00                      mov ax, [12]
  3771 00001C85 85C0                        test ax, ax
  3772                                      J286_E .done
    14 00001C87 7502                <1>  jne short %%skip
    15 00001C89 EB45                <1>  jmp %1
    16                              <1> %%skip:
  3773 00001C8B 83F83F                      cmp ax, 63
  3774                                      J286_BE .sectors_ok
    39 00001C8E 7702                <1>  ja short %%skip
    40 00001C90 EB03                <1>  jmp %1
    41                              <1> %%skip:
  3775 00001C92 B83F00                      mov ax, 63
  3776                                  .sectors_ok:
  3777 00001C95 A2E703                      mov [HD_SECTORS_TRACK], al
  3778                                  
  3779                                      ; IDENTIFY words 57-58 are the current CHS-addressable capacity.
  3780 00001C98 A17200                      mov ax, [114]
  3781 00001C9B A3E203                      mov [HD_TOTAL_LOW], ax
  3782 00001C9E A17400                      mov ax, [116]
  3783 00001CA1 A3E403                      mov [HD_TOTAL_HIGH], ax
  3784 00001CA4 0B06E203                    or ax, [HD_TOTAL_LOW]
  3785                                      J286_NE .capacity_ok
    19 00001CA8 7402                <1>  je short %%skip
    20 00001CAA EB14                <1>  jmp %1
    21                              <1> %%skip:
  3786                                      ; Fallback to words 60-61 if a controller omits current capacity.
  3787 00001CAC A17800                      mov ax, [120]
  3788 00001CAF A3E203                      mov [HD_TOTAL_LOW], ax
  3789 00001CB2 A17A00                      mov ax, [122]
  3790 00001CB5 A3E403                      mov [HD_TOTAL_HIGH], ax
  3791 00001CB8 0B06E203                    or ax, [HD_TOTAL_LOW]
  3792                                      J286_E .done
    14 00001CBC 7502                <1>  jne short %%skip
    15 00001CBE EB10                <1>  jmp %1
    16                              <1> %%skip:
  3793                                  .capacity_ok:
  3794 00001CC0 C606E80301                  mov byte [HD_PRESENT], 1
  3795 00001CC5 B84000                      mov ax, BDA_SEG
  3796 00001CC8 8EC0                        mov es, ax
  3797 00001CCA 26C606750001                mov byte [es:BDA_HDD_COUNT], 1
  3798                                  .done:
  3799 00001CD0 07                          pop es
  3800 00001CD1 1F                          pop ds
  3801 00001CD2 5F                          pop di
  3802 00001CD3 5A                          pop dx
  3803 00001CD4 59                          pop cx
  3804 00001CD5 5B                          pop bx
  3805 00001CD6 58                          pop ax
  3806 00001CD7 C3                          ret
  3807                                  
  3808                                  ; Return CF clear when the cached ATA master is present.
  3809                                  ata_drive_present:
  3810 00001CD8 50                          push ax
  3811 00001CD9 1E                          push ds
  3812 00001CDA B8C09F                      mov ax, EBDA_SEG
  3813 00001CDD 8ED8                        mov ds, ax
  3814 00001CDF 803EE80301                  cmp byte [HD_PRESENT], 1
  3815                                      J286_NE .missing
    19 00001CE4 7402                <1>  je short %%skip
    20 00001CE6 EB03                <1>  jmp %1
    21                              <1> %%skip:
  3816 00001CE8 F8                          clc
  3817 00001CE9 EB01                        jmp .done
  3818                                  .missing:
  3819 00001CEB F9                          stc
  3820                                  .done:
  3821 00001CEC 1F                          pop ds
  3822 00001CED 58                          pop ax
  3823 00001CEE C3                          ret
  3824                                  
  3825                                  ; Return AH with the most recent ATA BIOS error code.
  3826                                  ata_get_last_error:
  3827 00001CEF 1E                          push ds
  3828 00001CF0 B8C09F                      mov ax, EBDA_SEG
  3829 00001CF3 8ED8                        mov ds, ax
  3830 00001CF5 8A26C903                    mov ah, [HDW_ERROR]
  3831 00001CF9 1F                          pop ds
  3832 00001CFA C3                          ret
  3833                                  
  3834                                  ; Common CHS transfer for INT 13h AH=02 read, AH=03 write, AH=04 verify.
  3835                                  ; The controller is deliberately programmed for one sector per ATA command;
  3836                                  ; this matches its synchronous PIO data phase and avoids ambiguous multi-sector
  3837                                  ; DRQ handshakes.  All caller registers are preserved; CF reports success.
  3838                                  ata_transfer_chs:
  3839 00001CFB 50                          push ax
  3840 00001CFC 53                          push bx
  3841 00001CFD 51                          push cx
  3842 00001CFE 52                          push dx
  3843 00001CFF 56                          push si
  3844 00001D00 57                          push di
  3845 00001D01 1E                          push ds
  3846                                  
  3847 00001D02 89C6                        mov si, ax                       ; original function/count
  3848 00001D04 89DF                        mov di, bx                       ; current caller buffer offset
  3849 00001D06 B8C09F                      mov ax, EBDA_SEG
  3850 00001D09 8ED8                        mov ds, ax
  3851 00001D0B C606C90300                  mov byte [HDW_ERROR], 0
  3852                                  
  3853 00001D10 803EE80301                  cmp byte [HD_PRESENT], 1
  3854                                      J286_E .present
    14 00001D15 7502                <1>  jne short %%skip
    15 00001D17 EB08                <1>  jmp %1
    16                              <1> %%skip:
  3855 00001D19 C606C903AA                  mov byte [HDW_ERROR], 0xAA
  3856 00001D1E E91301                      jmp .bad
  3857                                  .present:
  3858 00001D21 89F0                        mov ax, si
  3859 00001D23 84C0                        test al, al
  3860                                      J286_NE .count_nonzero
    19 00001D25 7402                <1>  je short %%skip
    20 00001D27 EB08                <1>  jmp %1
    21                              <1> %%skip:
  3861 00001D29 C606C90301                  mov byte [HDW_ERROR], 0x01
  3862 00001D2E E90301                      jmp .bad
  3863                                  .count_nonzero:
  3864 00001D31 3C7F                        cmp al, 127
  3865                                      J286_BE .count_ok
    39 00001D33 7702                <1>  ja short %%skip
    40 00001D35 EB08                <1>  jmp %1
    41                              <1> %%skip:
  3866 00001D37 C606C90301                  mov byte [HDW_ERROR], 0x01
  3867 00001D3C E9F500                      jmp .bad
  3868                                  .count_ok:
  3869 00001D3F A2C603                      mov [HDW_REMAINING], al
  3870 00001D42 C606C70300                  mov byte [HDW_COMPLETED], 0
  3871 00001D47 8826C803                    mov [HDW_MODE], ah
  3872 00001D4B 893EC203                    mov [HDW_BUFFER], di
  3873                                  
  3874                                      ; Decode the 10-bit BIOS cylinder from CH plus CL bits 6-7.
  3875 00001D4F 31C0                        xor ax, ax
  3876 00001D51 88E8                        mov al, ch
  3877 00001D53 31DB                        xor bx, bx
  3878 00001D55 88CB                        mov bl, cl
  3879 00001D57 80E3C0                      and bl, 0xC0
  3880 00001D5A C1E302                      shl bx, 2
  3881 00001D5D 09D8                        or ax, bx
  3882 00001D5F A3C003                      mov [HDW_CYLINDER], ax
  3883 00001D62 88F0                        mov al, dh
  3884 00001D64 A2C403                      mov [HDW_HEAD], al
  3885 00001D67 88C8                        mov al, cl
  3886 00001D69 243F                        and al, 0x3F
  3887 00001D6B A2C503                      mov [HDW_SECTOR], al
  3888                                  
  3889                                      ; ES:BX must not wrap during a read or write request.
  3890 00001D6E 803EC80304                  cmp byte [HDW_MODE], 0x04
  3891                                      J286_E .validate
    14 00001D73 7502                <1>  jne short %%skip
    15 00001D75 EB16                <1>  jmp %1
    16                              <1> %%skip:
  3892 00001D77 89F0                        mov ax, si
  3893 00001D79 25FF00                      and ax, 0x00FF
  3894 00001D7C C1E009                      shl ax, 9
  3895 00001D7F 01F8                        add ax, di
  3896                                      J286_NC .validate
    49 00001D81 7202                <1>  jc short %%skip
    50 00001D83 EB08                <1>  jmp %1
    51                              <1> %%skip:
  3897 00001D85 C606C90309                  mov byte [HDW_ERROR], 0x09       ; data boundary error
  3898 00001D8A E9A700                      jmp .bad
  3899                                  
  3900                                  .validate:
  3901 00001D8D E8AD00                      call ata_validate_current
  3902                                      J286_NC .next_sector
    49 00001D90 7202                <1>  jc short %%skip
    50 00001D92 EB08                <1>  jmp %1
    51                              <1> %%skip:
  3903 00001D94 C606C90304                  mov byte [HDW_ERROR], 0x04       ; requested sector not found
  3904 00001D99 E99800                      jmp .bad
  3905                                  
  3906                                  .next_sector:
  3907 00001D9C E80A01                      call ata_program_current
  3908 00001D9F BAF701                      mov dx, 0x1F7
  3909 00001DA2 B020                        mov al, 0x20                     ; READ SECTORS
  3910 00001DA4 803EC80303                  cmp byte [HDW_MODE], 0x03
  3911                                      J286_NE .issue
    19 00001DA9 7402                <1>  je short %%skip
    20 00001DAB EB02                <1>  jmp %1
    21                              <1> %%skip:
  3912 00001DAD B030                        mov al, 0x30                     ; WRITE SECTORS
  3913                                  .issue:
  3914 00001DAF EE                          out dx, al
  3915                                  
  3916 00001DB0 E81A01                      call ata_wait_drq
  3917                                      J286_NC .data_phase
    49 00001DB3 7202                <1>  jc short %%skip
    50 00001DB5 EB05                <1>  jmp %1
    51                              <1> %%skip:
  3918 00001DB7 A2C903                      mov [HDW_ERROR], al
  3919 00001DBA EB78                        jmp .bad
  3920                                  
  3921                                  .data_phase:
  3922                                  
  3923 00001DBC 803EC80303                  cmp byte [HDW_MODE], 0x03
  3924                                      J286_E .write_data
    14 00001DC1 7502                <1>  jne short %%skip
    15 00001DC3 EB30                <1>  jmp %1
    16                              <1> %%skip:
  3925 00001DC5 803EC80304                  cmp byte [HDW_MODE], 0x04
  3926                                      J286_E .verify_data
    14 00001DCA 7502                <1>  jne short %%skip
    15 00001DCC EB13                <1>  jmp %1
    16                              <1> %%skip:
  3927                                  
  3928 00001DCE 8B3EC203                    mov di, [HDW_BUFFER]
  3929 00001DD2 B90001                      mov cx, 256
  3930 00001DD5 BAF001                      mov dx, 0x1F0
  3931 00001DD8 FC                          cld
  3932 00001DD9 F36D                        rep insw
  3933 00001DDB 893EC203                    mov [HDW_BUFFER], di
  3934 00001DDF EB29                        jmp .data_done
  3935                                  
  3936                                  .verify_data:
  3937 00001DE1 06                          push es
  3938 00001DE2 B8C09F                      mov ax, EBDA_SEG
  3939 00001DE5 8EC0                        mov es, ax
  3940 00001DE7 31FF                        xor di, di
  3941 00001DE9 B90001                      mov cx, 256
  3942 00001DEC BAF001                      mov dx, 0x1F0
  3943 00001DEF FC                          cld
  3944 00001DF0 F36D                        rep insw
  3945 00001DF2 07                          pop es
  3946 00001DF3 EB15                        jmp .data_done
  3947                                  
  3948                                  .write_data:
  3949 00001DF5 8B36C203                    mov si, [HDW_BUFFER]
  3950 00001DF9 1E                          push ds
  3951 00001DFA 06                          push es
  3952 00001DFB 1F                          pop ds                          ; OUTSW reads caller ES:SI through DS
  3953 00001DFC B90001                      mov cx, 256
  3954 00001DFF BAF001                      mov dx, 0x1F0
  3955 00001E02 FC                          cld
  3956 00001E03 F36F                        rep outsw
  3957 00001E05 1F                          pop ds                          ; restore EBDA workspace segment
  3958 00001E06 8936C203                    mov [HDW_BUFFER], si
  3959                                  
  3960                                  .data_done:
  3961                                  
  3962 00001E0A E8ED00                      call ata_wait_complete
  3963                                      J286_NC .sector_done
    49 00001E0D 7202                <1>  jc short %%skip
    50 00001E0F EB05                <1>  jmp %1
    51                              <1> %%skip:
  3964 00001E11 A2C903                      mov [HDW_ERROR], al
  3965 00001E14 EB1E                        jmp .bad
  3966                                  
  3967                                  .sector_done:
  3968                                  
  3969 00001E16 FE06C703                    inc byte [HDW_COMPLETED]
  3970 00001E1A FE0EC603                    dec byte [HDW_REMAINING]
  3971                                      J286_E .good
    14 00001E1E 7502                <1>  jne short %%skip
    15 00001E20 EB0F                <1>  jmp %1
    16                              <1> %%skip:
  3972 00001E22 E84600                      call ata_advance_current
  3973                                      J286_NC .next_sector
    49 00001E25 7203                <1>  jc short %%skip
    50 00001E27 E972FF              <1>  jmp %1
    51                              <1> %%skip:
  3974 00001E2A C606C90304                  mov byte [HDW_ERROR], 0x04
  3975 00001E2F EB03                        jmp .bad
  3976                                  
  3977                                  .good:
  3978 00001E31 F8                          clc
  3979 00001E32 EB01                        jmp .restore
  3980                                  .bad:
  3981 00001E34 F9                          stc
  3982                                  .restore:
  3983 00001E35 1F                          pop ds
  3984 00001E36 5F                          pop di
  3985 00001E37 5E                          pop si
  3986 00001E38 5A                          pop dx
  3987 00001E39 59                          pop cx
  3988 00001E3A 5B                          pop bx
  3989 00001E3B 58                          pop ax
  3990 00001E3C C3                          ret
  3991                                  
  3992                                  ; Validate the current translated CHS tuple.  DS must equal EBDA_SEG.
  3993                                  ata_validate_current:
  3994 00001E3D 50                          push ax
  3995 00001E3E A1C003                      mov ax, [HDW_CYLINDER]
  3996 00001E41 3B06E003                    cmp ax, [HD_CYLINDERS]
  3997                                      J286_AE .bad
    24 00001E45 7202                <1>  jb short %%skip
    25 00001E47 EB1F                <1>  jmp %1
    26                              <1> %%skip:
  3998 00001E49 A0C403                      mov al, [HDW_HEAD]
  3999 00001E4C 3A06E603                    cmp al, [HD_HEADS]
  4000                                      J286_AE .bad
    24 00001E50 7202                <1>  jb short %%skip
    25 00001E52 EB14                <1>  jmp %1
    26                              <1> %%skip:
  4001 00001E54 A0C503                      mov al, [HDW_SECTOR]
  4002 00001E57 84C0                        test al, al
  4003                                      J286_E .bad
    14 00001E59 7502                <1>  jne short %%skip
    15 00001E5B EB0B                <1>  jmp %1
    16                              <1> %%skip:
  4004 00001E5D 3A06E703                    cmp al, [HD_SECTORS_TRACK]
  4005                                      J286_A .bad
    44 00001E61 7602                <1>  jbe short %%skip
    45 00001E63 EB03                <1>  jmp %1
    46                              <1> %%skip:
  4006 00001E65 F8                          clc
  4007 00001E66 EB01                        jmp .done
  4008                                  .bad:
  4009 00001E68 F9                          stc
  4010                                  .done:
  4011 00001E69 58                          pop ax
  4012 00001E6A C3                          ret
  4013                                  
  4014                                  ; Advance one sector using the cached 16-head/63-sector geometry.
  4015                                  ata_advance_current:
  4016 00001E6B 50                          push ax
  4017 00001E6C FE06C503                    inc byte [HDW_SECTOR]
  4018 00001E70 A0C503                      mov al, [HDW_SECTOR]
  4019 00001E73 3A06E703                    cmp al, [HD_SECTORS_TRACK]
  4020                                      J286_BE .good
    39 00001E77 7702                <1>  ja short %%skip
    40 00001E79 EB28                <1>  jmp %1
    41                              <1> %%skip:
  4021 00001E7B C606C50301                  mov byte [HDW_SECTOR], 1
  4022 00001E80 FE06C403                    inc byte [HDW_HEAD]
  4023 00001E84 A0C403                      mov al, [HDW_HEAD]
  4024 00001E87 3A06E603                    cmp al, [HD_HEADS]
  4025                                      J286_B .good
    34 00001E8B 7302                <1>  jae short %%skip
    35 00001E8D EB14                <1>  jmp %1
    36                              <1> %%skip:
  4026 00001E8F C606C40300                  mov byte [HDW_HEAD], 0
  4027 00001E94 FF06C003                    inc word [HDW_CYLINDER]
  4028 00001E98 A1C003                      mov ax, [HDW_CYLINDER]
  4029 00001E9B 3B06E003                    cmp ax, [HD_CYLINDERS]
  4030                                      J286_AE .bad
    24 00001E9F 7202                <1>  jb short %%skip
    25 00001EA1 EB03                <1>  jmp %1
    26                              <1> %%skip:
  4031                                  .good:
  4032 00001EA3 F8                          clc
  4033 00001EA4 EB01                        jmp .done
  4034                                  .bad:
  4035 00001EA6 F9                          stc
  4036                                  .done:
  4037 00001EA7 58                          pop ax
  4038 00001EA8 C3                          ret
  4039                                  
  4040                                  ; Program one CHS sector into the primary ATA task file.  DS=EBDA_SEG.
  4041                                  ata_program_current:
  4042 00001EA9 50                          push ax
  4043 00001EAA 52                          push dx
  4044 00001EAB BAF601                      mov dx, 0x1F6
  4045 00001EAE A0C403                      mov al, [HDW_HEAD]
  4046 00001EB1 240F                        and al, 0x0F
  4047 00001EB3 0CA0                        or al, 0xA0                     ; master, CHS mode
  4048 00001EB5 EE                          out dx, al
  4049 00001EB6 BAF201                      mov dx, 0x1F2
  4050 00001EB9 B001                        mov al, 1
  4051 00001EBB EE                          out dx, al
  4052 00001EBC 42                          inc dx
  4053 00001EBD A0C503                      mov al, [HDW_SECTOR]
  4054 00001EC0 EE                          out dx, al
  4055 00001EC1 42                          inc dx
  4056 00001EC2 A1C003                      mov ax, [HDW_CYLINDER]
  4057 00001EC5 EE                          out dx, al                      ; cylinder low
  4058 00001EC6 42                          inc dx
  4059 00001EC7 88E0                        mov al, ah
  4060 00001EC9 EE                          out dx, al                      ; cylinder high
  4061 00001ECA 5A                          pop dx
  4062 00001ECB 58                          pop ax
  4063 00001ECC C3                          ret
  4064                                  
  4065                                  ; Wait for BSY=0, ERR=0, DRQ=1.  AL returns a BIOS status on failure.
  4066                                  ata_wait_drq:
  4067 00001ECD 51                          push cx
  4068 00001ECE 52                          push dx
  4069 00001ECF B9FFFF                      mov cx, 0xFFFF
  4070 00001ED2 BAF701                      mov dx, 0x1F7
  4071                                  .poll:
  4072 00001ED5 EC                          in al, dx
  4073 00001ED6 A880                        test al, 0x80
  4074                                      J286_NE .again
    19 00001ED8 7402                <1>  je short %%skip
    20 00001EDA EB0C                <1>  jmp %1
    21                              <1> %%skip:
  4075 00001EDC A801                        test al, 0x01
  4076                                      J286_NE .controller_error
    19 00001EDE 7402                <1>  je short %%skip
    20 00001EE0 EB0D                <1>  jmp %1
    21                              <1> %%skip:
  4077 00001EE2 A808                        test al, 0x08
  4078                                      J286_NE .ready
    19 00001EE4 7402                <1>  je short %%skip
    20 00001EE6 EB0C                <1>  jmp %1
    21                              <1> %%skip:
  4079                                  .again:
  4080 00001EE8 E2EB                        loop .poll
  4081 00001EEA B080                        mov al, 0x80                    ; timeout
  4082 00001EEC F9                          stc
  4083 00001EED EB08                        jmp .done
  4084                                  .controller_error:
  4085 00001EEF B020                        mov al, 0x20                    ; controller failure
  4086 00001EF1 F9                          stc
  4087 00001EF2 EB03                        jmp .done
  4088                                  .ready:
  4089 00001EF4 30C0                        xor al, al
  4090 00001EF6 F8                          clc
  4091                                  .done:
  4092 00001EF7 5A                          pop dx
  4093 00001EF8 59                          pop cx
  4094 00001EF9 C3                          ret
  4095                                  
  4096                                  ; Wait for the PIO data phase to finish.  AL returns BIOS status on failure.
  4097                                  ata_wait_complete:
  4098 00001EFA 51                          push cx
  4099 00001EFB 52                          push dx
  4100 00001EFC B9FFFF                      mov cx, 0xFFFF
  4101 00001EFF BAF701                      mov dx, 0x1F7
  4102                                  .poll:
  4103 00001F02 EC                          in al, dx
  4104 00001F03 A880                        test al, 0x80
  4105                                      J286_NE .again
    19 00001F05 7402                <1>  je short %%skip
    20 00001F07 EB0B                <1>  jmp %1
    21                              <1> %%skip:
  4106 00001F09 A801                        test al, 0x01
  4107                                      J286_NE .controller_error
    19 00001F0B 7402                <1>  je short %%skip
    20 00001F0D EB0C                <1>  jmp %1
    21                              <1> %%skip:
  4108 00001F0F 30C0                        xor al, al
  4109 00001F11 F8                          clc
  4110 00001F12 EB0A                        jmp .done
  4111                                  .again:
  4112 00001F14 E2EC                        loop .poll
  4113 00001F16 B080                        mov al, 0x80
  4114 00001F18 F9                          stc
  4115 00001F19 EB03                        jmp .done
  4116                                  .controller_error:
  4117 00001F1B B020                        mov al, 0x20
  4118 00001F1D F9                          stc
  4119                                  .done:
  4120 00001F1E 5A                          pop dx
  4121 00001F1F 59                          pop cx
  4122 00001F20 C3                          ret
  4123                                  
  4124                                  ; ---------------------------------------------------------------------------
  4125                                  ; INT 14h - PC/AT asynchronous communications services
  4126                                  ; ---------------------------------------------------------------------------
  4127                                  ; These services drive the guest-visible 16550A registers.  They do not call a
  4128                                  ; host serial API.  DX selects the BDA-published COM adapter (0..3).
  4129                                  ; Service contract and timeout structure follow the IBM Personal Computer XT
  4130                                  ; Technical Reference BIOS listing (March 1986), pp. 5-132 through 5-137:
  4131                                  ; https://www.minuszerodegrees.net/manuals/IBM/IBM_5155_5160_Technical_Reference_6280089_MAR86.pdf
  4132                                  int14:
  4133 00001F21 FB                          sti                             ; IBM BIOS services permit timer/device IRQs
  4134 00001F22 53                          push bx
  4135 00001F23 51                          push cx
  4136 00001F24 52                          push dx
  4137 00001F25 56                          push si
  4138 00001F26 57                          push di
  4139 00001F27 55                          push bp
  4140 00001F28 1E                          push ds
  4141 00001F29 89C6                        mov si, ax                      ; preserve function/parameter or data byte
  4142 00001F2B 89D5                        mov bp, dx                      ; BDA COM timeout-table index
  4143 00001F2D 83FA03                      cmp dx, 3
  4144                                      J286_A .not_installed
    44 00001F30 7603                <1>  jbe short %%skip
    45 00001F32 E90F01              <1>  jmp %1
    46                              <1> %%skip:
  4145 00001F35 B84000                      mov ax, BDA_SEG
  4146 00001F38 8ED8                        mov ds, ax
  4147 00001F3A 89D3                        mov bx, dx
  4148 00001F3C D1E3                        shl bx, 1
  4149 00001F3E 8B3F                        mov di, [bx+0x00]
  4150 00001F40 85FF                        test di, di
  4151                                      J286_E .not_installed
    14 00001F42 7503                <1>  jne short %%skip
    15 00001F44 E9FD00              <1>  jmp %1
    16                              <1> %%skip:
  4152                                  
  4153 00001F47 89F0                        mov ax, si
  4154 00001F49 80FC00                      cmp ah, 0
  4155                                      J286_E .initialize
    14 00001F4C 7502                <1>  jne short %%skip
    15 00001F4E EB1A                <1>  jmp %1
    16                              <1> %%skip:
  4156 00001F50 80FC01                      cmp ah, 1
  4157                                      J286_E .transmit
    14 00001F53 7502                <1>  jne short %%skip
    15 00001F55 EB54                <1>  jmp %1
    16                              <1> %%skip:
  4158 00001F57 80FC02                      cmp ah, 2
  4159                                      J286_E .receive
    14 00001F5A 7503                <1>  jne short %%skip
    15 00001F5C E98A00              <1>  jmp %1
    16                              <1> %%skip:
  4160 00001F5F 80FC03                      cmp ah, 3
  4161                                      J286_E .status
    14 00001F62 7503                <1>  jne short %%skip
    15 00001F64 E9D100              <1>  jmp %1
    16                              <1> %%skip:
  4162 00001F67 E9DA00                      jmp .not_installed
  4163                                  
  4164                                  .initialize:
  4165 00001F6A 88C1                        mov cl, al
  4166 00001F6C 80E11F                      and cl, 0x1F                    ; UART LCR layout matches BIOS parameter
  4167 00001F6F 88C3                        mov bl, al
  4168 00001F71 C0EB05                      shr bl, 5
  4169 00001F74 30FF                        xor bh, bh
  4170 00001F76 D1E3                        shl bx, 1
  4171 00001F78 2E8B87[4F20]                mov ax, [cs:serial_divisors+bx]
  4171          ******************       warning: 16-bit absolute section-crossing relocation [-w+reloc-abs-word]
  4172 00001F7D 89C3                        mov bx, ax
  4173 00001F7F 89FA                        mov dx, di
  4174 00001F81 83C203                      add dx, 3
  4175 00001F84 88C8                        mov al, cl
  4176 00001F86 0C80                        or al, 0x80                     ; DLAB
  4177 00001F88 EE                          out dx, al
  4178 00001F89 89FA                        mov dx, di
  4179 00001F8B 88D8                        mov al, bl
  4180 00001F8D EE                          out dx, al                      ; DLL
  4181 00001F8E 42                          inc dx
  4182 00001F8F 88F8                        mov al, bh
  4183 00001F91 EE                          out dx, al                      ; DLM
  4184 00001F92 89FA                        mov dx, di
  4185 00001F94 83C203                      add dx, 3
  4186 00001F97 88C8                        mov al, cl
  4187 00001F99 EE                          out dx, al
  4188 00001F9A 89FA                        mov dx, di
  4189 00001F9C 42                          inc dx
  4190 00001F9D 30C0                        xor al, al                      ; BIOS uses polled I/O (IER = 0)
  4191 00001F9F EE                          out dx, al
  4192 00001FA0 89FA                        mov dx, di
  4193 00001FA2 83C204                      add dx, 4
  4194 00001FA5 B003                        mov al, 3                       ; DTR and RTS asserted after initialization
  4195 00001FA7 EE                          out dx, al
  4196 00001FA8 E98D00                      jmp .status
  4197                                  
  4198                                  .transmit:
  4199 00001FAB 89FA                        mov dx, di
  4200 00001FAD 83C204                      add dx, 4
  4201 00001FB0 B003                        mov al, 3                       ; assert DTR and RTS
  4202 00001FB2 EE                          out dx, al
  4203 00001FB3 83C202                      add dx, 2                       ; modem status register
  4204 00001FB6 B730                        mov bh, 0x30                    ; require DSR and CTS
  4205 00001FB8 E86600                      call .wait_status
  4206                                      J286_NE .tx_timeout
    19 00001FBB 7402                <1>  je short %%skip
    20 00001FBD EB0E                <1>  jmp %1
    21                              <1> %%skip:
  4207 00001FBF 89FA                        mov dx, di
  4208 00001FC1 83C205                      add dx, 5
  4209 00001FC4 B720                        mov bh, 0x20                    ; transmitter holding register empty
  4210 00001FC6 E85800                      call .wait_status
  4211                                      J286_E .tx_ready
    14 00001FC9 7502                <1>  jne short %%skip
    15 00001FCB EB09                <1>  jmp %1
    16                              <1> %%skip:
  4212                                  .tx_timeout:
  4213 00001FCD 80CC80                      or ah, 0x80                     ; BIOS timeout indication
  4214 00001FD0 89F3                        mov bx, si
  4215 00001FD2 88D8                        mov al, bl
  4216 00001FD4 EB71                        jmp short .done
  4217                                  .tx_ready:
  4218 00001FD6 89FA                        mov dx, di
  4219 00001FD8 89F0                        mov ax, si
  4220 00001FDA EE                          out dx, al
  4221 00001FDB 89FA                        mov dx, di
  4222 00001FDD 83C205                      add dx, 5
  4223 00001FE0 EC                          in al, dx
  4224 00001FE1 88C4                        mov ah, al
  4225 00001FE3 89F3                        mov bx, si
  4226 00001FE5 88D8                        mov al, bl
  4227 00001FE7 EB5E                        jmp short .done
  4228                                  
  4229                                  .receive:
  4230 00001FE9 89FA                        mov dx, di
  4231 00001FEB 83C204                      add dx, 4
  4232 00001FEE B001                        mov al, 1                       ; assert DTR
  4233 00001FF0 EE                          out dx, al
  4234 00001FF1 83C202                      add dx, 2                       ; modem status register
  4235 00001FF4 B720                        mov bh, 0x20                    ; require DSR
  4236 00001FF6 E82800                      call .wait_status
  4237                                      J286_NE .rx_timeout
    19 00001FF9 7402                <1>  je short %%skip
    20 00001FFB EB0E                <1>  jmp %1
    21                              <1> %%skip:
  4238 00001FFD 89FA                        mov dx, di
  4239 00001FFF 83C205                      add dx, 5
  4240 00002002 B701                        mov bh, 1                       ; data ready
  4241 00002004 E81A00                      call .wait_status
  4242                                      J286_E .rx_ready
    14 00002007 7502                <1>  jne short %%skip
    15 00002009 EB07                <1>  jmp %1
    16                              <1> %%skip:
  4243                                  .rx_timeout:
  4244 0000200B 80CC80                      or ah, 0x80
  4245 0000200E 30C0                        xor al, al
  4246 00002010 EB35                        jmp short .done
  4247                                  .rx_ready:
  4248 00002012 89FA                        mov dx, di
  4249 00002014 EC                          in al, dx
  4250 00002015 88C3                        mov bl, al
  4251 00002017 83C205                      add dx, 5
  4252 0000201A EC                          in al, dx
  4253 0000201B 88C4                        mov ah, al
  4254 0000201D 88D8                        mov al, bl
  4255 0000201F EB26                        jmp short .done
  4256                                  
  4257                                  ; IBM-compatible two-level timeout loop. BL is the BDA outer-loop count;
  4258                                  ; CX deliberately wraps to 65536 inner polls, matching the published BIOS.
  4259                                  ; Entry: DX=status port, BH=required asserted bits, BP=COM index.
  4260                                  ; Exit: AH=last status, ZF set only when every requested bit was observed.
  4261                                  .wait_status:
  4262 00002021 8A5E7C                      mov bl, [bp+0x7C]
  4263                                  .wait_outer:
  4264 00002024 31C9                        xor cx, cx
  4265                                  .wait_inner:
  4266 00002026 EC                          in al, dx
  4267 00002027 88C4                        mov ah, al
  4268 00002029 20F8                        and al, bh
  4269 0000202B 38F8                        cmp al, bh
  4270 0000202D 7408                        je short .wait_done
  4271 0000202F E2F5                        loop .wait_inner
  4272 00002031 FECB                        dec bl
  4273 00002033 75EF                        jnz short .wait_outer
  4274 00002035 08FF                        or bh, bh                       ; required masks are nonzero: clear ZF
  4275                                  .wait_done:
  4276 00002037 C3                          ret
  4277                                  
  4278                                  .status:
  4279 00002038 89FA                        mov dx, di
  4280 0000203A 83C205                      add dx, 5
  4281 0000203D EC                          in al, dx
  4282 0000203E 88C4                        mov ah, al                      ; line status
  4283 00002040 42                          inc dx
  4284 00002041 EC                          in al, dx                       ; modem status
  4285 00002042 EB03                        jmp short .done
  4286                                  
  4287                                  .not_installed:
  4288 00002044 B80080                      mov ax, 0x8000
  4289                                  .done:
  4290 00002047 1F                          pop ds
  4291 00002048 5D                          pop bp
  4292 00002049 5F                          pop di
  4293 0000204A 5E                          pop si
  4294 0000204B 5A                          pop dx
  4295 0000204C 59                          pop cx
  4296 0000204D 5B                          pop bx
  4297 0000204E CF                          iret
  4298                                  
  4299                                  serial_divisors:
  4300 0000204F 170400038001C00060-         dw 1047, 768, 384, 192, 96, 48, 24, 12
  4300 00002058 00300018000C00     
  4301                                  
  4302                                  ; ---------------------------------------------------------------------------
  4303                                  ; INT 17h - PC/AT parallel printer services
  4304                                  ; ---------------------------------------------------------------------------
  4305                                  ; Register polarity, timeout loops and strobe ordering follow the IBM BIOS
  4306                                  ; printer-service listing in that same Technical Reference, pp. 5-138 onward.
  4307                                  int17:
  4308 0000205F FB                          sti                             ; published IBM service enables interrupts
  4309 00002060 53                          push bx
  4310 00002061 51                          push cx
  4311 00002062 52                          push dx
  4312 00002063 56                          push si
  4313 00002064 57                          push di
  4314 00002065 55                          push bp
  4315 00002066 1E                          push ds
  4316 00002067 89C6                        mov si, ax
  4317 00002069 89D5                        mov bp, dx                      ; BDA printer timeout-table index
  4318 0000206B 83FA03                      cmp dx, 3
  4319                                      J286_A .not_installed
    44 0000206E 7603                <1>  jbe short %%skip
    45 00002070 E98D00              <1>  jmp %1
    46                              <1> %%skip:
  4320 00002073 B84000                      mov ax, BDA_SEG
  4321 00002076 8ED8                        mov ds, ax
  4322 00002078 89D3                        mov bx, dx
  4323 0000207A D1E3                        shl bx, 1
  4324 0000207C 8B7F08                      mov di, [bx+0x08]
  4325 0000207F 85FF                        test di, di
  4326 00002081 747D                        jz short .not_installed
  4327 00002083 89F0                        mov ax, si
  4328 00002085 80FC00                      cmp ah, 0
  4329                                      J286_E .print
    14 00002088 7502                <1>  jne short %%skip
    15 0000208A EB10                <1>  jmp %1
    16                              <1> %%skip:
  4330 0000208C 80FC01                      cmp ah, 1
  4331                                      J286_E .initialize
    14 0000208F 7502                <1>  jne short %%skip
    15 00002091 EB4A                <1>  jmp %1
    16                              <1> %%skip:
  4332 00002093 80FC02                      cmp ah, 2
  4333                                      J286_E .status
    14 00002096 7502                <1>  jne short %%skip
    15 00002098 EB56                <1>  jmp %1
    16                              <1> %%skip:
  4334 0000209A EB64                        jmp short .not_installed
  4335                                  
  4336                                  .print:
  4337 0000209C 89FA                        mov dx, di
  4338 0000209E EE                          out dx, al                      ; latch data
  4339 0000209F 42                          inc dx                          ; status register
  4340 000020A0 8A5E78                      mov bl, [bp+0x78]               ; BDA outer-loop timeout count
  4341                                  .print_outer:
  4342 000020A3 31C9                        xor cx, cx                      ; 65536 inner polls
  4343                                  .print_wait:
  4344 000020A5 EC                          in al, dx
  4345 000020A6 88C4                        mov ah, al
  4346 000020A8 A880                        test al, 0x80                   ; +BUSY set means ready for a character
  4347 000020AA 7515                        jnz short .print_ready
  4348 000020AC E2F7                        loop .print_wait
  4349 000020AE FECB                        dec bl
  4350 000020B0 75F1                        jnz short .print_outer
  4351 000020B2 80E4F8                      and ah, 0xF8                    ; remove undefined adapter inputs
  4352 000020B5 80F448                      xor ah, 0x48                    ; IBM BIOS logical ACK and error polarity
  4353 000020B8 80CC01                      or ah, 1                        ; timeout
  4354 000020BB 89F3                        mov bx, si
  4355 000020BD 88D8                        mov al, bl
  4356 000020BF EB42                        jmp short .done
  4357                                  .print_ready:
  4358 000020C1 89FA                        mov dx, di
  4359 000020C3 83C202                      add dx, 2                       ; control register
  4360 000020C6 EC                          in al, dx
  4361 000020C7 0C01                        or al, 1                        ; inverted /STROBE asserted low
  4362 000020C9 EE                          out dx, al
  4363 000020CA 24FE                        and al, 0xFE                    ; release /STROBE
  4364 000020CC EE                          out dx, al
  4365 000020CD 89FA                        mov dx, di
  4366 000020CF 42                          inc dx
  4367 000020D0 EC                          in al, dx
  4368 000020D1 24F8                        and al, 0xF8
  4369 000020D3 3448                        xor al, 0x48
  4370 000020D5 88C4                        mov ah, al
  4371 000020D7 89F3                        mov bx, si
  4372 000020D9 88D8                        mov al, bl
  4373 000020DB EB26                        jmp short .done
  4374                                  
  4375                                  .initialize:
  4376 000020DD 89FA                        mov dx, di
  4377 000020DF 83C202                      add dx, 2
  4378 000020E2 EC                          in al, dx
  4379 000020E3 24FB                        and al, 0xFB                    ; assert /INIT
  4380 000020E5 EE                          out dx, al
  4381 000020E6 B94000                      mov cx, 64
  4382                                  .init_delay:
  4383 000020E9 E2FE                        loop .init_delay
  4384 000020EB 0C04                        or al, 4                        ; release /INIT
  4385 000020ED EE                          out dx, al
  4386 000020EE EB00                        jmp short .status
  4387                                  
  4388                                  .status:
  4389 000020F0 89FA                        mov dx, di
  4390 000020F2 42                          inc dx
  4391 000020F3 EC                          in al, dx
  4392 000020F4 24F8                        and al, 0xF8
  4393 000020F6 3448                        xor al, 0x48
  4394 000020F8 88C4                        mov ah, al
  4395 000020FA 89F3                        mov bx, si
  4396 000020FC 88D8                        mov al, bl
  4397 000020FE EB03                        jmp short .done
  4398                                  
  4399                                  .not_installed:
  4400 00002100 B80001                      mov ax, 0x0100                  ; timeout / absent
  4401                                  .done:
  4402 00002103 1F                          pop ds
  4403 00002104 5D                          pop bp
  4404 00002105 5F                          pop di
  4405 00002106 5E                          pop si
  4406 00002107 5A                          pop dx
  4407 00002108 59                          pop cx
  4408 00002109 5B                          pop bx
  4409 0000210A CF                          iret
  4410                                  
  4411                                  ; CROMWELL KEYBOARD REALITY BRICK 2 INT16 BEGIN
  4412                                  int16:
  4413 0000210B 55                          push bp
  4414 0000210C 89E5                        mov bp, sp
  4415                                  
  4416 0000210E 80FC00                      cmp ah, 0x00
  4417                                      J286_E .read_classic
    14 00002111 7502                <1>  jne short %%skip
    15 00002113 EB49                <1>  jmp %1
    16                              <1> %%skip:
  4418 00002115 80FC01                      cmp ah, 0x01
  4419                                      J286_E .status_classic
    14 00002118 7502                <1>  jne short %%skip
    15 0000211A EB61                <1>  jmp %1
    16                              <1> %%skip:
  4420 0000211C 80FC02                      cmp ah, 0x02
  4421                                      J286_E .shift_status
    14 0000211F 7503                <1>  jne short %%skip
    15 00002121 E98100              <1>  jmp %1
    16                              <1> %%skip:
  4422 00002124 80FC03                      cmp ah, 0x03
  4423                                      J286_E .set_typematic
    14 00002127 7503                <1>  jne short %%skip
    15 00002129 E98700              <1>  jmp %1
    16                              <1> %%skip:
  4424 0000212C 80FC05                      cmp ah, 0x05
  4425                                      J286_E .store_key
    14 0000212F 7503                <1>  jne short %%skip
    15 00002131 E99E00              <1>  jmp %1
    16                              <1> %%skip:
  4426 00002134 80FC09                      cmp ah, 0x09
  4427                                      J286_E .functionality
    14 00002137 7503                <1>  jne short %%skip
    15 00002139 E9AE00              <1>  jmp %1
    16                              <1> %%skip:
  4428 0000213C 80FC0A                      cmp ah, 0x0A
  4429                                      J286_E .keyboard_id
    14 0000213F 7503                <1>  jne short %%skip
    15 00002141 E9AA00              <1>  jmp %1
    16                              <1> %%skip:
  4430 00002144 80FC10                      cmp ah, 0x10
  4431                                      J286_E .read_extended
    14 00002147 7503                <1>  jne short %%skip
    15 00002149 E9CE00              <1>  jmp %1
    16                              <1> %%skip:
  4432 0000214C 80FC11                      cmp ah, 0x11
  4433                                      J286_E .status_extended
    14 0000214F 7503                <1>  jne short %%skip
    15 00002151 E9E300              <1>  jmp %1
    16                              <1> %%skip:
  4434 00002154 80FC12                      cmp ah, 0x12
  4435                                      J286_E .extended_shift_status
    14 00002157 7503                <1>  jne short %%skip
    15 00002159 E9FC00              <1>  jmp %1
    16                              <1> %%skip:
  4436 0000215C 5D                          pop bp
  4437 0000215D CF                          iret
  4438                                  
  4439                                  .read_classic:
  4440 0000215E 53                          push bx
  4441 0000215F 1E                          push ds
  4442 00002160 BB4000                      mov bx, BDA_SEG
  4443 00002163 8EDB                        mov ds, bx
  4444                                  .read_classic_loop:
  4445 00002165 E834E9                      call kbd_dequeue_ax
  4446 00002168 730A                        jnc short .classic_have
  4447 0000216A B80290                      mov ax, 0x9002                  ; INT 15 device-busy, keyboard
  4448 0000216D CD15                        int 0x15
  4449 0000216F FB                          sti
  4450 00002170 F4                          hlt
  4451 00002171 FA                          cli
  4452 00002172 EBF1                        jmp short .read_classic_loop
  4453                                  .classic_have:
  4454 00002174 E854E9                      call kbd_classic_filter
  4455 00002177 72EC                        jc short .read_classic_loop
  4456 00002179 1F                          pop ds
  4457 0000217A 5B                          pop bx
  4458 0000217B 5D                          pop bp
  4459 0000217C CF                          iret
  4460                                  
  4461                                  .status_classic:
  4462 0000217D 53                          push bx
  4463 0000217E 1E                          push ds
  4464 0000217F BB4000                      mov bx, BDA_SEG
  4465 00002182 8EDB                        mov ds, bx
  4466                                  .status_classic_loop:
  4467 00002184 E802E9                      call kbd_peek_ax
  4468 00002187 7213                        jc short .status_classic_none
  4469 00002189 E83FE9                      call kbd_classic_filter
  4470 0000218C 7305                        jnc short .status_classic_yes
  4471 0000218E E834E9                      call kbd_drop_head
  4472 00002191 EBF1                        jmp short .status_classic_loop
  4473                                  .status_classic_yes:
  4474 00002193 36836606BF                  and word [ss:bp+6], 0xFFBF
  4475 00002198 1F                          pop ds
  4476 00002199 5B                          pop bx
  4477 0000219A 5D                          pop bp
  4478 0000219B CF                          iret
  4479                                  .status_classic_none:
  4480 0000219C 36834E0640                  or word [ss:bp+6], 0x0040
  4481 000021A1 1F                          pop ds
  4482 000021A2 5B                          pop bx
  4483 000021A3 5D                          pop bp
  4484 000021A4 CF                          iret
  4485                                  
  4486                                  .shift_status:
  4487 000021A5 1E                          push ds
  4488 000021A6 B84000                      mov ax, BDA_SEG
  4489 000021A9 8ED8                        mov ds, ax
  4490 000021AB A01700                      mov al, [BDA_KBD_FLAGS1]
  4491 000021AE 30E4                        xor ah, ah
  4492 000021B0 1F                          pop ds
  4493 000021B1 5D                          pop bp
  4494 000021B2 CF                          iret
  4495                                  
  4496                                  .set_typematic:
  4497                                      ; Enhanced AT interface supports subfunction AL=05h: BH delay 0..3,
  4498                                      ; BL rate 0..31.  Other subfunctions are deliberately unsupported.
  4499 000021B3 3C05                        cmp al, 0x05
  4500 000021B5 7519                        jne short .typematic_done
  4501 000021B7 53                          push bx
  4502 000021B8 1E                          push ds
  4503 000021B9 80E703                      and bh, 3
  4504 000021BC 80E31F                      and bl, 0x1F
  4505 000021BF 88F8                        mov al, bh
  4506 000021C1 C0E005                      shl al, 5
  4507 000021C4 08D8                        or al, bl
  4508 000021C6 BB4000                      mov bx, BDA_SEG
  4509 000021C9 8EDB                        mov ds, bx
  4510 000021CB E86AE8                      call kbd_set_typematic
  4511 000021CE 1F                          pop ds
  4512 000021CF 5B                          pop bx
  4513                                  .typematic_done:
  4514 000021D0 5D                          pop bp
  4515 000021D1 CF                          iret
  4516                                  
  4517                                  .store_key:
  4518 000021D2 53                          push bx
  4519 000021D3 1E                          push ds
  4520 000021D4 BB4000                      mov bx, BDA_SEG
  4521 000021D7 8EDB                        mov ds, bx
  4522 000021D9 88EC                        mov ah, ch
  4523 000021DB 88C8                        mov al, cl
  4524 000021DD E879E8                      call kbd_enqueue_ax
  4525 000021E0 B000                        mov al, 0
  4526 000021E2 7302                        jnc short .store_done
  4527 000021E4 B001                        mov al, 1
  4528                                  .store_done:
  4529 000021E6 1F                          pop ds
  4530 000021E7 5B                          pop bx
  4531 000021E8 5D                          pop bp
  4532 000021E9 CF                          iret
  4533                                  
  4534                                  .functionality:
  4535 000021EA B030                        mov al, 0x30                    ; AH=10-12 and AH=0A supported
  4536 000021EC 5D                          pop bp
  4537 000021ED CF                          iret
  4538                                  
  4539                                  .keyboard_id:
  4540 000021EE 50                          push ax
  4541 000021EF 51                          push cx
  4542 000021F0 52                          push dx
  4543 000021F1 1E                          push ds
  4544 000021F2 BA4000                      mov dx, BDA_SEG
  4545 000021F5 8EDA                        mov ds, dx
  4546 000021F7 B0F2                        mov al, 0xF2
  4547 000021F9 E87CE7                      call kbd_runtime_send
  4548 000021FC 7214                        jc short .id_failed
  4549 000021FE E8FDE4                      call kbc_wait_obf_short
  4550 00002201 720F                        jc short .id_failed
  4551 00002203 E460                        in al, 0x60
  4552 00002205 88C3                        mov bl, al                     ; first byte ABh
  4553 00002207 E8F4E4                      call kbc_wait_obf_short
  4554 0000220A 7206                        jc short .id_failed
  4555 0000220C E460                        in al, 0x60
  4556 0000220E 88C7                        mov bh, al                     ; second byte 83h
  4557 00002210 EB02                        jmp short .id_done
  4558                                  .id_failed:
  4559 00002212 31DB                        xor bx, bx
  4560                                  .id_done:
  4561 00002214 1F                          pop ds
  4562 00002215 5A                          pop dx
  4563 00002216 59                          pop cx
  4564 00002217 58                          pop ax
  4565 00002218 5D                          pop bp
  4566 00002219 CF                          iret
  4567                                  
  4568                                  .read_extended:
  4569 0000221A 53                          push bx
  4570 0000221B 1E                          push ds
  4571 0000221C BB4000                      mov bx, BDA_SEG
  4572 0000221F 8EDB                        mov ds, bx
  4573                                  .read_extended_loop:
  4574 00002221 E878E8                      call kbd_dequeue_ax
  4575 00002224 730A                        jnc short .extended_have
  4576 00002226 B80290                      mov ax, 0x9002
  4577 00002229 CD15                        int 0x15
  4578 0000222B FB                          sti
  4579 0000222C F4                          hlt
  4580 0000222D FA                          cli
  4581 0000222E EBF1                        jmp short .read_extended_loop
  4582                                  .extended_have:
  4583 00002230 E8C9E8                      call kbd_extended_filter
  4584 00002233 1F                          pop ds
  4585 00002234 5B                          pop bx
  4586 00002235 5D                          pop bp
  4587 00002236 CF                          iret
  4588                                  
  4589                                  .status_extended:
  4590 00002237 53                          push bx
  4591 00002238 1E                          push ds
  4592 00002239 BB4000                      mov bx, BDA_SEG
  4593 0000223C 8EDB                        mov ds, bx
  4594 0000223E E848E8                      call kbd_peek_ax
  4595 00002241 720C                        jc short .status_extended_none
  4596 00002243 E8B6E8                      call kbd_extended_filter
  4597 00002246 36836606BF                  and word [ss:bp+6], 0xFFBF
  4598 0000224B 1F                          pop ds
  4599 0000224C 5B                          pop bx
  4600 0000224D 5D                          pop bp
  4601 0000224E CF                          iret
  4602                                  .status_extended_none:
  4603 0000224F 36834E0640                  or word [ss:bp+6], 0x0040
  4604 00002254 1F                          pop ds
  4605 00002255 5B                          pop bx
  4606 00002256 5D                          pop bp
  4607 00002257 CF                          iret
  4608                                  
  4609                                  .extended_shift_status:
  4610 00002258 53                          push bx
  4611 00002259 1E                          push ds
  4612 0000225A BB4000                      mov bx, BDA_SEG
  4613 0000225D 8EDB                        mov ds, bx
  4614 0000225F A01700                      mov al, [BDA_KBD_FLAGS1]
  4615 00002262 8A261800                    mov ah, [BDA_KBD_FLAGS2]
  4616                                      ; Shift-flags-2 layout differs from BDA byte 18h only for SysReq:
  4617                                      ; BDA bit 2 becomes returned AH bit 7.
  4618 00002266 88E3                        mov bl, ah
  4619 00002268 80E473                      and ah, 0x73                   ; caps/num/scroll + left Alt/Ctrl
  4620 0000226B F6C304                      test bl, 0x04
  4621 0000226E 7403                        jz short .no_sysreq
  4622 00002270 80CC80                      or ah, 0x80
  4623                                  .no_sysreq:
  4624 00002273 8A1E9600                    mov bl, [BDA_KBD_STATUS3]
  4625 00002277 80E30C                      and bl, 0x0C                   ; right Alt / right Ctrl
  4626 0000227A 08DC                        or ah, bl
  4627 0000227C 1F                          pop ds
  4628 0000227D 5B                          pop bx
  4629 0000227E 5D                          pop bp
  4630 0000227F CF                          iret
  4631                                  ; CROMWELL KEYBOARD REALITY BRICK 2 INT16 END
  4632                                  
  4633                                  int1a:
  4634 00002280 55                          push bp
  4635 00002281 89E5                        mov bp, sp
  4636 00002283 80FC00                      cmp ah, 0x00
  4637                                      J286_NE .not00
    19 00002286 7402                <1>  je short %%skip
    20 00002288 EB02                <1>  jmp %1
    21                              <1> %%skip:
  4638 0000228A EB45                        jmp .get_ticks
  4639                                  .not00:
  4640 0000228C 80FC01                      cmp ah, 0x01
  4641                                      J286_NE .not01
    19 0000228F 7402                <1>  je short %%skip
    20 00002291 EB02                <1>  jmp %1
    21                              <1> %%skip:
  4642 00002293 EB5C                        jmp .set_ticks
  4643                                  .not01:
  4644 00002295 80FC02                      cmp ah, 0x02
  4645                                      J286_NE .not02
    19 00002298 7402                <1>  je short %%skip
    20 0000229A EB02                <1>  jmp %1
    21                              <1> %%skip:
  4646 0000229C EB70                        jmp .read_time
  4647                                  .not02:
  4648 0000229E 80FC03                      cmp ah, 0x03
  4649                                      J286_NE .not03
    19 000022A1 7402                <1>  je short %%skip
    20 000022A3 EB03                <1>  jmp %1
    21                              <1> %%skip:
  4650 000022A5 E99C00                      jmp .set_time
  4651                                  .not03:
  4652 000022A8 80FC04                      cmp ah, 0x04
  4653                                      J286_NE .not04
    19 000022AB 7402                <1>  je short %%skip
    20 000022AD EB03                <1>  jmp %1
    21                              <1> %%skip:
  4654 000022AF E9D100                      jmp .read_date
  4655                                  .not04:
  4656 000022B2 80FC05                      cmp ah, 0x05
  4657                                      J286_NE .not05
    19 000022B5 7402                <1>  je short %%skip
    20 000022B7 EB03                <1>  jmp %1
    21                              <1> %%skip:
  4658 000022B9 E9FB00                      jmp .set_date
  4659                                  .not05:
  4660 000022BC 80FC06                      cmp ah, 0x06
  4661                                      J286_NE .not06
    19 000022BF 7402                <1>  je short %%skip
    20 000022C1 EB03                <1>  jmp %1
    21                              <1> %%skip:
  4662 000022C3 E93201                      jmp .set_alarm
  4663                                  .not06:
  4664 000022C6 80FC07                      cmp ah, 0x07
  4665                                      J286_NE .unsupported
    19 000022C9 7403                <1>  je short %%skip
    20 000022CB E97101              <1>  jmp %1
    21                              <1> %%skip:
  4666 000022CE E95501                      jmp .reset_alarm
  4667                                  
  4668                                  .get_ticks:
  4669 000022D1 53                          push bx
  4670 000022D2 1E                          push ds
  4671 000022D3 BB4000                      mov bx, BDA_SEG
  4672 000022D6 8EDB                        mov ds, bx
  4673 000022D8 8B166C00                    mov dx, [0x6C]
  4674 000022DC 8B0E6E00                    mov cx, [0x6E]
  4675 000022E0 A07000                      mov al, [0x70]
  4676 000022E3 C606700000                  mov byte [0x70], 0
  4677 000022E8 1F                          pop ds
  4678 000022E9 5B                          pop bx
  4679 000022EA 36836606FE                  and word [ss:bp+6], 0xFFFE
  4680 000022EF 5D                          pop bp
  4681 000022F0 CF                          iret
  4682                                  
  4683                                  .set_ticks:
  4684 000022F1 53                          push bx
  4685 000022F2 1E                          push ds
  4686 000022F3 BB4000                      mov bx, BDA_SEG
  4687 000022F6 8EDB                        mov ds, bx
  4688 000022F8 89166C00                    mov [0x6C], dx
  4689 000022FC 890E6E00                    mov [0x6E], cx
  4690 00002300 C606700000                  mov byte [0x70], 0
  4691 00002305 1F                          pop ds
  4692 00002306 5B                          pop bx
  4693 00002307 36836606FE                  and word [ss:bp+6], 0xFFFE
  4694 0000230C 5D                          pop bp
  4695 0000230D CF                          iret
  4696                                  
  4697                                  .read_time:
  4698 0000230E E8BBE2                      call cmos_wait_update
  4699 00002311 B00D                        mov al, 0x0D
  4700 00002313 E8A2E2                      call cmos_read
  4701 00002316 A880                        test al, 0x80
  4702                                      J286_E .rtc_error
    14 00002318 7503                <1>  jne short %%skip
    15 0000231A E92001              <1>  jmp %1
    16                              <1> %%skip:
  4703 0000231D B004                        mov al, 0x04
  4704 0000231F E896E2                      call cmos_read
  4705 00002322 88C5                        mov ch, al
  4706 00002324 B002                        mov al, 0x02
  4707 00002326 E88FE2                      call cmos_read
  4708 00002329 88C1                        mov cl, al
  4709 0000232B B000                        mov al, 0x00
  4710 0000232D E888E2                      call cmos_read
  4711 00002330 88C6                        mov dh, al
  4712 00002332 B00B                        mov al, 0x0B
  4713 00002334 E881E2                      call cmos_read
  4714 00002337 2401                        and al, 1
  4715 00002339 88C2                        mov dl, al
  4716 0000233B 30E4                        xor ah, ah
  4717 0000233D 36836606FE                  and word [ss:bp+6], 0xFFFE
  4718 00002342 5D                          pop bp
  4719 00002343 CF                          iret
  4720                                  
  4721                                  .set_time:
  4722 00002344 53                          push bx
  4723 00002345 B00B                        mov al, 0x0B
  4724 00002347 E86EE2                      call cmos_read
  4725 0000234A 88C3                        mov bl, al
  4726 0000234C 0C80                        or al, 0x80
  4727 0000234E 88C4                        mov ah, al
  4728 00002350 B00B                        mov al, 0x0B
  4729 00002352 E86CE2                      call cmos_write
  4730 00002355 B000                        mov al, 0x00
  4731 00002357 88F4                        mov ah, dh
  4732 00002359 E865E2                      call cmos_write
  4733 0000235C B002                        mov al, 0x02
  4734 0000235E 88CC                        mov ah, cl
  4735 00002360 E85EE2                      call cmos_write
  4736 00002363 B004                        mov al, 0x04
  4737 00002365 88EC                        mov ah, ch
  4738 00002367 E857E2                      call cmos_write
  4739 0000236A 80E37E                      and bl, 0x7E
  4740 0000236D 80E201                      and dl, 1
  4741 00002370 08D3                        or bl, dl
  4742 00002372 B00B                        mov al, 0x0B
  4743 00002374 88DC                        mov ah, bl
  4744 00002376 E848E2                      call cmos_write
  4745 00002379 5B                          pop bx
  4746 0000237A 30E4                        xor ah, ah
  4747 0000237C 36836606FE                  and word [ss:bp+6], 0xFFFE
  4748 00002381 5D                          pop bp
  4749 00002382 CF                          iret
  4750                                  
  4751                                  .read_date:
  4752 00002383 E846E2                      call cmos_wait_update
  4753 00002386 B00D                        mov al, 0x0D
  4754 00002388 E82DE2                      call cmos_read
  4755 0000238B A880                        test al, 0x80
  4756                                      J286_E .rtc_error
    14 0000238D 7503                <1>  jne short %%skip
    15 0000238F E9AB00              <1>  jmp %1
    16                              <1> %%skip:
  4757 00002392 B032                        mov al, 0x32
  4758 00002394 E821E2                      call cmos_read
  4759 00002397 88C5                        mov ch, al
  4760 00002399 B009                        mov al, 0x09
  4761 0000239B E81AE2                      call cmos_read
  4762 0000239E 88C1                        mov cl, al
  4763 000023A0 B008                        mov al, 0x08
  4764 000023A2 E813E2                      call cmos_read
  4765 000023A5 88C6                        mov dh, al
  4766 000023A7 B007                        mov al, 0x07
  4767 000023A9 E80CE2                      call cmos_read
  4768 000023AC 88C2                        mov dl, al
  4769 000023AE 30E4                        xor ah, ah
  4770 000023B0 36836606FE                  and word [ss:bp+6], 0xFFFE
  4771 000023B5 5D                          pop bp
  4772 000023B6 CF                          iret
  4773                                  
  4774                                  .set_date:
  4775 000023B7 53                          push bx
  4776 000023B8 B00B                        mov al, 0x0B
  4777 000023BA E8FBE1                      call cmos_read
  4778 000023BD 88C3                        mov bl, al
  4779 000023BF 0C80                        or al, 0x80
  4780 000023C1 88C4                        mov ah, al
  4781 000023C3 B00B                        mov al, 0x0B
  4782 000023C5 E8F9E1                      call cmos_write
  4783 000023C8 B007                        mov al, 0x07
  4784 000023CA 88D4                        mov ah, dl
  4785 000023CC E8F2E1                      call cmos_write
  4786 000023CF B008                        mov al, 0x08
  4787 000023D1 88F4                        mov ah, dh
  4788 000023D3 E8EBE1                      call cmos_write
  4789 000023D6 B009                        mov al, 0x09
  4790 000023D8 88CC                        mov ah, cl
  4791 000023DA E8E4E1                      call cmos_write
  4792 000023DD B032                        mov al, 0x32
  4793 000023DF 88EC                        mov ah, ch
  4794 000023E1 E8DDE1                      call cmos_write
  4795 000023E4 80E37F                      and bl, 0x7F
  4796 000023E7 B00B                        mov al, 0x0B
  4797 000023E9 88DC                        mov ah, bl
  4798 000023EB E8D3E1                      call cmos_write
  4799 000023EE 5B                          pop bx
  4800 000023EF 30E4                        xor ah, ah
  4801 000023F1 36836606FE                  and word [ss:bp+6], 0xFFFE
  4802 000023F6 5D                          pop bp
  4803 000023F7 CF                          iret
  4804                                  
  4805                                  .set_alarm:
  4806 000023F8 53                          push bx
  4807 000023F9 B001                        mov al, 0x01
  4808 000023FB 88F4                        mov ah, dh
  4809 000023FD E8C1E1                      call cmos_write
  4810 00002400 B003                        mov al, 0x03
  4811 00002402 88CC                        mov ah, cl
  4812 00002404 E8BAE1                      call cmos_write
  4813 00002407 B005                        mov al, 0x05
  4814 00002409 88EC                        mov ah, ch
  4815 0000240B E8B3E1                      call cmos_write
  4816 0000240E B00B                        mov al, 0x0B
  4817 00002410 E8A5E1                      call cmos_read
  4818 00002413 0C20                        or al, 0x20
  4819 00002415 88C4                        mov ah, al
  4820 00002417 B00B                        mov al, 0x0B
  4821 00002419 E8A5E1                      call cmos_write
  4822 0000241C 5B                          pop bx
  4823 0000241D 30E4                        xor ah, ah
  4824 0000241F 36836606FE                  and word [ss:bp+6], 0xFFFE
  4825 00002424 5D                          pop bp
  4826 00002425 CF                          iret
  4827                                  
  4828                                  .reset_alarm:
  4829 00002426 B00B                        mov al, 0x0B
  4830 00002428 E88DE1                      call cmos_read
  4831 0000242B 24DF                        and al, 0xDF
  4832 0000242D 88C4                        mov ah, al
  4833 0000242F B00B                        mov al, 0x0B
  4834 00002431 E88DE1                      call cmos_write
  4835 00002434 30E4                        xor ah, ah
  4836 00002436 36836606FE                  and word [ss:bp+6], 0xFFFE
  4837 0000243B 5D                          pop bp
  4838 0000243C CF                          iret
  4839                                  
  4840                                  .rtc_error:
  4841 0000243D B480                        mov ah, 0x80
  4842                                  .unsupported:
  4843 0000243F 36834E0601                  or word [ss:bp+6], 1
  4844 00002444 5D                          pop bp
  4845 00002445 CF                          iret
  4846                                  
  4847                                  ; ---------------------------------------------------------------------------
  4848                                  ; Cromwell AT CMOS Setup
  4849                                  ; ---------------------------------------------------------------------------
  4850                                  ; The setup program lives in the system ROM, as it did on late AT-compatible
  4851                                  ; motherboards. CMOS byte 20h is OEM configuration RAM covered by the normal
  4852                                  ; 10h-20h checksum: bit 0 is boot Num Lock and bit 1 selects HDD-first boot.
  4853                                  
  4854                                  setup_entry_window:
  4855 00002446 50                          push ax
  4856 00002447 53                          push bx
  4857 00002448 51                          push cx
  4858 00002449 52                          push dx
  4859 0000244A 1E                          push ds
  4860 0000244B B84000                      mov ax, BDA_SEG
  4861 0000244E 8ED8                        mov ds, ax
  4862 00002450 8B1E6C00                    mov bx, [0x006C]
  4863 00002454 31D2                        xor dx, dx                      ; DL tracks an E0 prefix for documentation
  4864                                  
  4865                                      ; During early POST, firmware owns the controller output buffer.  Mask IRQ1
  4866                                      ; so the interrupt handler cannot race this polling loop for port 60h;
  4867                                      ; leave IRQ0 unmasked so the 18.2 Hz deadline remains genuine machine time.
  4868 00002456 E421                        in al, 0x21
  4869 00002458 88C1                        mov cl, al
  4870 0000245A 0C02                        or al, 0x02
  4871 0000245C E621                        out 0x21, al
  4872                                  .wait:
  4873 0000245E E464                        in al, 0x64
  4874 00002460 A801                        test al, 0x01                   ; 8042 output buffer full?
  4875 00002462 7410                        jz short .tick
  4876 00002464 E460                        in al, 0x60                     ; translated Set-1 keyboard byte
  4877 00002466 3CE0                        cmp al, 0xE0
  4878 00002468 7504                        jne short .not_prefix
  4879 0000246A B201                        mov dl, 1
  4880 0000246C EBF0                        jmp short .wait
  4881                                  .not_prefix:
  4882 0000246E 3C53                        cmp al, 0x53                    ; dedicated Delete or keypad Delete make
  4883 00002470 7411                        je short .requested
  4884 00002472 30D2                        xor dl, dl
  4885                                  .tick:
  4886 00002474 FB                          sti
  4887 00002475 F4                          hlt
  4888 00002476 A16C00                      mov ax, [0x006C]
  4889 00002479 29D8                        sub ax, bx
  4890 0000247B 83F824                      cmp ax, 36                      ; about 1.98 seconds at 18.2065 Hz
  4891 0000247E 72DE                        jb short .wait
  4892 00002480 F9                          stc
  4893 00002481 EB01                        jmp short .done
  4894                                  .requested:
  4895 00002483 F8                          clc
  4896                                  .done:
  4897 00002484 9C                          pushf
  4898 00002485 88C8                        mov al, cl
  4899 00002487 E621                        out 0x21, al                    ; restore the runtime PIC mask exactly
  4900 00002489 9D                          popf
  4901 0000248A 1F                          pop ds
  4902 0000248B 5A                          pop dx
  4903 0000248C 59                          pop cx
  4904 0000248D 5B                          pop bx
  4905 0000248E 58                          pop ax
  4906 0000248F C3                          ret
  4907                                  
  4908                                  cmos_setup:
  4909 00002490 50                          push ax
  4910 00002491 53                          push bx
  4911 00002492 51                          push cx
  4912 00002493 52                          push dx
  4913 00002494 56                          push si
  4914 00002495 1E                          push ds
  4915 00002496 06                          push es
  4916 00002497 B8C09F                      mov ax, EBDA_SEG
  4917 0000249A 8EC0                        mov es, ax
  4918 0000249C B020                        mov al, CMOS_SETUP_FLAGS
  4919 0000249E E817E1                      call cmos_read
  4920 000024A1 2403                        and al, SETUP_NUMLOCK_ON | SETUP_HDD_FIRST
  4921 000024A3 26A2EA03                    mov [es:SETUP_FLAGS_WORK], al
  4922 000024A7 E822E1                      call cmos_wait_update
  4923 000024AA B032                        mov al, 0x32
  4924 000024AC E809E1                      call cmos_read
  4925 000024AF 26A2EB03                    mov [es:SETUP_RTC_CENTURY], al
  4926 000024B3 B009                        mov al, 0x09
  4927 000024B5 E800E1                      call cmos_read
  4928 000024B8 26A2EC03                    mov [es:SETUP_RTC_YEAR], al
  4929 000024BC B008                        mov al, 0x08
  4930 000024BE E8F7E0                      call cmos_read
  4931 000024C1 26A2ED03                    mov [es:SETUP_RTC_MONTH], al
  4932 000024C5 B007                        mov al, 0x07
  4933 000024C7 E8EEE0                      call cmos_read
  4934 000024CA 26A2EE03                    mov [es:SETUP_RTC_DAY], al
  4935 000024CE B004                        mov al, 0x04
  4936 000024D0 E8E5E0                      call cmos_read
  4937 000024D3 26A2EF03                    mov [es:SETUP_RTC_HOUR], al
  4938 000024D7 B002                        mov al, 0x02
  4939 000024D9 E8DCE0                      call cmos_read
  4940 000024DC 26A2F003                    mov [es:SETUP_RTC_MINUTE], al
  4941 000024E0 B000                        mov al, 0x00
  4942 000024E2 E8D3E0                      call cmos_read
  4943 000024E5 26A2F103                    mov [es:SETUP_RTC_SECOND], al
  4944                                  .redraw:
  4945 000024E9 B80300                      mov ax, 0x0003
  4946 000024EC CD10                        int 0x10
  4947 000024EE 0E                          push cs
  4948 000024EF 1F                          pop ds
  4949 000024F0 E8E100                      call setup_draw_chrome
  4950 000024F3 BA0303                      mov dx, 0x0303                 ; main pane, row 3 column 3
  4951 000024F6 B402                        mov ah, 0x02
  4952 000024F8 30FF                        xor bh, bh
  4953 000024FA CD10                        int 0x10
  4954 000024FC BE[542E]                    mov si, setup_hardware_heading
  4954          ******************       warning: 16-bit absolute section-crossing relocation [-w+reloc-abs-word]
  4955 000024FF E8A2DD                      call print
  4956 00002502 BE[692E]                    mov si, setup_cpu_line
  4956          ******************       warning: 16-bit absolute section-crossing relocation [-w+reloc-abs-word]
  4957 00002505 E89CDD                      call print
  4958 00002508 E853E0                      call print_memory_summary
  4959 0000250B BE[9B2E]                    mov si, setup_video_line
  4959          ******************       warning: 16-bit absolute section-crossing relocation [-w+reloc-abs-word]
  4960 0000250E E893DD                      call print
  4961 00002511 BE[CD2E]                    mov si, setup_keyboard_line
  4961          ******************       warning: 16-bit absolute section-crossing relocation [-w+reloc-abs-word]
  4962 00002514 E88DDD                      call print
  4963 00002517 BE[FC2E]                    mov si, setup_serial_line
  4963          ******************       warning: 16-bit absolute section-crossing relocation [-w+reloc-abs-word]
  4964 0000251A E887DD                      call print
  4965 0000251D BE[322F]                    mov si, setup_parallel_line
  4965          ******************       warning: 16-bit absolute section-crossing relocation [-w+reloc-abs-word]
  4966 00002520 E881DD                      call print
  4967 00002523 E81F01                      call setup_print_floppies
  4968 00002526 E87B01                      call setup_print_hard_disk
  4969 00002529 BE[3730]                    mov si, setup_preferences_heading
  4969          ******************       warning: 16-bit absolute section-crossing relocation [-w+reloc-abs-word]
  4970 0000252C E875DD                      call print
  4971 0000252F BE[5B30]                    mov si, setup_numlock_prefix
  4971          ******************       warning: 16-bit absolute section-crossing relocation [-w+reloc-abs-word]
  4972 00002532 E86FDD                      call print
  4973 00002535 26F606EA0301                test byte [es:SETUP_FLAGS_WORK], SETUP_NUMLOCK_ON
  4974 0000253B 7405                        jz short .numlock_off_text
  4975 0000253D BE[8730]                    mov si, setup_on
  4975          ******************       warning: 16-bit absolute section-crossing relocation [-w+reloc-abs-word]
  4976 00002540 EB03                        jmp short .numlock_text_ready
  4977                                  .numlock_off_text:
  4978 00002542 BE[8B30]                    mov si, setup_off
  4978          ******************       warning: 16-bit absolute section-crossing relocation [-w+reloc-abs-word]
  4979                                  .numlock_text_ready:
  4980 00002545 E85CDD                      call print
  4981 00002548 BE[7130]                    mov si, setup_boot_prefix
  4981          ******************       warning: 16-bit absolute section-crossing relocation [-w+reloc-abs-word]
  4982 0000254B E856DD                      call print
  4983 0000254E 26F606EA0302                test byte [es:SETUP_FLAGS_WORK], SETUP_HDD_FIRST
  4984 00002554 7405                        jz short .floppy_first_text
  4985 00002556 BE[9030]                    mov si, setup_hdd_first_text
  4985          ******************       warning: 16-bit absolute section-crossing relocation [-w+reloc-abs-word]
  4986 00002559 EB03                        jmp short .boot_text_ready
  4987                                  .floppy_first_text:
  4988 0000255B BE[A830]                    mov si, setup_floppy_first_text
  4988          ******************       warning: 16-bit absolute section-crossing relocation [-w+reloc-abs-word]
  4989                                  .boot_text_ready:
  4990 0000255E E843DD                      call print
  4991 00002561 BE[C030]                    mov si, setup_rtc_prefix
  4991          ******************       warning: 16-bit absolute section-crossing relocation [-w+reloc-abs-word]
  4992 00002564 E83DDD                      call print
  4993 00002567 E8DA01                      call setup_print_rtc
  4994                                  .key:
  4995 0000256A 30E4                        xor ah, ah
  4996 0000256C CD16                        int 0x16
  4997 0000256E 80FC44                      cmp ah, 0x44                    ; F10
  4998 00002571 7444                        je short .save
  4999 00002573 80FC01                      cmp ah, 0x01                    ; Escape
  5000 00002576 744F                        je short .cancel
  5001 00002578 24DF                        and al, 0xDF
  5002 0000257A 3C4E                        cmp al, 'N'
  5003 0000257C 7412                        je short .toggle_numlock
  5004 0000257E 3C42                        cmp al, 'B'
  5005 00002580 7417                        je short .toggle_boot
  5006 00002582 3C44                        cmp al, 'D'
  5007 00002584 741C                        je short .defaults
  5008 00002586 3C41                        cmp al, 'A'
  5009 00002588 7421                        je short .edit_date
  5010 0000258A 3C54                        cmp al, 'T'
  5011 0000258C 7423                        je short .edit_time
  5012 0000258E EBDA                        jmp short .key
  5013                                  .toggle_numlock:
  5014 00002590 268036EA0301                xor byte [es:SETUP_FLAGS_WORK], SETUP_NUMLOCK_ON
  5015 00002596 E950FF                      jmp .redraw
  5016                                  .toggle_boot:
  5017 00002599 268036EA0302                xor byte [es:SETUP_FLAGS_WORK], SETUP_HDD_FIRST
  5018 0000259F E947FF                      jmp .redraw
  5019                                  .defaults:
  5020 000025A2 26C606EA0301                mov byte [es:SETUP_FLAGS_WORK], SETUP_NUMLOCK_ON
  5021 000025A8 E93EFF                      jmp .redraw
  5022                                  .edit_date:
  5023 000025AB E8EF01                      call setup_edit_date
  5024 000025AE E938FF                      jmp .redraw
  5025                                  .edit_time:
  5026 000025B1 E87D02                      call setup_edit_time
  5027 000025B4 E932FF                      jmp .redraw
  5028                                  .save:
  5029 000025B7 E83F03                      call setup_commit_rtc
  5030 000025BA 268A26EA03                  mov ah, [es:SETUP_FLAGS_WORK]
  5031 000025BF B020                        mov al, CMOS_SETUP_FLAGS
  5032 000025C1 E8FDDF                      call cmos_write
  5033 000025C4 E82AE0                      call cmos_write_checksum
  5034                                  .cancel:
  5035 000025C7 B80300                      mov ax, 0x0003
  5036 000025CA CD10                        int 0x10
  5037 000025CC 07                          pop es
  5038 000025CD 1F                          pop ds
  5039 000025CE 5E                          pop si
  5040 000025CF 5A                          pop dx
  5041 000025D0 59                          pop cx
  5042 000025D1 5B                          pop bx
  5043 000025D2 58                          pop ax
  5044 000025D3 C3                          ret
  5045                                  
  5046                                  ; Paint the Phalanx Setup shell entirely through VGA text memory semantics.
  5047                                  ; The screen is still ordinary mode 03h: the blue bars, gray work area and
  5048                                  ; help pane are cell attributes, not a host-side graphical overlay.
  5049                                  setup_draw_chrome:
  5050 000025D4 50                          push ax
  5051 000025D5 53                          push bx
  5052 000025D6 51                          push cx
  5053 000025D7 52                          push dx
  5054 000025D8 57                          push di
  5055 000025D9 06                          push es
  5056 000025DA 56                          push si
  5057                                  
  5058                                      ; Blue outer field and header/footer bars.
  5059 000025DB B80006                      mov ax, 0x0600
  5060 000025DE B71F                        mov bh, 0x1F                    ; bright white on blue
  5061 000025E0 31C9                        xor cx, cx
  5062 000025E2 BA4F18                      mov dx, 0x184F
  5063 000025E5 CD10                        int 0x10
  5064                                  
  5065                                      ; Gray main work surface, rows 3 through 22.
  5066 000025E7 B80006                      mov ax, 0x0600
  5067 000025EA B770                        mov bh, 0x70                    ; black on light gray
  5068 000025EC B90103                      mov cx, 0x0301
  5069 000025EF BA4E16                      mov dx, 0x164E
  5070 000025F2 CD10                        int 0x10
  5071                                  
  5072                                      ; Blue help pane at the right, leaving a visible divider.
  5073 000025F4 B80006                      mov ax, 0x0600
  5074 000025F7 B71F                        mov bh, 0x1F
  5075 000025F9 B93B03                      mov cx, 0x033B                  ; row 3, column 59
  5076 000025FC BA4E16                      mov dx, 0x164E
  5077 000025FF CD10                        int 0x10
  5078                                  
  5079 00002601 BA1A00                      mov dx, 0x001A
  5080 00002604 B402                        mov ah, 0x02
  5081 00002606 30FF                        xor bh, bh
  5082 00002608 CD10                        int 0x10
  5083 0000260A BE[152E]                    mov si, setup_title
  5083          ******************       warning: 16-bit absolute section-crossing relocation [-w+reloc-abs-word]
  5084 0000260D E894DC                      call print
  5085                                  
  5086 00002610 BA0301                      mov dx, 0x0103
  5087 00002613 B402                        mov ah, 0x02
  5088 00002615 30FF                        xor bh, bh
  5089 00002617 CD10                        int 0x10
  5090 00002619 BE[302E]                    mov si, setup_tabs
  5090          ******************       warning: 16-bit absolute section-crossing relocation [-w+reloc-abs-word]
  5091 0000261C E885DC                      call print
  5092                                  
  5093 0000261F BA3D04                      mov dx, 0x043D
  5094 00002622 B402                        mov ah, 0x02
  5095 00002624 30FF                        xor bh, bh
  5096 00002626 CD10                        int 0x10
  5097 00002628 BE[1831]                    mov si, setup_help_pane
  5097          ******************       warning: 16-bit absolute section-crossing relocation [-w+reloc-abs-word]
  5098 0000262B E876DC                      call print
  5099                                  
  5100 0000262E BA0118                      mov dx, 0x1801
  5101 00002631 B402                        mov ah, 0x02
  5102 00002633 30FF                        xor bh, bh
  5103 00002635 CD10                        int 0x10
  5104 00002637 BE[3E2A]                    mov si, bios_revision
  5104          ******************       warning: 16-bit absolute section-crossing relocation [-w+reloc-abs-word]
  5105 0000263A E867DC                      call print
  5106                                  
  5107 0000263D 5E                          pop si
  5108 0000263E 07                          pop es
  5109 0000263F 5F                          pop di
  5110 00002640 5A                          pop dx
  5111 00002641 59                          pop cx
  5112 00002642 5B                          pop bx
  5113 00002643 58                          pop ax
  5114 00002644 C3                          ret
  5115                                  
  5116                                  setup_print_floppies:
  5117 00002645 50                          push ax
  5118 00002646 53                          push bx
  5119 00002647 56                          push si
  5120 00002648 B010                        mov al, 0x10
  5121 0000264A E86BDF                      call cmos_read
  5122 0000264D 88C3                        mov bl, al
  5123 0000264F BE[652F]                    mov si, setup_floppy_a_prefix
  5123          ******************       warning: 16-bit absolute section-crossing relocation [-w+reloc-abs-word]
  5124 00002652 E84FDC                      call print
  5125 00002655 88D8                        mov al, bl
  5126 00002657 C0E804                      shr al, 4
  5127 0000265A E81100                      call setup_print_floppy_type
  5128 0000265D BE[732F]                    mov si, setup_floppy_b_prefix
  5128          ******************       warning: 16-bit absolute section-crossing relocation [-w+reloc-abs-word]
  5129 00002660 E841DC                      call print
  5130 00002663 88D8                        mov al, bl
  5131 00002665 240F                        and al, 0x0F
  5132 00002667 E80400                      call setup_print_floppy_type
  5133 0000266A 5E                          pop si
  5134 0000266B 5B                          pop bx
  5135 0000266C 58                          pop ax
  5136 0000266D C3                          ret
  5137                                  
  5138                                  setup_print_floppy_type:
  5139 0000266E 56                          push si
  5140 0000266F 3C01                        cmp al, 1
  5141 00002671 7415                        je short .f360
  5142 00002673 3C02                        cmp al, 2
  5143 00002675 7416                        je short .f12
  5144 00002677 3C03                        cmp al, 3
  5145 00002679 7417                        je short .f720
  5146 0000267B 3C04                        cmp al, 4
  5147 0000267D 7418                        je short .f144
  5148 0000267F 3C05                        cmp al, 5
  5149 00002681 7419                        je short .f288
  5150 00002683 BE[DA2F]                    mov si, setup_none
  5150          ******************       warning: 16-bit absolute section-crossing relocation [-w+reloc-abs-word]
  5151 00002686 EB17                        jmp short .emit
  5152 00002688 BE[812F]                .f360: mov si, setup_f360
  5152          ******************       warning: 16-bit absolute section-crossing relocation [-w+reloc-abs-word]
  5153 0000268B EB12                        jmp short .emit
  5154 0000268D BE[932F]                .f12: mov si, setup_f12
  5154          ******************       warning: 16-bit absolute section-crossing relocation [-w+reloc-abs-word]
  5155 00002690 EB0D                        jmp short .emit
  5156 00002692 BE[A52F]                .f720: mov si, setup_f720
  5156          ******************       warning: 16-bit absolute section-crossing relocation [-w+reloc-abs-word]
  5157 00002695 EB08                        jmp short .emit
  5158 00002697 BE[B62F]                .f144: mov si, setup_f144
  5158          ******************       warning: 16-bit absolute section-crossing relocation [-w+reloc-abs-word]
  5159 0000269A EB03                        jmp short .emit
  5160 0000269C BE[C82F]                .f288: mov si, setup_f288
  5160          ******************       warning: 16-bit absolute section-crossing relocation [-w+reloc-abs-word]
  5161                                  .emit:
  5162 0000269F E802DC                      call print
  5163 000026A2 5E                          pop si
  5164 000026A3 C3                          ret
  5165                                  
  5166                                  setup_print_hard_disk:
  5167 000026A4 50                          push ax
  5168 000026A5 53                          push bx
  5169 000026A6 51                          push cx
  5170 000026A7 52                          push dx
  5171 000026A8 56                          push si
  5172 000026A9 1E                          push ds
  5173 000026AA B8C09F                      mov ax, EBDA_SEG
  5174 000026AD 8ED8                        mov ds, ax
  5175 000026AF 803EE80301                  cmp byte [HD_PRESENT], 1
  5176 000026B4 7552                        jne short .missing
  5177 000026B6 0E                          push cs
  5178 000026B7 1F                          pop ds
  5179 000026B8 BE[E92F]                    mov si, setup_hdd_prefix
  5179          ******************       warning: 16-bit absolute section-crossing relocation [-w+reloc-abs-word]
  5180 000026BB E8E6DB                      call print
  5181 000026BE E85600                      call setup_print_ata_model
  5182 000026C1 0E                          push cs
  5183 000026C2 1F                          pop ds
  5184 000026C3 BE[FC2F]                    mov si, setup_hdd_geometry_prefix
  5184          ******************       warning: 16-bit absolute section-crossing relocation [-w+reloc-abs-word]
  5185 000026C6 E8DBDB                      call print
  5186 000026C9 B8C09F                      mov ax, EBDA_SEG
  5187 000026CC 8ED8                        mov ds, ax
  5188 000026CE A1E003                      mov ax, [HD_CYLINDERS]
  5189 000026D1 E865DE                      call print_u16_decimal
  5190 000026D4 0E                          push cs
  5191 000026D5 1F                          pop ds
  5192 000026D6 BE[3130]                    mov si, setup_x
  5192          ******************       warning: 16-bit absolute section-crossing relocation [-w+reloc-abs-word]
  5193 000026D9 E8C8DB                      call print
  5194 000026DC B8C09F                      mov ax, EBDA_SEG
  5195 000026DF 8ED8                        mov ds, ax
  5196 000026E1 31C0                        xor ax, ax
  5197 000026E3 A0E603                      mov al, [HD_HEADS]
  5198 000026E6 E850DE                      call print_u16_decimal
  5199 000026E9 0E                          push cs
  5200 000026EA 1F                          pop ds
  5201 000026EB BE[3130]                    mov si, setup_x
  5201          ******************       warning: 16-bit absolute section-crossing relocation [-w+reloc-abs-word]
  5202 000026EE E8B3DB                      call print
  5203 000026F1 B8C09F                      mov ax, EBDA_SEG
  5204 000026F4 8ED8                        mov ds, ax
  5205 000026F6 31C0                        xor ax, ax
  5206 000026F8 A0E703                      mov al, [HD_SECTORS_TRACK]
  5207 000026FB E83BDE                      call print_u16_decimal
  5208 000026FE 0E                          push cs
  5209 000026FF 1F                          pop ds
  5210 00002700 BE[3530]                    mov si, setup_newline
  5210          ******************       warning: 16-bit absolute section-crossing relocation [-w+reloc-abs-word]
  5211 00002703 E89EDB                      call print
  5212 00002706 EB08                        jmp short .done
  5213                                  .missing:
  5214 00002708 0E                          push cs
  5215 00002709 1F                          pop ds
  5216 0000270A BE[1030]                    mov si, setup_hdd_none
  5216          ******************       warning: 16-bit absolute section-crossing relocation [-w+reloc-abs-word]
  5217 0000270D E894DB                      call print
  5218                                  .done:
  5219 00002710 1F                          pop ds
  5220 00002711 5E                          pop si
  5221 00002712 5A                          pop dx
  5222 00002713 59                          pop cx
  5223 00002714 5B                          pop bx
  5224 00002715 58                          pop ax
  5225 00002716 C3                          ret
  5226                                  
  5227                                  ; IDENTIFY strings store the two bytes in every ATA word swapped.
  5228                                  setup_print_ata_model:
  5229 00002717 50                          push ax
  5230 00002718 53                          push bx
  5231 00002719 51                          push cx
  5232 0000271A 52                          push dx
  5233 0000271B 56                          push si
  5234 0000271C 1E                          push ds
  5235 0000271D B8C09F                      mov ax, EBDA_SEG
  5236 00002720 8ED8                        mov ds, ax
  5237 00002722 BE3600                      mov si, 54                      ; IDENTIFY word 27
  5238 00002725 B91400                      mov cx, 20
  5239                                  .word:
  5240 00002728 AD                          lodsw
  5241 00002729 86C4                        xchg al, ah
  5242 0000272B 50                          push ax
  5243 0000272C B40E                        mov ah, 0x0E
  5244 0000272E 30FF                        xor bh, bh
  5245 00002730 CD10                        int 0x10
  5246 00002732 58                          pop ax
  5247 00002733 88E0                        mov al, ah
  5248 00002735 B40E                        mov ah, 0x0E
  5249 00002737 30FF                        xor bh, bh
  5250 00002739 CD10                        int 0x10
  5251 0000273B E2EB                        loop .word
  5252 0000273D 1F                          pop ds
  5253 0000273E 5E                          pop si
  5254 0000273F 5A                          pop dx
  5255 00002740 59                          pop cx
  5256 00002741 5B                          pop bx
  5257 00002742 58                          pop ax
  5258 00002743 C3                          ret
  5259                                  
  5260                                  setup_print_rtc:
  5261 00002744 50                          push ax
  5262 00002745 53                          push bx
  5263 00002746 26A0EB03                    mov al, [es:SETUP_RTC_CENTURY]
  5264 0000274A E81102                      call setup_print_bcd
  5265 0000274D 26A0EC03                    mov al, [es:SETUP_RTC_YEAR]
  5266 00002751 E80A02                      call setup_print_bcd
  5267 00002754 B02D                        mov al, '-'
  5268 00002756 E81D02                      call setup_teletype
  5269 00002759 26A0ED03                    mov al, [es:SETUP_RTC_MONTH]
  5270 0000275D E8FE01                      call setup_print_bcd
  5271 00002760 B02D                        mov al, '-'
  5272 00002762 E81102                      call setup_teletype
  5273 00002765 26A0EE03                    mov al, [es:SETUP_RTC_DAY]
  5274 00002769 E8F201                      call setup_print_bcd
  5275 0000276C B020                        mov al, ' '
  5276 0000276E E80502                      call setup_teletype
  5277 00002771 26A0EF03                    mov al, [es:SETUP_RTC_HOUR]
  5278 00002775 E8E601                      call setup_print_bcd
  5279 00002778 B03A                        mov al, ':'
  5280 0000277A E8F901                      call setup_teletype
  5281 0000277D 26A0F003                    mov al, [es:SETUP_RTC_MINUTE]
  5282 00002781 E8DA01                      call setup_print_bcd
  5283 00002784 B03A                        mov al, ':'
  5284 00002786 E8ED01                      call setup_teletype
  5285 00002789 26A0F103                    mov al, [es:SETUP_RTC_SECOND]
  5286 0000278D E8CE01                      call setup_print_bcd
  5287 00002790 B00D                        mov al, 13
  5288 00002792 E8E101                      call setup_teletype
  5289 00002795 B00A                        mov al, 10
  5290 00002797 E8DC01                      call setup_teletype
  5291 0000279A 5B                          pop bx
  5292 0000279B 58                          pop ax
  5293 0000279C C3                          ret
  5294                                  
  5295                                  setup_edit_date:
  5296 0000279D 50                          push ax
  5297 0000279E 53                          push bx
  5298 0000279F 56                          push si
  5299 000027A0 B80300                      mov ax, 0x0003
  5300 000027A3 CD10                        int 0x10
  5301 000027A5 0E                          push cs
  5302 000027A6 1F                          pop ds
  5303 000027A7 E82AFE                      call setup_draw_chrome
  5304 000027AA BA0305                      mov dx, 0x0503
  5305 000027AD B402                        mov ah, 0x02
  5306 000027AF 30FF                        xor bh, bh
  5307 000027B1 CD10                        int 0x10
  5308 000027B3 BE[C830]                    mov si, setup_date_prompt
  5308          ******************       warning: 16-bit absolute section-crossing relocation [-w+reloc-abs-word]
  5309 000027B6 E8EBDA                      call print
  5310                                  .century:
  5311 000027B9 E8F000                      call setup_read_two_digits
  5312 000027BC 726F                        jc short .done
  5313 000027BE 88C3                        mov bl, al
  5314 000027C0 E82501                      call setup_bcd_to_binary
  5315 000027C3 3C01                        cmp al, 1
  5316 000027C5 72F2                        jb short .century
  5317 000027C7 26881EF203                  mov [es:SETUP_EDIT_0], bl
  5318 000027CC E8DD00                      call setup_read_two_digits
  5319 000027CF 725C                        jc short .done
  5320 000027D1 26A2F303                    mov [es:SETUP_EDIT_1], al
  5321 000027D5 B02D                        mov al, '-'
  5322 000027D7 E89C01                      call setup_teletype
  5323                                  .month:
  5324 000027DA E8CF00                      call setup_read_two_digits
  5325 000027DD 724E                        jc short .done
  5326 000027DF 88C3                        mov bl, al
  5327 000027E1 E80401                      call setup_bcd_to_binary
  5328 000027E4 3C01                        cmp al, 1
  5329 000027E6 72F2                        jb short .month
  5330 000027E8 3C0C                        cmp al, 12
  5331 000027EA 77EE                        ja short .month
  5332 000027EC 26881EF403                  mov [es:SETUP_EDIT_2], bl
  5333 000027F1 B02D                        mov al, '-'
  5334 000027F3 E88001                      call setup_teletype
  5335                                  .day:
  5336 000027F6 E8B300                      call setup_read_two_digits
  5337 000027F9 7232                        jc short .done
  5338 000027FB 88C3                        mov bl, al
  5339 000027FD E8E800                      call setup_bcd_to_binary
  5340 00002800 3C01                        cmp al, 1
  5341 00002802 72F2                        jb short .day
  5342 00002804 3C1F                        cmp al, 31
  5343 00002806 77EE                        ja short .day
  5344 00002808 26881EF503                  mov [es:SETUP_EDIT_3], bl
  5345 0000280D 26A0F203                    mov al, [es:SETUP_EDIT_0]
  5346 00002811 26A2EB03                    mov [es:SETUP_RTC_CENTURY], al
  5347 00002815 26A0F303                    mov al, [es:SETUP_EDIT_1]
  5348 00002819 26A2EC03                    mov [es:SETUP_RTC_YEAR], al
  5349 0000281D 26A0F403                    mov al, [es:SETUP_EDIT_2]
  5350 00002821 26A2ED03                    mov [es:SETUP_RTC_MONTH], al
  5351 00002825 26A0F503                    mov al, [es:SETUP_EDIT_3]
  5352 00002829 26A2EE03                    mov [es:SETUP_RTC_DAY], al
  5353                                  .done:
  5354 0000282D 5E                          pop si
  5355 0000282E 5B                          pop bx
  5356 0000282F 58                          pop ax
  5357 00002830 C3                          ret
  5358                                  
  5359                                  setup_edit_time:
  5360 00002831 50                          push ax
  5361 00002832 53                          push bx
  5362 00002833 56                          push si
  5363 00002834 B80300                      mov ax, 0x0003
  5364 00002837 CD10                        int 0x10
  5365 00002839 0E                          push cs
  5366 0000283A 1F                          pop ds
  5367 0000283B E896FD                      call setup_draw_chrome
  5368 0000283E BA0305                      mov dx, 0x0503
  5369 00002841 B402                        mov ah, 0x02
  5370 00002843 30FF                        xor bh, bh
  5371 00002845 CD10                        int 0x10
  5372 00002847 BE[F130]                    mov si, setup_time_prompt
  5372          ******************       warning: 16-bit absolute section-crossing relocation [-w+reloc-abs-word]
  5373 0000284A E857DA                      call print
  5374                                  .hour:
  5375 0000284D E85C00                      call setup_read_two_digits
  5376 00002850 7256                        jc short .done
  5377 00002852 88C3                        mov bl, al
  5378 00002854 E89100                      call setup_bcd_to_binary
  5379 00002857 3C17                        cmp al, 23
  5380 00002859 77F2                        ja short .hour
  5381 0000285B 26881EF203                  mov [es:SETUP_EDIT_0], bl
  5382 00002860 B03A                        mov al, ':'
  5383 00002862 E81101                      call setup_teletype
  5384                                  .minute:
  5385 00002865 E84400                      call setup_read_two_digits
  5386 00002868 723E                        jc short .done
  5387 0000286A 88C3                        mov bl, al
  5388 0000286C E87900                      call setup_bcd_to_binary
  5389 0000286F 3C3B                        cmp al, 59
  5390 00002871 77F2                        ja short .minute
  5391 00002873 26881EF303                  mov [es:SETUP_EDIT_1], bl
  5392 00002878 B03A                        mov al, ':'
  5393 0000287A E8F900                      call setup_teletype
  5394                                  .second:
  5395 0000287D E82C00                      call setup_read_two_digits
  5396 00002880 7226                        jc short .done
  5397 00002882 88C3                        mov bl, al
  5398 00002884 E86100                      call setup_bcd_to_binary
  5399 00002887 3C3B                        cmp al, 59
  5400 00002889 77F2                        ja short .second
  5401 0000288B 26881EF403                  mov [es:SETUP_EDIT_2], bl
  5402 00002890 26A0F203                    mov al, [es:SETUP_EDIT_0]
  5403 00002894 26A2EF03                    mov [es:SETUP_RTC_HOUR], al
  5404 00002898 26A0F303                    mov al, [es:SETUP_EDIT_1]
  5405 0000289C 26A2F003                    mov [es:SETUP_RTC_MINUTE], al
  5406 000028A0 26A0F403                    mov al, [es:SETUP_EDIT_2]
  5407 000028A4 26A2F103                    mov [es:SETUP_RTC_SECOND], al
  5408                                  .done:
  5409 000028A8 5E                          pop si
  5410 000028A9 5B                          pop bx
  5411 000028AA 58                          pop ax
  5412 000028AB C3                          ret
  5413                                  
  5414                                  ; Read exactly two decimal digits and return packed BCD in AL. Escape sets CF.
  5415                                  setup_read_two_digits:
  5416 000028AC 53                          push bx
  5417                                  .first:
  5418 000028AD 30E4                        xor ah, ah
  5419 000028AF CD16                        int 0x16
  5420 000028B1 80FC01                      cmp ah, 0x01
  5421 000028B4 742F                        je short .cancel
  5422 000028B6 3C30                        cmp al, '0'
  5423 000028B8 72F3                        jb short .first
  5424 000028BA 3C39                        cmp al, '9'
  5425 000028BC 77EF                        ja short .first
  5426 000028BE E8B500                      call setup_teletype
  5427 000028C1 2C30                        sub al, '0'
  5428 000028C3 88C3                        mov bl, al
  5429                                  .second:
  5430 000028C5 30E4                        xor ah, ah
  5431 000028C7 CD16                        int 0x16
  5432 000028C9 80FC01                      cmp ah, 0x01
  5433 000028CC 7417                        je short .cancel
  5434 000028CE 3C30                        cmp al, '0'
  5435 000028D0 72F3                        jb short .second
  5436 000028D2 3C39                        cmp al, '9'
  5437 000028D4 77EF                        ja short .second
  5438 000028D6 E89D00                      call setup_teletype
  5439 000028D9 2C30                        sub al, '0'
  5440 000028DB 88DC                        mov ah, bl
  5441 000028DD C0E404                      shl ah, 4
  5442 000028E0 08E0                        or al, ah
  5443 000028E2 F8                          clc
  5444 000028E3 5B                          pop bx
  5445 000028E4 C3                          ret
  5446                                  .cancel:
  5447 000028E5 F9                          stc
  5448 000028E6 5B                          pop bx
  5449 000028E7 C3                          ret
  5450                                  
  5451                                  setup_bcd_to_binary:
  5452 000028E8 53                          push bx
  5453 000028E9 88C3                        mov bl, al
  5454 000028EB 80E30F                      and bl, 0x0F
  5455 000028EE C0E804                      shr al, 4
  5456 000028F1 B70A                        mov bh, 10
  5457 000028F3 F6E7                        mul bh
  5458 000028F5 00D8                        add al, bl
  5459 000028F7 5B                          pop bx
  5460 000028F8 C3                          ret
  5461                                  
  5462                                  setup_commit_rtc:
  5463 000028F9 50                          push ax
  5464 000028FA 53                          push bx
  5465 000028FB B00B                        mov al, 0x0B
  5466 000028FD E8B8DC                      call cmos_read
  5467 00002900 88C3                        mov bl, al
  5468 00002902 0C80                        or al, 0x80                    ; SET freezes the update divider while editing
  5469 00002904 88C4                        mov ah, al
  5470 00002906 B00B                        mov al, 0x0B
  5471 00002908 E8B6DC                      call cmos_write
  5472 0000290B 268A26EB03                  mov ah, [es:SETUP_RTC_CENTURY]
  5473 00002910 B032                        mov al, 0x32
  5474 00002912 E8ACDC                      call cmos_write
  5475 00002915 268A26EC03                  mov ah, [es:SETUP_RTC_YEAR]
  5476 0000291A B009                        mov al, 0x09
  5477 0000291C E8A2DC                      call cmos_write
  5478 0000291F 268A26ED03                  mov ah, [es:SETUP_RTC_MONTH]
  5479 00002924 B008                        mov al, 0x08
  5480 00002926 E898DC                      call cmos_write
  5481 00002929 268A26EE03                  mov ah, [es:SETUP_RTC_DAY]
  5482 0000292E B007                        mov al, 0x07
  5483 00002930 E88EDC                      call cmos_write
  5484 00002933 268A26EF03                  mov ah, [es:SETUP_RTC_HOUR]
  5485 00002938 B004                        mov al, 0x04
  5486 0000293A E884DC                      call cmos_write
  5487 0000293D 268A26F003                  mov ah, [es:SETUP_RTC_MINUTE]
  5488 00002942 B002                        mov al, 0x02
  5489 00002944 E87ADC                      call cmos_write
  5490 00002947 268A26F103                  mov ah, [es:SETUP_RTC_SECOND]
  5491 0000294C B000                        mov al, 0x00
  5492 0000294E E870DC                      call cmos_write
  5493 00002951 88DC                        mov ah, bl
  5494 00002953 80E47F                      and ah, 0x7F
  5495 00002956 B00B                        mov al, 0x0B
  5496 00002958 E866DC                      call cmos_write
  5497 0000295B 5B                          pop bx
  5498 0000295C 58                          pop ax
  5499 0000295D C3                          ret
  5500                                  
  5501                                  setup_print_bcd:
  5502 0000295E 50                          push ax
  5503 0000295F 88C3                        mov bl, al
  5504 00002961 C0E804                      shr al, 4
  5505 00002964 240F                        and al, 0x0F
  5506 00002966 0430                        add al, '0'
  5507 00002968 E80B00                      call setup_teletype
  5508 0000296B 88D8                        mov al, bl
  5509 0000296D 240F                        and al, 0x0F
  5510 0000296F 0430                        add al, '0'
  5511 00002971 E80200                      call setup_teletype
  5512 00002974 58                          pop ax
  5513 00002975 C3                          ret
  5514                                  
  5515                                  setup_teletype:
  5516 00002976 50                          push ax
  5517 00002977 53                          push bx
  5518 00002978 B40E                        mov ah, 0x0E
  5519 0000297A 30FF                        xor bh, bh
  5520 0000297C CD10                        int 0x10
  5521 0000297E 5B                          pop bx
  5522 0000297F 58                          pop ax
  5523 00002980 C3                          ret
  5524                                  
  5525                                  int19:
  5526 00002981 FA                          cli
  5527 00002982 B020                        mov al, CMOS_SETUP_FLAGS
  5528 00002984 E831DC                      call cmos_read
  5529 00002987 A802                        test al, SETUP_HDD_FIRST
  5530 00002989 750C                        jnz short .hard_first
  5531 0000298B E84700                      call int19_try_floppy
  5532 0000298E 7313                        jnc short .floppy_go
  5533 00002990 E86200                      call int19_try_harddisk
  5534 00002993 7312                        jnc short .hard_go
  5535 00002995 EB24                        jmp short .failed
  5536                                  .hard_first:
  5537 00002997 E85B00                      call int19_try_harddisk
  5538 0000299A 730B                        jnc short .hard_go
  5539 0000299C E83600                      call int19_try_floppy
  5540 0000299F 7302                        jnc short .floppy_go
  5541 000029A1 EB18                        jmp short .failed
  5542                                  .floppy_go:
  5543 000029A3 30D2                        xor dl, dl
  5544 000029A5 EB02                        jmp short .go
  5545                                  .hard_go:
  5546 000029A7 B280                        mov dl, 0x80
  5547                                  .go:
  5548 000029A9 E8BDD8                      call clear_screen
  5549 000029AC 31C0                        xor ax, ax
  5550 000029AE 8ED8                        mov ds, ax
  5551 000029B0 8ED0                        mov ss, ax
  5552 000029B2 BC007C                      mov sp, 0x7C00
  5553 000029B5 FB                          sti
  5554 000029B6 EA007C0000                  jmp 0x0000:0x7C00
  5555                                  .failed:
  5556 000029BB 0E                          push cs
  5557 000029BC 1F                          pop ds
  5558 000029BD BE[AD2D]                    mov si, boot_fail
  5558          ******************       warning: 16-bit absolute section-crossing relocation [-w+reloc-abs-word]
  5559 000029C0 E8E1D8                      call print
  5560 000029C3 FB                          sti
  5561 000029C4 F4                      .wait: hlt
  5562 000029C5 EBFD                        jmp .wait
  5563                                  
  5564                                  int19_clear_buffer:
  5565 000029C7 31C0                        xor ax, ax
  5566 000029C9 8EC0                        mov es, ax
  5567 000029CB BF007C                      mov di, 0x7C00
  5568 000029CE B90001                      mov cx, 256
  5569 000029D1 FC                          cld
  5570 000029D2 F3AB                        rep stosw
  5571 000029D4 C3                          ret
  5572                                  
  5573                                  int19_try_floppy:
  5574 000029D5 E8EFFF                      call int19_clear_buffer
  5575 000029D8 BB007C                      mov bx, 0x7C00
  5576 000029DB B80102                      mov ax, 0x0201
  5577 000029DE 31C9                        xor cx, cx
  5578 000029E0 B101                        mov cl, 1
  5579 000029E2 31D2                        xor dx, dx
  5580 000029E4 CD13                        int 0x13
  5581 000029E6 720B                        jc short .bad
  5582 000029E8 26813EFE7D55AA              cmp word [es:0x7DFE], 0xAA55
  5583 000029EF 7502                        jne short .bad
  5584 000029F1 F8                          clc
  5585 000029F2 C3                          ret
  5586                                  .bad:
  5587 000029F3 F9                          stc
  5588 000029F4 C3                          ret
  5589                                  
  5590                                  int19_try_harddisk:
  5591 000029F5 E8CFFF                      call int19_clear_buffer
  5592 000029F8 BB007C                      mov bx, 0x7C00
  5593 000029FB B80102                      mov ax, 0x0201
  5594 000029FE B90100                      mov cx, 1
  5595 00002A01 30F6                        xor dh, dh
  5596 00002A03 B280                        mov dl, 0x80
  5597 00002A05 CD13                        int 0x13
  5598 00002A07 720B                        jc short .bad
  5599 00002A09 26813EFE7D55AA              cmp word [es:0x7DFE], 0xAA55
  5600 00002A10 7502                        jne short .bad
  5601 00002A12 F8                          clc
  5602 00002A13 C3                          ret
  5603                                  .bad:
  5604 00002A14 F9                          stc
  5605 00002A15 C3                          ret
  5606                                  
  5607                                  floppy_dpt:
  5608 00002A16 DF022502121BFF6CF6-         db 0xDF,0x02,0x25,0x02,18,0x1B,0xFF,0x6C,0xF6,15,8
  5608 00002A1F 0F08               
  5609                                  
  5610 00002A21 00                      dummy db 0
  5611 00002A22 50726573732044454C-     setup_prompt_top db 'Press DELETE to enter Setup',0
  5611 00002A2B 45544520746F20656E-
  5611 00002A34 746572205365747570-
  5611 00002A3D 00                 
  5612 00002A3E 43726F6D77656C6C20-     bios_revision db 'Cromwell Technologies - Phalanx v.5.3.0',0
  5612 00002A47 546563686E6F6C6F67-
  5612 00002A50 696573202D20506861-
  5612 00002A59 6C616E7820762E352E-
  5612 00002A62 332E3000           
  5613 00002A66 4B6579626F6172643A-     keyboard_post_ok db 'Keyboard: 8042 / enhanced keyboard ........ OK',0
  5613 00002A6F 2038303432202F2065-
  5613 00002A78 6E68616E636564206B-
  5613 00002A81 6579626F617264202E-
  5613 00002A8A 2E2E2E2E2E2E2E204F-
  5613 00002A93 4B00               
  5614 00002A95 4B6579626F61726420-     keyboard_post_error db 'Keyboard error or no keyboard present',0
  5614 00002A9E 6572726F72206F7220-
  5614 00002AA7 6E6F206B6579626F61-
  5614 00002AB0 72642070726573656E-
  5614 00002AB9 7400               
  5615 00002ABB 0A2020202020202020-     logo db 10,'                 CROMWELL TECHNOLOGIES',13,10
  5615 00002AC4 202020202020202020-
  5615 00002ACD 43524F4D57454C4C20-
  5615 00002AD6 544543484E4F4C4F47-
  5615 00002ADF 4945530D0A         
  5616 00002AE4 202020202020202020-          db '                      PHALANX BIOS',13,10,13,10
  5616 00002AED 202020202020202020-
  5616 00002AF6 202020205048414C41-
  5616 00002AFF 4E582042494F530D0A-
  5616 00002B08 0D0A               
  5617 00002B0A 20202B2D2D2D2D2D2D-          db '  +-----------------------------------------------------------------------+',13,10
  5617 00002B13 2D2D2D2D2D2D2D2D2D-
  5617 00002B1C 2D2D2D2D2D2D2D2D2D-
  5617 00002B25 2D2D2D2D2D2D2D2D2D-
  5617 00002B2E 2D2D2D2D2D2D2D2D2D-
  5617 00002B37 2D2D2D2D2D2D2D2D2D-
  5617 00002B40 2D2D2D2D2D2D2D2D2D-
  5617 00002B49 2D2D2D2D2D2D2D2D2D-
  5617 00002B52 2D2D2B0D0A         
  5618 00002B57 20207C205379737465-          db '  | System:     Virtual Computer Modular AT                               |',13,10
  5618 00002B60 6D3A20202020205669-
  5618 00002B69 727475616C20436F6D-
  5618 00002B72 7075746572204D6F64-
  5618 00002B7B 756C61722041542020-
  5618 00002B84 202020202020202020-
  5618 00002B8D 202020202020202020-
  5618 00002B96 202020202020202020-
  5618 00002B9F 20207C0D0A         
  5619 00002BA4 20207C2050726F6365-          db '  | Processor:  Harris CS80C286-25 with Intel 80287                       |',13,10
  5619 00002BAD 73736F723A20204861-
  5619 00002BB6 727269732043533830-
  5619 00002BBF 433238362D32352077-
  5619 00002BC8 69746820496E74656C-
  5619 00002BD1 203830323837202020-
  5619 00002BDA 202020202020202020-
  5619 00002BE3 202020202020202020-
  5619 00002BEC 20207C0D0A         
  5620 00002BF1 20207C204368697073-          db '  | Chipset:    Chips & Technologies CS8221 NEAT                          |',13,10
  5620 00002BFA 65743A202020204368-
  5620 00002C03 697073202620546563-
  5620 00002C0C 686E6F6C6F67696573-
  5620 00002C15 20435338323231204E-
  5620 00002C1E 454154202020202020-
  5620 00002C27 202020202020202020-
  5620 00002C30 202020202020202020-
  5620 00002C39 20207C0D0A         
  5621 00002C3E 20207C20566964656F-          db '  | Video:      Diamond Stealth Pro ISA / S3 86C928                       |',13,10
  5621 00002C47 3A2020202020204469-
  5621 00002C50 616D6F6E6420537465-
  5621 00002C59 616C74682050726F20-
  5621 00002C62 495341202F20533320-
  5621 00002C6B 383643393238202020-
  5621 00002C74 202020202020202020-
  5621 00002C7D 202020202020202020-
  5621 00002C86 20207C0D0A         
  5622 00002C8B 20207C20492F4F3A20-          db '  | I/O:        COM1 3F8/4  COM2 2F8/3  LPT1 378/7  LPT2 278/5           |',13,10
  5622 00002C94 20202020202020434F-
  5622 00002C9D 4D31203346382F3420-
  5622 00002CA6 20434F4D3220324638-
  5622 00002CAF 2F3320204C50543120-
  5622 00002CB8 3337382F3720204C50-
  5622 00002CC1 5432203237382F3520-
  5622 00002CCA 202020202020202020-
  5622 00002CD3 207C0D0A           
  5623 00002CD7 20202B2D2D2D2D2D2D-          db '  +-----------------------------------------------------------------------+',13,10,13,10,0
  5623 00002CE0 2D2D2D2D2D2D2D2D2D-
  5623 00002CE9 2D2D2D2D2D2D2D2D2D-
  5623 00002CF2 2D2D2D2D2D2D2D2D2D-
  5623 00002CFB 2D2D2D2D2D2D2D2D2D-
  5623 00002D04 2D2D2D2D2D2D2D2D2D-
  5623 00002D0D 2D2D2D2D2D2D2D2D2D-
  5623 00002D16 2D2D2D2D2D2D2D2D2D-
  5623 00002D1F 2D2D2B0D0A0D0A00   
  5624 00002D27 4D656D6F7279207465-     post_text db 'Memory test: ',0
  5624 00002D30 73743A2000         
  5625 00002D35 00                      memory_line_prefix db '',0
  5626 00002D36 204B4220746F74616C-     memory_line_mid db ' KB total / ',0
  5626 00002D3F 202F2000           
  5627 00002D43 204B4220657874656E-     memory_line_suffix db ' KB extended ... OK',13,10,0
  5627 00002D4C 646564202E2E2E204F-
  5627 00002D55 4B0D0A00           
  5628 00002D59 434D4F532F5254432C-     post_text_after_memory db 'CMOS/RTC, PIC, PIT, DMA and keyboard controller ... OK',13,10
  5628 00002D62 205049432C20504954-
  5628 00002D6B 2C20444D4120616E64-
  5628 00002D74 206B6579626F617264-
  5628 00002D7D 20636F6E74726F6C6C-
  5628 00002D86 6572202E2E2E204F4B-
  5628 00002D8F 0D0A               
  5629 00002D91 446574656374696E67-               db 'Detecting boot devices...',13,10,0
  5629 00002D9A 20626F6F7420646576-
  5629 00002DA3 696365732E2E2E0D0A-
  5629 00002DAC 00                 
  5630 00002DAD 20204E6F20626F6F74-     boot_fail db '  No bootable disk was found.',10,10
  5630 00002DB6 61626C65206469736B-
  5630 00002DBF 2077617320666F756E-
  5630 00002DC8 642E0A0A           
  5631 00002DCC 20204D6F756E742061-               db '  Mount a bootable floppy or hard-disk image,',10
  5631 00002DD5 20626F6F7461626C65-
  5631 00002DDE 20666C6F707079206F-
  5631 00002DE7 7220686172642D6469-
  5631 00002DF0 736B20696D6167652C-
  5631 00002DF9 0A                 
  5632 00002DFA 20207468656E207265-               db '  then reset the machine.',10,0
  5632 00002E03 73657420746865206D-
  5632 00002E0C 616368696E652E0A00 
  5633                                  
  5634 00002E15 5048414C414E582042-     setup_title db 'PHALANX BIOS SETUP UTILITY',0
  5634 00002E1E 494F53205345545550-
  5634 00002E27 205554494C49545900 
  5635 00002E30 4D61696E2020202020-     setup_tabs db 'Main     Advanced     Boot     Exit',0
  5635 00002E39 416476616E63656420-
  5635 00002E42 20202020426F6F7420-
  5635 00002E4B 202020204578697400 
  5636 00002E54 53595354454D20494E-     setup_hardware_heading db 'SYSTEM INFORMATION',10,10,0
  5636 00002E5D 464F524D4154494F4E-
  5636 00002E66 0A0A00             
  5637 00002E69 20204350553A202020-     setup_cpu_line db '  CPU:       Harris CS80C286-25 with Intel 80287',10,0
  5637 00002E72 202020204861727269-
  5637 00002E7B 732043533830433238-
  5637 00002E84 362D32352077697468-
  5637 00002E8D 20496E74656C203830-
  5637 00002E96 3238370A00         
  5638 00002E9B 2020566964656F3A20-     setup_video_line db '  Video:     Diamond Stealth Pro ISA / S3 86C928',10,0
  5638 00002EA4 202020204469616D6F-
  5638 00002EAD 6E6420537465616C74-
  5638 00002EB6 682050726F20495341-
  5638 00002EBF 202F20533320383643-
  5638 00002EC8 3932380A00         
  5639 00002ECD 20204B6579626F6172-     setup_keyboard_line db '  Keyboard:  101/102-key enhanced AT keyboard',10,0
  5639 00002ED6 643A20203130312F31-
  5639 00002EDF 30322D6B657920656E-
  5639 00002EE8 68616E636564204154-
  5639 00002EF1 206B6579626F617264-
  5639 00002EFA 0A00               
  5640 00002EFC 202053657269616C3A-     setup_serial_line db '  Serial:    COM1 03F8/IRQ4, COM2 02F8/IRQ3 (16550A)',10,0
  5640 00002F05 20202020434F4D3120-
  5640 00002F0E 303346382F49525134-
  5640 00002F17 2C20434F4D32203032-
  5640 00002F20 46382F495251332028-
  5640 00002F29 313635353041290A00 
  5641 00002F32 2020506172616C6C65-     setup_parallel_line db '  Parallel:  LPT1 0378/IRQ7, LPT2 0278/IRQ5 (SPP)',10,0
  5641 00002F3B 6C3A20204C50543120-
  5641 00002F44 303337382F49525137-
  5641 00002F4D 2C204C505432203032-
  5641 00002F56 37382F495251352028-
  5641 00002F5F 535050290A00       
  5642 00002F65 2020466C6F70707920-     setup_floppy_a_prefix db '  Floppy A:  ',0
  5642 00002F6E 413A202000         
  5643 00002F73 2020466C6F70707920-     setup_floppy_b_prefix db '  Floppy B:  ',0
  5643 00002F7C 423A202000         
  5644 00002F81 333630204B4220352E-     setup_f360 db '360 KB 5.25-inch',10,0
  5644 00002F8A 32352D696E63680A00 
  5645 00002F93 312E32204D4220352E-     setup_f12 db '1.2 MB 5.25-inch',10,0
  5645 00002F9C 32352D696E63680A00 
  5646 00002FA5 373230204B4220332E-     setup_f720 db '720 KB 3.5-inch',10,0
  5646 00002FAE 352D696E63680A00   
  5647 00002FB6 312E3434204D422033-     setup_f144 db '1.44 MB 3.5-inch',10,0
  5647 00002FBF 2E352D696E63680A00 
  5648 00002FC8 322E3838204D422033-     setup_f288 db '2.88 MB 3.5-inch',10,0
  5648 00002FD1 2E352D696E63680A00 
  5649 00002FDA 4E6F7420696E737461-     setup_none db 'Not installed',10,0
  5649 00002FE3 6C6C65640A00       
  5650 00002FE9 20205072696D617279-     setup_hdd_prefix db '  Primary master: ',0
  5650 00002FF2 206D61737465723A20-
  5650 00002FFB 00                 
  5651 00002FFC 0A202042494F532067-     setup_hdd_geometry_prefix db 10,'  BIOS geometry:  ',0
  5651 00003005 656F6D657472793A20-
  5651 0000300E 2000               
  5652 00003010 20205072696D617279-     setup_hdd_none db '  Primary master: Not installed',10,0
  5652 00003019 206D61737465723A20-
  5652 00003022 4E6F7420696E737461-
  5652 0000302B 6C6C65640A00       
  5653 00003031 20782000                setup_x db ' x ',0
  5654 00003035 0A00                    setup_newline db 10,0
  5655 00003037 0A434D4F5320707265-     setup_preferences_heading db 10,'CMOS preferences',10,'----------------',10,0
  5655 00003040 666572656E6365730A-
  5655 00003049 2D2D2D2D2D2D2D2D2D-
  5655 00003052 2D2D2D2D2D2D2D0A00 
  5656 0000305B 20205B4E5D20426F6F-     setup_numlock_prefix db '  [N] Boot Num Lock: ',0
  5656 00003064 74204E756D204C6F63-
  5656 0000306D 6B3A2000           
  5657 00003071 20205B425D20426F6F-     setup_boot_prefix db '  [B] Boot order:    ',0
  5657 0000307A 74206F726465723A20-
  5657 00003083 20202000           
  5658 00003087 4F6E0A00                setup_on db 'On',10,0
  5659 0000308B 4F66660A00              setup_off db 'Off',10,0
  5660 00003090 48617264206469736B-     setup_hdd_first_text db 'Hard disk, then floppy',10,0
  5660 00003099 2C207468656E20666C-
  5660 000030A2 6F7070790A00       
  5661 000030A8 466C6F7070792C2074-     setup_floppy_first_text db 'Floppy, then hard disk',10,0
  5661 000030B1 68656E206861726420-
  5661 000030BA 6469736B0A00       
  5662 000030C0 20205254433A2000        setup_rtc_prefix db '  RTC: ',0
  5663 000030C8 456E74657220646174-     setup_date_prompt db 'Enter date as YYYY-MM-DD (Esc cancels): ',0
  5663 000030D1 652061732059595959-
  5663 000030DA 2D4D4D2D4444202845-
  5663 000030E3 73632063616E63656C-
  5663 000030EC 73293A2000         
  5664 000030F1 456E7465722074696D-     setup_time_prompt db 'Enter time as HH:MM:SS (Esc cancels): ',0
  5664 000030FA 652061732048483A4D-
  5664 00003103 4D3A53532028457363-
  5664 0000310C 2063616E63656C7329-
  5664 00003115 3A2000             
  5665 00003118 5048414C414E582053-     setup_help_pane db 'PHALANX SETUP',10
  5665 00003121 455455500A         
  5666 00003126 202020202020202020-                db '                                                             System hardware',10
  5666 0000312F 202020202020202020-
  5666 00003138 202020202020202020-
  5666 00003141 202020202020202020-
  5666 0000314A 202020202020202020-
  5666 00003153 202020202020202020-
  5666 0000315C 202020202020205379-
  5666 00003165 7374656D2068617264-
  5666 0000316E 776172650A         
  5667 00003173 202020202020202020-                db '                                                             detected by POST.',10,10
  5667 0000317C 202020202020202020-
  5667 00003185 202020202020202020-
  5667 0000318E 202020202020202020-
  5667 00003197 202020202020202020-
  5667 000031A0 202020202020202020-
  5667 000031A9 202020202020206465-
  5667 000031B2 746563746564206279-
  5667 000031BB 20504F53542E0A0A   
  5668 000031C3 202020202020202020-                db '                                                             N  Boot Num Lock',10
  5668 000031CC 202020202020202020-
  5668 000031D5 202020202020202020-
  5668 000031DE 202020202020202020-
  5668 000031E7 202020202020202020-
  5668 000031F0 202020202020202020-
  5668 000031F9 202020202020204E20-
  5668 00003202 20426F6F74204E756D-
  5668 0000320B 204C6F636B0A       
  5669 00003211 202020202020202020-                db '                                                             B  Boot order',10
  5669 0000321A 202020202020202020-
  5669 00003223 202020202020202020-
  5669 0000322C 202020202020202020-
  5669 00003235 202020202020202020-
  5669 0000323E 202020202020202020-
  5669 00003247 202020202020204220-
  5669 00003250 20426F6F74206F7264-
  5669 00003259 65720A             
  5670 0000325C 202020202020202020-                db '                                                             A  Set date',10
  5670 00003265 202020202020202020-
  5670 0000326E 202020202020202020-
  5670 00003277 202020202020202020-
  5670 00003280 202020202020202020-
  5670 00003289 202020202020202020-
  5670 00003292 202020202020204120-
  5670 0000329B 205365742064617465-
  5670 000032A4 0A                 
  5671 000032A5 202020202020202020-                db '                                                             T  Set time',10
  5671 000032AE 202020202020202020-
  5671 000032B7 202020202020202020-
  5671 000032C0 202020202020202020-
  5671 000032C9 202020202020202020-
  5671 000032D2 202020202020202020-
  5671 000032DB 202020202020205420-
  5671 000032E4 205365742074696D65-
  5671 000032ED 0A                 
  5672 000032EE 202020202020202020-                db '                                                             D  Load defaults',10,10
  5672 000032F7 202020202020202020-
  5672 00003300 202020202020202020-
  5672 00003309 202020202020202020-
  5672 00003312 202020202020202020-
  5672 0000331B 202020202020202020-
  5672 00003324 202020202020204420-
  5672 0000332D 204C6F616420646566-
  5672 00003336 61756C74730A0A     
  5673 0000333D 202020202020202020-                db '                                                             F10 Save and exit',10
  5673 00003346 202020202020202020-
  5673 0000334F 202020202020202020-
  5673 00003358 202020202020202020-
  5673 00003361 202020202020202020-
  5673 0000336A 202020202020202020-
  5673 00003373 202020202020204631-
  5673 0000337C 30205361766520616E-
  5673 00003385 6420657869740A     
  5674 0000338C 202020202020202020-                db '                                                             ESC Exit',0
  5674 00003395 202020202020202020-
  5674 0000339E 202020202020202020-
  5674 000033A7 202020202020202020-
  5674 000033B0 202020202020202020-
  5674 000033B9 202020202020202020-
  5674 000033C2 202020202020204553-
  5674 000033CB 43204578697400     
  5675                                  
  5676 000033D2 FF<rep CC1Eh>           times 0xFFF0-($-$$) db 0xFF
  5677 0000FFF0 EA[0000]00F0            reset_vector: jmp 0xF000:start
  5677          ******************       warning: 16-bit absolute section-crossing relocation [-w+reloc-abs-word]
  5678 0000FFF5 FF<rep Bh>              times 0x10000-($-$$) db 0xFF
