     1                                  ; Diamond Stealth Pro ISA revision C5 clean-room VGA option ROM
     2                                  ; S3 86C928, 2 MiB 60 ns VRAM, Brooktree Bt485, 16-bit ISA profile
     3                                  ;
     4                                  ; 32 KiB option ROM mapped at C0000h.  The system BIOS validates the 55AAh
     5                                  ; header/checksum, calls entry point +3, and the card installs INT 10h.
     6                                  ;
     7                                  ; This ROM deliberately exposes standard VGA services and leaves extended
     8                                  ; SVGA mode selection to S3/Diamond drivers, just as period software could
     9                                  ; program the 86C928 enhanced register interface directly.
    10                                  
    11                                  bits 16
    12                                  org 0
    13                                  cpu 286
    14                                  
    15                                  %define BDA_SEG   0x0040
    16                                  %define TEXT_SEG  0xB800
    17                                  %define VGA_SEG   0xA000
    18                                  
    19                                  %macro J286_E 1
    20                                      jne short %%skip
    21                                      jmp %1
    22                                  %%skip:
    23                                  %endmacro
    24                                  %macro J286_NE 1
    25                                      je short %%skip
    26                                      jmp %1
    27                                  %%skip:
    28                                  %endmacro
    29                                  %macro J286_B 1
    30                                      jae short %%skip
    31                                      jmp %1
    32                                  %%skip:
    33                                  %endmacro
    34                                  %macro J286_AE 1
    35                                      jb short %%skip
    36                                      jmp %1
    37                                  %%skip:
    38                                  %endmacro
    39                                  %macro J286_BE 1
    40                                      ja short %%skip
    41                                      jmp %1
    42                                  %%skip:
    43                                  %endmacro
    44                                  
    45                                  ; Standard expansion-ROM header.  64 x 512-byte blocks = 32 KiB.
    46 00000000 55AA40                  db 0x55, 0xAA, 64
    47 00000003 EB3E                    jmp rom_init
    48                                  
    49 00000005 4449414D4F4E442053-     db 'DIAMOND STEALTH PRO ISA REV C5 - S3 86C928 - 2MB VRAM - BT485',0
    49 0000000E 5445414C5448205052-
    49 00000017 4F2049534120524556-
    49 00000020 204335202D20533320-
    49 00000029 383643393238202D20-
    49 00000032 324D42205652414D20-
    49 0000003B 2D20425434383500   
    50                                  
    51                                  rom_init:
    52 00000043 50                          push ax
    53 00000044 53                          push bx
    54 00000045 52                          push dx
    55 00000046 1E                          push ds
    56 00000047 06                          push es
    57                                  
    58                                      ; Power-on defaults leave the ISA video subsystem asleep with normal
    59                                      ; address decode disabled.  PD8 is strapped high in this profile, so bit 4
    60                                      ; of 46E8h selects setup mode.  In setup, 0102h bit0 wakes the subsystem;
    61                                      ; returning bit4 low with bit3 high enters normal decoded operation.
    62 00000048 BAE846                      mov dx, 0x46E8
    63 0000004B B010                        mov al, 0x10
    64 0000004D EE                          out dx, al
    65 0000004E BA0201                      mov dx, 0x0102
    66 00000051 B001                        mov al, 1
    67 00000053 EE                          out dx, al
    68 00000054 BAE846                      mov dx, 0x46E8
    69 00000057 B008                        mov al, 0x08
    70 00000059 EE                          out dx, al
    71                                  
    72                                      ; Install our option-ROM video service vector through the guest IVT.
    73 0000005A 31C0                        xor ax, ax
    74 0000005C 8ED8                        mov ds, ax
    75 0000005E C7064000[A800]              mov word [0x10*4], int10
    75          ******************       warning: 16-bit absolute section-crossing relocation [-w+reloc-abs-word]
    76 00000064 8C0E4200                    mov word [0x10*4+2], cs
    77                                  
    78                                      ; A VGA/EGA-class adapter is encoded as display type 00b in equipment-word
    79                                      ; bits 4-5.  The system BIOS initially advertises CGA 80x25 until an option
    80                                      ; ROM claims the display.  Clear only those two display bits here, leaving
    81                                      ; floppy/FPU/other equipment flags untouched.
    82 00000068 B84000                      mov ax, BDA_SEG
    83 0000006B 8EC0                        mov es, ax
    84 0000006D 2683261000CF                and word [es:0x10], 0xFFCF
    85                                  
    86                                      ; Unlock documented S3 extended VGA/system registers and advertise/use the
    87                                      ; 16-bit VGA memory data path.  Enhanced drawing registers remain available
    88                                      ; to software, while the display starts in ordinary VGA compatibility mode.
    89 00000073 BAD403                      mov dx, 0x3D4
    90 00000076 B038                        mov al, 0x38
    91 00000078 EE                          out dx, al
    92 00000079 42                          inc dx
    93 0000007A B048                        mov al, 0x48
    94 0000007C EE                          out dx, al
    95 0000007D 4A                          dec dx
    96 0000007E B039                        mov al, 0x39
    97 00000080 EE                          out dx, al
    98 00000081 42                          inc dx
    99 00000082 B0A5                        mov al, 0xA5
   100 00000084 EE                          out dx, al
   101 00000085 4A                          dec dx
   102 00000086 B031                        mov al, 0x31
   103 00000088 EE                          out dx, al
   104 00000089 42                          inc dx
   105 0000008A EC                          in al, dx
   106 0000008B 0C04                        or al, 0x04
   107 0000008D EE                          out dx, al
   108 0000008E 4A                          dec dx
   109 0000008F B040                        mov al, 0x40
   110 00000091 EE                          out dx, al
   111 00000092 42                          inc dx
   112 00000093 B001                        mov al, 0x01
   113 00000095 EE                          out dx, al
   114                                  
   115                                      ; Power-on display personality: VGA 80x25 color text.
   116 00000096 31C0                        xor ax, ax
   117 00000098 31DB                        xor bx, bx
   118 0000009A B003                        mov al, 3
   119 0000009C E8B600                      call set_mode_internal
   120 0000009F E83E0D                      call vga_install_save_pointer
   121                                  
   122 000000A2 07                          pop es
   123 000000A3 1F                          pop ds
   124 000000A4 5A                          pop dx
   125 000000A5 5B                          pop bx
   126 000000A6 58                          pop ax
   127 000000A7 CB                          retf
   128                                  
   129                                  ; ---------------------------------------------------------------------------
   130                                  ; INT 10h VGA BIOS dispatcher
   131                                  ; ---------------------------------------------------------------------------
   132                                  int10:
   133 000000A8 80FC00                      cmp ah, 0x00
   134                                      J286_E video_set_mode
    20 000000AB 7503                <1>  jne short %%skip
    21 000000AD E99900              <1>  jmp %1
    22                              <1> %%skip:
   135 000000B0 80FC01                      cmp ah, 0x01
   136                                      J286_E video_set_shape
    20 000000B3 7503                <1>  jne short %%skip
    21 000000B5 E97D04              <1>  jmp %1
    22                              <1> %%skip:
   137 000000B8 80FC02                      cmp ah, 0x02
   138                                      J286_E video_set_cursor
    20 000000BB 7503                <1>  jne short %%skip
    21 000000BD E9A504              <1>  jmp %1
    22                              <1> %%skip:
   139 000000C0 80FC03                      cmp ah, 0x03
   140                                      J286_E video_get_cursor
    20 000000C3 7503                <1>  jne short %%skip
    21 000000C5 E9F904              <1>  jmp %1
    22                              <1> %%skip:
   141 000000C8 80FC05                      cmp ah, 0x05
   142                                      J286_E video_set_page
    20 000000CB 7503                <1>  jne short %%skip
    21 000000CD E90E05              <1>  jmp %1
    22                              <1> %%skip:
   143 000000D0 80FC06                      cmp ah, 0x06
   144                                      J286_E video_scroll_up
    20 000000D3 7503                <1>  jne short %%skip
    21 000000D5 E9B106              <1>  jmp %1
    22                              <1> %%skip:
   145 000000D8 80FC07                      cmp ah, 0x07
   146                                      J286_E video_scroll_down
    20 000000DB 7503                <1>  jne short %%skip
    21 000000DD E9CF07              <1>  jmp %1
    22                              <1> %%skip:
   147 000000E0 80FC08                      cmp ah, 0x08
   148                                      J286_E video_read_cell
    20 000000E3 7503                <1>  jne short %%skip
    21 000000E5 E99605              <1>  jmp %1
    22                              <1> %%skip:
   149 000000E8 80FC09                      cmp ah, 0x09
   150                                      J286_E video_write_cell
    20 000000EB 7503                <1>  jne short %%skip
    21 000000ED E99905              <1>  jmp %1
    22                              <1> %%skip:
   151 000000F0 80FC0A                      cmp ah, 0x0A
   152                                      J286_E video_write_char
    20 000000F3 7503                <1>  jne short %%skip
    21 000000F5 E9A205              <1>  jmp %1
    22                              <1> %%skip:
   153 000000F8 80FC0C                      cmp ah, 0x0C
   154                                      J286_E video_write_pixel
    20 000000FB 7503                <1>  jne short %%skip
    21 000000FD E9E508              <1>  jmp %1
    22                              <1> %%skip:
   155 00000100 80FC0D                      cmp ah, 0x0D
   156                                      J286_E video_read_pixel
    20 00000103 7503                <1>  jne short %%skip
    21 00000105 E9770A              <1>  jmp %1
    22                              <1> %%skip:
   157 00000108 80FC0E                      cmp ah, 0x0E
   158                                      J286_E video_tty
    20 0000010B 7503                <1>  jne short %%skip
    21 0000010D E99F05              <1>  jmp %1
    22                              <1> %%skip:
   159 00000110 80FC0F                      cmp ah, 0x0F
   160                                      J286_E video_get_mode
    20 00000113 7503                <1>  jne short %%skip
    21 00000115 E9950C              <1>  jmp %1
    22                              <1> %%skip:
   161 00000118 80FC10                      cmp ah, 0x10
   162                                      J286_E video_palette
    20 0000011B 7503                <1>  jne short %%skip
    21 0000011D E98A0B              <1>  jmp %1
    22                              <1> %%skip:
   163 00000120 80FC11                      cmp ah, 0x11
   164                                      J286_E pcb1v_video_font
    20 00000123 7503                <1>  jne short %%skip
    21 00000125 E9660D              <1>  jmp %1
    22                              <1> %%skip:
   165 00000128 80FC12                      cmp ah, 0x12
   166                                      J286_E pcb1v_video_alt_functions
    20 0000012B 7503                <1>  jne short %%skip
    21 0000012D E9FF10              <1>  jmp %1
    22                              <1> %%skip:
   167 00000130 80FC1A                      cmp ah, 0x1A
   168                                      J286_E video_display_query
    20 00000133 7503                <1>  jne short %%skip
    21 00000135 E9980C              <1>  jmp %1
    22                              <1> %%skip:
   169 00000138 80FC1B                      cmp ah, 0x1B
   170                                      J286_E pcb1v_video_state_info
    20 0000013B 7503                <1>  jne short %%skip
    21 0000013D E97A11              <1>  jmp %1
    22                              <1> %%skip:
   171 00000140 80FC1C                      cmp ah, 0x1C
   172                                      J286_E pcb1v_video_save_restore
    20 00000143 7503                <1>  jne short %%skip
    21 00000145 E9C213              <1>  jmp %1
    22                              <1> %%skip:
   173 00000148 CF                          iret
   174                                  
   175                                  ; ---------------------------------------------------------------------------
   176                                  ; Mode programming
   177                                  ; ---------------------------------------------------------------------------
   178                                  video_set_mode:
   179 00000149 50                          push ax
   180 0000014A 53                          push bx
   181 0000014B 88C3                        mov bl, al
   182 0000014D 247F                        and al, 0x7F
   183 0000014F E80300                      call set_mode_internal
   184 00000152 5B                          pop bx
   185 00000153 58                          pop ax
   186 00000154 CF                          iret
   187                                  
   188                                  ; AL = requested mode (bit7 already removed). BL may carry original AL when
   189                                  ; called by INT 10h; ROM init calls with BL unspecified, therefore mode clear is
   190                                  ; selected unless bit7 of BL is explicitly set and BL's low 7 bits equal AL.
   191                                  set_mode_internal:
   192 00000155 50                          push ax
   193 00000156 53                          push bx
   194 00000157 51                          push cx
   195 00000158 52                          push dx
   196 00000159 56                          push si
   197 0000015A 57                          push di
   198 0000015B 1E                          push ds
   199 0000015C 06                          push es
   200                                  
   201 0000015D 88C2                        mov dl, al
   202 0000015F 0E                          push cs
   203 00000160 1F                          pop ds
   204 00000161 80FA00                      cmp dl, 0x00
   205                                      J286_E .mode01
    20 00000164 7502                <1>  jne short %%skip
    21 00000166 EB72                <1>  jmp %1
    22                              <1> %%skip:
   206 00000168 80FA01                      cmp dl, 0x01
   207                                      J286_E .mode01
    20 0000016B 7502                <1>  jne short %%skip
    21 0000016D EB6B                <1>  jmp %1
    22                              <1> %%skip:
   208 0000016F 80FA03                      cmp dl, 0x03
   209                                      J286_E .mode3
    20 00000172 7503                <1>  jne short %%skip
    21 00000174 E98900              <1>  jmp %1
    22                              <1> %%skip:
   210 00000177 80FA02                      cmp dl, 0x02
   211                                      J286_E .mode3
    20 0000017A 7503                <1>  jne short %%skip
    21 0000017C E98100              <1>  jmp %1
    22                              <1> %%skip:
   212 0000017F 80FA04                      cmp dl, 0x04
   213                                      J286_E .mode4
    20 00000182 7503                <1>  jne short %%skip
    21 00000184 E9D700              <1>  jmp %1
    22                              <1> %%skip:
   214 00000187 80FA05                      cmp dl, 0x05
   215                                      J286_E .mode5
    20 0000018A 7503                <1>  jne short %%skip
    21 0000018C E9D400              <1>  jmp %1
    22                              <1> %%skip:
   216 0000018F 80FA06                      cmp dl, 0x06
   217                                      J286_E .mode6
    20 00000192 7503                <1>  jne short %%skip
    21 00000194 E9D100              <1>  jmp %1
    22                              <1> %%skip:
   218 00000197 80FA07                      cmp dl, 0x07
   219                                      J286_E .mode7
    20 0000019A 7503                <1>  jne short %%skip
    21 0000019C E99900              <1>  jmp %1
    22                              <1> %%skip:
   220 0000019F 80FA0D                      cmp dl, 0x0D
   221                                      J286_E .mode0d
    20 000001A2 7503                <1>  jne short %%skip
    21 000001A4 E9E300              <1>  jmp %1
    22                              <1> %%skip:
   222 000001A7 80FA0E                      cmp dl, 0x0E
   223                                      J286_E .mode0e
    20 000001AA 7503                <1>  jne short %%skip
    21 000001AC E9E000              <1>  jmp %1
    22                              <1> %%skip:
   224 000001AF 80FA0F                      cmp dl, 0x0F
   225                                      J286_E .mode0f
    20 000001B2 7503                <1>  jne short %%skip
    21 000001B4 E9DD00              <1>  jmp %1
    22                              <1> %%skip:
   226 000001B7 80FA10                      cmp dl, 0x10
   227                                      J286_E .mode10
    20 000001BA 7503                <1>  jne short %%skip
    21 000001BC E9DA00              <1>  jmp %1
    22                              <1> %%skip:
   228 000001BF 80FA11                      cmp dl, 0x11
   229                                      J286_E .mode11
    20 000001C2 7503                <1>  jne short %%skip
    21 000001C4 E9D700              <1>  jmp %1
    22                              <1> %%skip:
   230 000001C7 80FA12                      cmp dl, 0x12
   231                                      J286_E .mode12
    20 000001CA 7503                <1>  jne short %%skip
    21 000001CC E9D400              <1>  jmp %1
    22                              <1> %%skip:
   232 000001CF 80FA13                      cmp dl, 0x13
   233                                      J286_E .mode13
    20 000001D2 7503                <1>  jne short %%skip
    21 000001D4 E9F100              <1>  jmp %1
    22                              <1> %%skip:
   234                                      ; Modes 08h-0Ch are reserved by the IBM VGA BIOS interface.  A real VGA
   235                                      ; BIOS leaves the active mode alone when one of those values is requested.
   236 000001D7 E91301                      jmp .done
   237                                  
   238                                  .mode01:
   239 000001DA BE[251F]                    mov si, mode01_table
   239          ******************       warning: 16-bit absolute section-crossing relocation [-w+reloc-abs-word]
   240 000001DD E84802                      call program_vga_table
   241 000001E0 E84C0F                      call vga_load_default_font
   242 000001E3 E82703                      call vga_maybe_load_default_palette
   243 000001E6 E80D01                      call set_bda_text
   244 000001E9 F6C380                      test bl, 0x80
   245 000001EC 7536                        jnz .text_cursor
   246 000001EE B800B8                      mov ax, TEXT_SEG
   247 000001F1 8EC0                        mov es, ax
   248 000001F3 31FF                        xor di, di
   249 000001F5 B82007                      mov ax, 0x0720
   250 000001F8 B90040                      mov cx, 16384
   251 000001FB FC                          cld
   252 000001FC F3AB                        rep stosw
   253 000001FE EB24                        jmp .text_cursor
   254                                  
   255                                  .mode3:
   256 00000200 BE[621F]                    mov si, mode03_table
   256          ******************       warning: 16-bit absolute section-crossing relocation [-w+reloc-abs-word]
   257 00000203 E82202                      call program_vga_table
   258 00000206 E8260F                      call vga_load_default_font
   259 00000209 E80103                      call vga_maybe_load_default_palette
   260 0000020C E8E700                      call set_bda_text
   261 0000020F F6C380                      test bl, 0x80
   262 00000212 7510                        jnz .text_cursor
   263 00000214 B800B8                      mov ax, TEXT_SEG
   264 00000217 8EC0                        mov es, ax
   265 00000219 31FF                        xor di, di
   266 0000021B B82007                      mov ax, 0x0720
   267 0000021E B90040                      mov cx, 16384
   268 00000221 FC                          cld
   269 00000222 F3AB                        rep stosw
   270                                  .text_cursor:
   271 00000224 B50D                        mov ch, 0x0D
   272 00000226 B10E                        mov cl, 0x0E
   273 00000228 E81B03                      call set_cursor_shape_hw
   274 0000022B 31D2                        xor dx, dx
   275 0000022D 30FF                        xor bh, bh
   276 0000022F E83703                      call set_cursor_bda_and_hw
   277 00000232 E88502                      call vga_enable_display
   278 00000235 E9B500                      jmp .done
   279                                  
   280                                  .mode7:
   281 00000238 BE[9F1F]                    mov si, mode07_table
   281          ******************       warning: 16-bit absolute section-crossing relocation [-w+reloc-abs-word]
   282 0000023B E8EA01                      call program_vga_table
   283 0000023E E8EE0E                      call vga_load_default_font
   284 00000241 E8C902                      call vga_maybe_load_default_palette
   285 00000244 E8AF00                      call set_bda_text
   286 00000247 F6C380                      test bl, 0x80
   287 0000024A 75D8                        jnz .text_cursor
   288 0000024C B800B0                      mov ax, 0xB000
   289 0000024F 8EC0                        mov es, ax
   290 00000251 31FF                        xor di, di
   291 00000253 B82007                      mov ax, 0x0720
   292 00000256 B90040                      mov cx, 16384
   293 00000259 FC                          cld
   294 0000025A F3AB                        rep stosw
   295 0000025C EBC6                        jmp .text_cursor
   296                                  
   297                                  .mode4:
   298 0000025E BE[DC1F]                    mov si, mode04_table
   298          ******************       warning: 16-bit absolute section-crossing relocation [-w+reloc-abs-word]
   299 00000261 EB08                        jmp .cga_graphics
   300                                  .mode5:
   301 00000263 BE[1920]                    mov si, mode05_table
   301          ******************       warning: 16-bit absolute section-crossing relocation [-w+reloc-abs-word]
   302 00000266 EB03                        jmp .cga_graphics
   303                                  .mode6:
   304 00000268 BE[5620]                    mov si, mode06_table
   304          ******************       warning: 16-bit absolute section-crossing relocation [-w+reloc-abs-word]
   305                                  .cga_graphics:
   306 0000026B E8BA01                      call program_vga_table
   307 0000026E E89C02                      call vga_maybe_load_default_palette
   308 00000271 E8E900                      call set_bda_graphics
   309 00000274 F6C380                      test bl, 0x80
   310 00000277 754A                        jnz .graphics_visible
   311 00000279 B800B8                      mov ax, TEXT_SEG
   312 0000027C 8EC0                        mov es, ax
   313 0000027E 31FF                        xor di, di
   314 00000280 31C0                        xor ax, ax
   315 00000282 B90040                      mov cx, 16384
   316 00000285 FC                          cld
   317 00000286 F3AB                        rep stosw
   318 00000288 EB39                        jmp .graphics_visible
   319                                  
   320                                  .mode0d:
   321 0000028A BE[9320]                    mov si, mode0d_table
   321          ******************       warning: 16-bit absolute section-crossing relocation [-w+reloc-abs-word]
   322 0000028D EB17                        jmp .planar_graphics
   323                                  .mode0e:
   324 0000028F BE[D020]                    mov si, mode0e_table
   324          ******************       warning: 16-bit absolute section-crossing relocation [-w+reloc-abs-word]
   325 00000292 EB12                        jmp .planar_graphics
   326                                  .mode0f:
   327 00000294 BE[0D21]                    mov si, mode0f_table
   327          ******************       warning: 16-bit absolute section-crossing relocation [-w+reloc-abs-word]
   328 00000297 EB0D                        jmp .planar_graphics
   329                                  .mode10:
   330 00000299 BE[4A21]                    mov si, mode10_table
   330          ******************       warning: 16-bit absolute section-crossing relocation [-w+reloc-abs-word]
   331 0000029C EB08                        jmp .planar_graphics
   332                                  .mode11:
   333 0000029E BE[8721]                    mov si, mode11_table
   333          ******************       warning: 16-bit absolute section-crossing relocation [-w+reloc-abs-word]
   334 000002A1 EB03                        jmp .planar_graphics
   335                                  
   336                                  .mode12:
   337 000002A3 BE[C421]                    mov si, mode12_table
   337          ******************       warning: 16-bit absolute section-crossing relocation [-w+reloc-abs-word]
   338                                  .planar_graphics:
   339 000002A6 E87F01                      call program_vga_table
   340 000002A9 E86102                      call vga_maybe_load_default_palette
   341 000002AC E8AE00                      call set_bda_graphics
   342 000002AF F6C380                      test bl, 0x80
   343 000002B2 750F                        jnz .graphics_visible
   344 000002B4 B800A0                      mov ax, VGA_SEG
   345 000002B7 8EC0                        mov es, ax
   346 000002B9 31FF                        xor di, di
   347 000002BB 31C0                        xor ax, ax
   348 000002BD B90080                      mov cx, 32768
   349 000002C0 FC                          cld
   350 000002C1 F3AB                        rep stosw
   351                                  .graphics_visible:
   352 000002C3 E8F401                      call vga_enable_display
   353 000002C6 EB25                        jmp .done
   354                                  
   355                                  .mode13:
   356 000002C8 BE[0122]                    mov si, mode13_table
   356          ******************       warning: 16-bit absolute section-crossing relocation [-w+reloc-abs-word]
   357 000002CB E85A01                      call program_vga_table
   358 000002CE E85002                      call vga_maybe_load_default_palette256
   359 000002D1 B213                        mov dl, 0x13
   360 000002D3 E88700                      call set_bda_graphics
   361 000002D6 F6C380                      test bl, 0x80
   362 000002D9 750F                        jnz .mode13_visible
   363 000002DB B800A0                      mov ax, VGA_SEG
   364 000002DE 8EC0                        mov es, ax
   365 000002E0 31FF                        xor di, di
   366 000002E2 31C0                        xor ax, ax
   367 000002E4 B90080                      mov cx, 32768
   368 000002E7 FC                          cld
   369 000002E8 F3AB                        rep stosw
   370                                  .mode13_visible:
   371 000002EA E8CD01                      call vga_enable_display
   372                                  .done:
   373 000002ED 07                          pop es
   374 000002EE 1F                          pop ds
   375 000002EF 5F                          pop di
   376 000002F0 5E                          pop si
   377 000002F1 5A                          pop dx
   378 000002F2 59                          pop cx
   379 000002F3 5B                          pop bx
   380 000002F4 58                          pop ax
   381 000002F5 C3                          ret
   382                                  
   383                                  set_bda_text:
   384 000002F6 50                          push ax
   385 000002F7 51                          push cx
   386 000002F8 57                          push di
   387 000002F9 06                          push es
   388 000002FA B84000                      mov ax, BDA_SEG
   389 000002FD 8EC0                        mov es, ax
   390 000002FF 2688164900                  mov [es:0x49], dl
   391 00000304 80FA01                      cmp dl, 1
   392 00000307 7710                        ja .text80
   393 00000309 26C7064A002800              mov word [es:0x4A], 40
   394 00000310 26C7064C000008              mov word [es:0x4C], 0x0800
   395 00000317 EB0E                        jmp .text_geometry_done
   396                                  .text80:
   397 00000319 26C7064A005000              mov word [es:0x4A], 80
   398 00000320 26C7064C000010              mov word [es:0x4C], 0x1000
   399                                  .text_geometry_done:
   400 00000327 26C7064E000000              mov word [es:0x4E], 0
   401 0000032E 31C0                        xor ax, ax
   402 00000330 BF5000                      mov di, 0x50
   403 00000333 B90800                      mov cx, 8
   404                                  .zero_cursor_pages:
   405 00000336 AB                          stosw
   406 00000337 E2FD                        loop .zero_cursor_pages
   407 00000339 26C70660000E0D              mov word [es:0x60], 0x0D0E
   408 00000340 26C606620000                mov byte [es:0x62], 0
   409 00000346 B8D403                      mov ax, 0x03D4
   410 00000349 80FA07                      cmp dl, 7
   411 0000034C 7503                        jne .store_text_crtc
   412 0000034E B8B403                      mov ax, 0x03B4
   413                                  .store_text_crtc:
   414 00000351 26A36300                    mov [es:0x63], ax
   415 00000355 E89E0A                      call vga_update_extended_bda
   416 00000358 07                          pop es
   417 00000359 5F                          pop di
   418 0000035A 59                          pop cx
   419 0000035B 58                          pop ax
   420 0000035C C3                          ret
   421                                  
   422                                  set_bda_graphics:
   423 0000035D 50                          push ax
   424 0000035E 51                          push cx
   425 0000035F 57                          push di
   426 00000360 06                          push es
   427 00000361 B84000                      mov ax, BDA_SEG
   428 00000364 8EC0                        mov es, ax
   429 00000366 2688164900                  mov [es:0x49], dl
   430 0000036B 80FA04                      cmp dl, 0x04
   431 0000036E 7303E98000                  jb .mode13_values
   432 00000373 80FA06                      cmp dl, 0x06
   433 00000376 7725                        ja .not_cga_values
   434 00000378 80FA06                      cmp dl, 0x06
   435 0000037B 7410                        je .cga640_values
   436 0000037D 26C7064A002800              mov word [es:0x4A], 40
   437 00000384 26C7064C000040              mov word [es:0x4C], 0x4000
   438 0000038B EB74                        jmp .have_geometry
   439                                  .cga640_values:
   440 0000038D 26C7064A005000              mov word [es:0x4A], 80
   441 00000394 26C7064C000040              mov word [es:0x4C], 0x4000
   442 0000039B EB64                        jmp .have_geometry
   443                                  .not_cga_values:
   444 0000039D 80FA0D                      cmp dl, 0x0D
   445 000003A0 7510                        jne .not_mode0d
   446 000003A2 26C7064A002800              mov word [es:0x4A], 40
   447 000003A9 26C7064C000020              mov word [es:0x4C], 0x2000
   448 000003B0 EB4F                        jmp .have_geometry
   449                                  .not_mode0d:
   450 000003B2 80FA0E                      cmp dl, 0x0E
   451 000003B5 7510                        jne .not_mode0e
   452 000003B7 26C7064A005000              mov word [es:0x4A], 80
   453 000003BE 26C7064C000040              mov word [es:0x4C], 0x4000
   454 000003C5 EB3A                        jmp .have_geometry
   455                                  .not_mode0e:
   456 000003C7 80FA10                      cmp dl, 0x10
   457 000003CA 7607                        jbe .ega350_values
   458 000003CC 80FA12                      cmp dl, 0x12
   459 000003CF 7612                        jbe .vga480_values
   460 000003D1 EB20                        jmp .mode13_values
   461                                  .ega350_values:
   462 000003D3 26C7064A005000              mov word [es:0x4A], 80
   463 000003DA 26C7064C000080              mov word [es:0x4C], 0x8000
   464 000003E1 EB1E                        jmp .have_geometry
   465                                  .vga480_values:
   466 000003E3 26C7064A005000              mov word [es:0x4A], 80
   467 000003EA 26C7064C000096              mov word [es:0x4C], 0x9600
   468 000003F1 EB0E                        jmp .have_geometry
   469                                  .mode13_values:
   470 000003F3 26C7064A002800              mov word [es:0x4A], 40
   471 000003FA 26C7064C0000FA              mov word [es:0x4C], 0xFA00
   472                                  .have_geometry:
   473 00000401 26C7064E000000              mov word [es:0x4E], 0
   474 00000408 31C0                        xor ax, ax
   475 0000040A BF5000                      mov di, 0x50
   476 0000040D B90800                      mov cx, 8
   477                                  .zero_graphics_cursors:
   478 00000410 AB                          stosw
   479 00000411 E2FD                        loop .zero_graphics_cursors
   480 00000413 26C606620000                mov byte [es:0x62], 0
   481 00000419 26C7066300D403              mov word [es:0x63], 0x03D4
   482 00000420 E8D309                      call vga_update_extended_bda
   483 00000423 07                          pop es
   484 00000424 5F                          pop di
   485 00000425 59                          pop cx
   486 00000426 58                          pop ax
   487 00000427 C3                          ret
   488                                  
   489                                  ; DS:SI -> [misc][5 sequencer][25 CRTC][9 GC][21 attribute]
   490                                  program_vga_table:
   491 00000428 50                          push ax
   492 00000429 53                          push bx
   493 0000042A 51                          push cx
   494 0000042B 52                          push dx
   495 0000042C 57                          push di
   496 0000042D 89D7                        mov di, dx
   497 0000042F 81E7FF00                    and di, 0x00FF
   498                                  
   499                                      ; Blank scan-out before changing any clock, serializer, CRTC, or memory
   500                                      ; interpretation state.  Attribute Controller PAS=0 disconnects display
   501                                      ; memory from the DAC while retaining sync; otherwise the old visible page
   502                                      ; is briefly interpreted through each partially programmed new mode.
   503                                      ; IBM VGA/XGA Technical Reference, Attribute Controller Address Register,
   504                                      ; Palette Address Source bit (3C0h bit 5).
   505 00000433 BACC03                      mov dx, 0x3CC
   506 00000436 EC                          in al, dx
   507 00000437 A801                        test al, 1
   508 00000439 BADA03                      mov dx, 0x3DA
   509 0000043C 7503                        jnz .blank_have_status
   510 0000043E BABA03                      mov dx, 0x3BA
   511                                  .blank_have_status:
   512 00000441 EC                          in al, dx
   513 00000442 BAC003                      mov dx, 0x3C0
   514 00000445 30C0                        xor al, al
   515 00000447 EE                          out dx, al
   516                                  
   517 00000448 BAC203                      mov dx, 0x3C2
   518 0000044B AC                          lodsb
   519 0000044C EE                          out dx, al
   520                                  
   521                                      ; Sequencer reset/program/run.
   522 0000044D BAC403                      mov dx, 0x3C4
   523 00000450 31DB                        xor bx, bx
   524 00000452 B90500                      mov cx, 5
   525                                  .seq_loop:
   526 00000455 88D8                        mov al, bl
   527 00000457 EE                          out dx, al
   528 00000458 42                          inc dx
   529 00000459 AC                          lodsb
   530 0000045A EE                          out dx, al
   531 0000045B 4A                          dec dx
   532 0000045C FEC3                        inc bl
   533 0000045E E2F5                        loop .seq_loop
   534                                  
   535                                      ; Misc Output bit 0 selects the live CRTC decoder.  Mode 07h is the VGA
   536                                      ; monochrome-compatibility personality at 03B4h/03B5h; writing 03D4h after
   537                                      ; selecting that personality is electrically invisible on real hardware.
   538 00000460 83FF07                      cmp di, 7
   539 00000463 BAD403                      mov dx, 0x3D4
   540 00000466 7503                        jne .have_crtc_port
   541 00000468 BAB403                      mov dx, 0x3B4
   542                                  .have_crtc_port:
   543                                      ; Unlock standard VGA CRTC timing registers before loading the table.
   544 0000046B B011                        mov al, 0x11
   545 0000046D EE                          out dx, al
   546 0000046E 42                          inc dx
   547 0000046F EC                          in al, dx
   548 00000470 247F                        and al, 0x7F
   549 00000472 EE                          out dx, al
   550 00000473 4A                          dec dx
   551                                  
   552 00000474 31DB                        xor bx, bx
   553 00000476 B91900                      mov cx, 25
   554                                  .crtc_loop:
   555 00000479 88D8                        mov al, bl
   556 0000047B EE                          out dx, al
   557 0000047C 42                          inc dx
   558 0000047D AC                          lodsb
   559 0000047E EE                          out dx, al
   560 0000047F 4A                          dec dx
   561 00000480 FEC3                        inc bl
   562 00000482 E2F5                        loop .crtc_loop
   563                                  
   564 00000484 BACE03                      mov dx, 0x3CE
   565 00000487 31DB                        xor bx, bx
   566 00000489 B90900                      mov cx, 9
   567                                  .gc_loop:
   568 0000048C 88D8                        mov al, bl
   569 0000048E EE                          out dx, al
   570 0000048F 42                          inc dx
   571 00000490 AC                          lodsb
   572 00000491 EE                          out dx, al
   573 00000492 4A                          dec dx
   574 00000493 FEC3                        inc bl
   575 00000495 E2F5                        loop .gc_loop
   576                                  
   577                                      ; Reading Input Status 1 resets the attribute-controller flip-flop.
   578 00000497 83FF07                      cmp di, 7
   579 0000049A BADA03                      mov dx, 0x3DA
   580 0000049D 7503                        jne .have_status_port
   581 0000049F BABA03                      mov dx, 0x3BA
   582                                  .have_status_port:
   583 000004A2 EC                          in al, dx
   584 000004A3 BAC003                      mov dx, 0x3C0
   585 000004A6 31DB                        xor bx, bx
   586 000004A8 B91500                      mov cx, 21
   587                                  .ac_loop:
   588 000004AB 88D8                        mov al, bl
   589 000004AD EE                          out dx, al
   590 000004AE AC                          lodsb
   591 000004AF EE                          out dx, al
   592 000004B0 FEC3                        inc bl
   593 000004B2 E2F7                        loop .ac_loop
   594                                  
   595                                      ; Leave PAS cleared.  The caller must finish the font/palette, BDA, VRAM,
   596                                      ; and cursor portions of the mode set before making scan-out visible.
   597                                  
   598 000004B4 5F                          pop di
   599 000004B5 5A                          pop dx
   600 000004B6 59                          pop cx
   601 000004B7 5B                          pop bx
   602 000004B8 58                          pop ax
   603 000004B9 C3                          ret
   604                                  
   605                                  vga_enable_display:
   606 000004BA 50                          push ax
   607 000004BB 52                          push dx
   608 000004BC 80FA07                      cmp dl, 7
   609 000004BF BADA03                      mov dx, 0x3DA                   ; force Attribute Controller index phase
   610 000004C2 7503                        jne .enable_have_status
   611 000004C4 BABA03                      mov dx, 0x3BA
   612                                  .enable_have_status:
   613 000004C7 EC                          in al, dx
   614 000004C8 BAC003                      mov dx, 0x3C0
   615 000004CB B020                        mov al, 0x20                    ; PAS=1, palette-address source = video RAM
   616 000004CD EE                          out dx, al
   617 000004CE 5A                          pop dx
   618 000004CF 58                          pop ax
   619 000004D0 C3                          ret
   620                                  
   621                                  ; ---------------------------------------------------------------------------
   622                                  ; Program the canonical 64-entry EGA-compatible VGA DAC palette.
   623                                  ; Standard 16-color Attribute Controller mappings select DAC entries including
   624                                  ; 14h (brown) and 38h-3Fh (bright colors).
   625                                  load_ega64_dac:
   626 000004D1 50                          push ax
   627 000004D2 51                          push cx
   628 000004D3 52                          push dx
   629 000004D4 56                          push si
   630 000004D5 1E                          push ds
   631 000004D6 0E                          push cs
   632 000004D7 1F                          pop ds
   633                                  
   634 000004D8 BAC803                      mov dx, 0x3C8
   635 000004DB 30C0                        xor al, al
   636 000004DD EE                          out dx, al
   637 000004DE 42                          inc dx                          ; 3C9h DAC data
   638                                  
   639 000004DF BE[651E]                    mov si, ega64_dac_table
   639          ******************       warning: 16-bit absolute section-crossing relocation [-w+reloc-abs-word]
   640 000004E2 B9C000                      mov cx, 64*3
   641                                  .load:
   642 000004E5 AC                          lodsb
   643 000004E6 EE                          out dx, al
   644 000004E7 E2FC                        loop .load
   645                                  
   646 000004E9 1F                          pop ds
   647 000004EA 5E                          pop si
   648 000004EB 5A                          pop dx
   649 000004EC 59                          pop cx
   650 000004ED 58                          pop ax
   651 000004EE C3                          ret
   652                                  
   653                                  ; Mode 13h's defined BIOS state includes the complete 256-entry VGA palette,
   654                                  ; not merely the first 16/64 EGA-compatible entries.  Programs are free to
   655                                  ; replace it afterward through 3C8h/3C9h.
   656                                  load_vga256_dac:
   657 000004EF 50                          push ax
   658 000004F0 51                          push cx
   659 000004F1 52                          push dx
   660 000004F2 56                          push si
   661 000004F3 1E                          push ds
   662 000004F4 0E                          push cs
   663 000004F5 1F                          pop ds
   664                                  
   665 000004F6 BAC803                      mov dx, 0x3C8
   666 000004F9 30C0                        xor al, al
   667 000004FB EE                          out dx, al
   668 000004FC 42                          inc dx
   669 000004FD BE[3E22]                    mov si, default_vga_256_dac
   669          ******************       warning: 16-bit absolute section-crossing relocation [-w+reloc-abs-word]
   670 00000500 B90003                      mov cx, 256*3
   671                                  .load:
   672 00000503 AC                          lodsb
   673 00000504 EE                          out dx, al
   674 00000505 E2FC                        loop .load
   675                                  
   676 00000507 1F                          pop ds
   677 00000508 5E                          pop si
   678 00000509 5A                          pop dx
   679 0000050A 59                          pop cx
   680 0000050B 58                          pop ax
   681 0000050C C3                          ret
   682                                  
   683                                  ; Honor INT 10h/AH=12h BL=31h default-palette loading policy.
   684                                  vga_maybe_load_default_palette:
   685 0000050D 50                          push ax
   686 0000050E 1E                          push ds
   687 0000050F B84000                      mov ax, BDA_SEG
   688 00000512 8ED8                        mov ds, ax
   689 00000514 F606890008                  test byte [0x89], 0x08
   690 00000519 1F                          pop ds
   691 0000051A 58                          pop ax
   692 0000051B 7503                        jnz .skip
   693 0000051D E8B1FF                      call load_ega64_dac
   694                                  .skip:
   695 00000520 C3                          ret
   696                                  
   697                                  vga_maybe_load_default_palette256:
   698 00000521 50                          push ax
   699 00000522 1E                          push ds
   700 00000523 B84000                      mov ax, BDA_SEG
   701 00000526 8ED8                        mov ds, ax
   702 00000528 F606890008                  test byte [0x89], 0x08
   703 0000052D 1F                          pop ds
   704 0000052E 58                          pop ax
   705 0000052F 7503                        jnz .skip
   706 00000531 E8BBFF                      call load_vga256_dac
   707                                  .skip:
   708 00000534 C3                          ret
   709                                  
   710                                  ; Cursor and page services
   711                                  ; ---------------------------------------------------------------------------
   712                                  video_set_shape:
   713 00000535 50                          push ax
   714 00000536 1E                          push ds
   715 00000537 B84000                      mov ax, BDA_SEG
   716 0000053A 8ED8                        mov ds, ax
   717 0000053C 890E6000                    mov [0x60], cx
   718 00000540 1F                          pop ds
   719 00000541 58                          pop ax
   720 00000542 E80100                      call set_cursor_shape_hw
   721 00000545 CF                          iret
   722                                  
   723                                  set_cursor_shape_hw:
   724 00000546 50                          push ax
   725 00000547 52                          push dx
   726 00000548 1E                          push ds
   727 00000549 B84000                      mov ax, BDA_SEG
   728 0000054C 8ED8                        mov ds, ax
   729 0000054E 8B166300                    mov dx, [0x63]
   730 00000552 B00A                        mov al, 0x0A
   731 00000554 EE                          out dx, al
   732 00000555 42                          inc dx
   733 00000556 88E8                        mov al, ch
   734 00000558 EE                          out dx, al
   735 00000559 4A                          dec dx
   736 0000055A B00B                        mov al, 0x0B
   737 0000055C EE                          out dx, al
   738 0000055D 42                          inc dx
   739 0000055E 88C8                        mov al, cl
   740 00000560 EE                          out dx, al
   741 00000561 1F                          pop ds
   742 00000562 5A                          pop dx
   743 00000563 58                          pop ax
   744 00000564 C3                          ret
   745                                  
   746                                  video_set_cursor:
   747 00000565 E80100                      call set_cursor_bda_and_hw
   748 00000568 CF                          iret
   749                                  
   750                                  ; BH page, DH row, DL column.
   751                                  set_cursor_bda_and_hw:
   752 00000569 50                          push ax
   753 0000056A 53                          push bx
   754 0000056B 51                          push cx
   755 0000056C 52                          push dx
   756 0000056D 56                          push si
   757 0000056E 1E                          push ds
   758 0000056F 89D6                        mov si, dx                      ; MUL below uses DX:AX; preserve requested row/column
   759 00000571 88F9                        mov cl, bh                      ; preserve requested page independently of BX
   760 00000573 30ED                        xor ch, ch
   761 00000575 88C8                        mov al, cl
   762 00000577 30E4                        xor ah, ah
   763 00000579 D1E0                        shl ax, 1
   764 0000057B 89C3                        mov bx, ax
   765 0000057D B84000                      mov ax, BDA_SEG
   766 00000580 8ED8                        mov ds, ax
   767 00000582 895750                      mov [bx+0x50], dx
   768 00000585 3A0E6200                    cmp cl, [0x62]
   769 00000589 752F                        jne .done
   770 0000058B A14C00                      mov ax, [0x4C]                 ; page size bytes
   771 0000058E D1E8                        shr ax, 1                       ; CRTC character-word address
   772 00000590 F7E1                        mul cx                          ; page number retained in CX
   773 00000592 89C3                        mov bx, ax
   774                                      ; SI retains the requested row/column.  MUL uses DX:AX, so never read
   775                                      ; DH/DL after it: doing so pins the hardware cursor to column zero.
   776 00000594 89F0                        mov ax, si
   777 00000596 88E0                        mov al, ah
   778 00000598 30E4                        xor ah, ah
   779 0000059A F7264A00                    mul word [0x4A]
   780 0000059E 01C3                        add bx, ax
   781 000005A0 89F0                        mov ax, si
   782 000005A2 25FF00                      and ax, 0x00FF
   783 000005A5 01C3                        add bx, ax
   784 000005A7 8B166300                    mov dx, [0x63]
   785 000005AB B00E                        mov al, 0x0E
   786 000005AD EE                          out dx, al
   787 000005AE 42                          inc dx
   788 000005AF 88F8                        mov al, bh
   789 000005B1 EE                          out dx, al
   790 000005B2 4A                          dec dx
   791 000005B3 B00F                        mov al, 0x0F
   792 000005B5 EE                          out dx, al
   793 000005B6 42                          inc dx
   794 000005B7 88D8                        mov al, bl
   795 000005B9 EE                          out dx, al
   796                                  .done:
   797 000005BA 1F                          pop ds
   798 000005BB 5E                          pop si
   799 000005BC 5A                          pop dx
   800 000005BD 59                          pop cx
   801 000005BE 5B                          pop bx
   802 000005BF 58                          pop ax
   803 000005C0 C3                          ret
   804                                  
   805                                  video_get_cursor:
   806 000005C1 50                          push ax
   807 000005C2 53                          push bx
   808 000005C3 1E                          push ds
   809 000005C4 88F8                        mov al, bh
   810 000005C6 2407                        and al, 7
   811 000005C8 30E4                        xor ah, ah
   812 000005CA D1E0                        shl ax, 1
   813 000005CC 89C3                        mov bx, ax
   814 000005CE B84000                      mov ax, BDA_SEG
   815 000005D1 8ED8                        mov ds, ax
   816 000005D3 8B5750                      mov dx, [bx+0x50]
   817 000005D6 8B0E6000                    mov cx, [0x60]
   818 000005DA 1F                          pop ds
   819 000005DB 5B                          pop bx
   820 000005DC 58                          pop ax
   821 000005DD CF                          iret
   822                                  
   823                                  video_set_page:
   824 000005DE 50                          push ax
   825 000005DF 53                          push bx
   826 000005E0 51                          push cx
   827 000005E1 52                          push dx
   828 000005E2 1E                          push ds
   829 000005E3 88C3                        mov bl, al
   830 000005E5 80E307                      and bl, 7
   831 000005E8 B84000                      mov ax, BDA_SEG
   832 000005EB 8ED8                        mov ds, ax
   833 000005ED 881E6200                    mov [0x62], bl
   834 000005F1 A14C00                      mov ax, [0x4C]
   835 000005F4 31C9                        xor cx, cx
   836 000005F6 88D9                        mov cl, bl
   837 000005F8 F7E1                        mul cx
   838 000005FA A34E00                      mov [0x4E], ax
   839 000005FD D1E8                        shr ax, 1
   840 000005FF 89C3                        mov bx, ax
   841 00000601 8B166300                    mov dx, [0x63]
   842 00000605 B00C                        mov al, 0x0C
   843 00000607 EE                          out dx, al
   844 00000608 42                          inc dx
   845 00000609 88F8                        mov al, bh
   846 0000060B EE                          out dx, al
   847 0000060C 4A                          dec dx
   848 0000060D B00D                        mov al, 0x0D
   849 0000060F EE                          out dx, al
   850 00000610 42                          inc dx
   851 00000611 88D8                        mov al, bl
   852 00000613 EE                          out dx, al
   853                                      ; Restore cursor for newly visible page.
   854 00000614 31DB                        xor bx, bx
   855 00000616 8A1E6200                    mov bl, [0x62]
   856 0000061A D1E3                        shl bx, 1
   857 0000061C 8B5750                      mov dx, [bx+0x50]
   858 0000061F 8A3E6200                    mov bh, [0x62]
   859 00000623 1F                          pop ds
   860 00000624 E842FF                      call set_cursor_bda_and_hw
   861 00000627 5A                          pop dx
   862 00000628 59                          pop cx
   863 00000629 5B                          pop bx
   864 0000062A 58                          pop ax
   865 0000062B CF                          iret
   866                                  
   867                                  ; Convert page BH + its BDA cursor to ES:DI in the active VGA text aperture.
   868                                  video_cursor_address:
   869 0000062C 50                          push ax
   870 0000062D 53                          push bx
   871 0000062E 51                          push cx
   872 0000062F 52                          push dx
   873 00000630 1E                          push ds
   874 00000631 88F8                        mov al, bh
   875 00000633 2407                        and al, 7
   876 00000635 30E4                        xor ah, ah
   877 00000637 89C7                        mov di, ax
   878 00000639 B84000                      mov ax, BDA_SEG
   879 0000063C 8ED8                        mov ds, ax
   880 0000063E 8B0E4C00                    mov cx, [0x4C]
   881 00000642 D1E9                        shr cx, 1                       ; work in CRTC/text-cell words
   882 00000644 89F8                        mov ax, di
   883 00000646 F7E1                        mul cx
   884 00000648 89C7                        mov di, ax
   885 0000064A 88F8                        mov al, bh
   886 0000064C 2407                        and al, 7
   887 0000064E 30E4                        xor ah, ah
   888 00000650 D1E0                        shl ax, 1
   889 00000652 89C3                        mov bx, ax
   890 00000654 8B5750                      mov dx, [bx+0x50]
   891 00000657 31C0                        xor ax, ax
   892 00000659 88F0                        mov al, dh
   893 0000065B F7264A00                    mul word [0x4A]
   894 0000065F 01C7                        add di, ax
   895 00000661 31C0                        xor ax, ax
   896 00000663 88D0                        mov al, dl
   897 00000665 01C7                        add di, ax
   898 00000667 D1E7                        shl di, 1
   899 00000669 B800B8                      mov ax, TEXT_SEG
   900 0000066C 803E490007                  cmp byte [0x49], 7
   901 00000671 7503                        jne .have_text_segment
   902 00000673 B800B0                      mov ax, 0xB000
   903                                  .have_text_segment:
   904 00000676 8EC0                        mov es, ax
   905 00000678 1F                          pop ds
   906 00000679 5A                          pop dx
   907 0000067A 59                          pop cx
   908 0000067B 5B                          pop bx
   909 0000067C 58                          pop ax
   910 0000067D C3                          ret
   911                                  
   912                                  video_read_cell:
   913 0000067E 57                          push di
   914 0000067F 06                          push es
   915 00000680 E8A9FF                      call video_cursor_address
   916 00000683 268B05                      mov ax, [es:di]
   917 00000686 07                          pop es
   918 00000687 5F                          pop di
   919 00000688 CF                          iret
   920                                  
   921                                  video_write_cell:
   922 00000689 50                          push ax
   923 0000068A 51                          push cx
   924 0000068B 57                          push di
   925 0000068C 06                          push es
   926 0000068D E89CFF                      call video_cursor_address
   927 00000690 FC                          cld
   928 00000691 88DC                        mov ah, bl
   929 00000693 F3AB                        rep stosw
   930 00000695 07                          pop es
   931 00000696 5F                          pop di
   932 00000697 59                          pop cx
   933 00000698 58                          pop ax
   934 00000699 CF                          iret
   935                                  
   936                                  video_write_char:
   937 0000069A 50                          push ax
   938 0000069B 51                          push cx
   939 0000069C 57                          push di
   940 0000069D 06                          push es
   941 0000069E E88BFF                      call video_cursor_address
   942 000006A1 FC                          cld
   943                                  .char_loop:
   944 000006A2 268805                      mov [es:di], al
   945 000006A5 83C702                      add di, 2
   946 000006A8 E2F8                        loop .char_loop
   947 000006AA 07                          pop es
   948 000006AB 5F                          pop di
   949 000006AC 59                          pop cx
   950 000006AD 58                          pop ax
   951 000006AE CF                          iret
   952                                  
   953                                  ; ---------------------------------------------------------------------------
   954                                  ; Teletype and text-window scroll
   955                                  ; ---------------------------------------------------------------------------
   956                                  video_tty:
   957 000006AF 50                          push ax
   958 000006B0 53                          push bx
   959 000006B1 51                          push cx
   960 000006B2 52                          push dx
   961 000006B3 56                          push si
   962 000006B4 57                          push di
   963 000006B5 06                          push es
   964 000006B6 1E                          push ds
   965 000006B7 88C1                        mov cl, al
   966 000006B9 B84000                      mov ax, BDA_SEG
   967 000006BC 8ED8                        mov ds, ax
   968 000006BE 31DB                        xor bx, bx
   969 000006C0 8A1E6200                    mov bl, [0x62]
   970 000006C4 D1E3                        shl bx, 1
   971 000006C6 8B5750                      mov dx, [bx+0x50]
   972 000006C9 80F907                      cmp cl, 7
   973                                      J286_E .save
    20 000006CC 7503                <1>  jne short %%skip
    21 000006CE E99800              <1>  jmp %1
    22                              <1> %%skip:
   974 000006D1 80F908                      cmp cl, 8
   975                                      J286_E .backspace
    20 000006D4 7503                <1>  jne short %%skip
    21 000006D6 E98800              <1>  jmp %1
    22                              <1> %%skip:
   976 000006D9 80F90D                      cmp cl, 13
   977                                      J286_E .carriage
    20 000006DC 7502                <1>  jne short %%skip
    21 000006DE EB5D                <1>  jmp %1
    22                              <1> %%skip:
   978 000006E0 80F90A                      cmp cl, 10
   979                                      J286_E .linefeed
    20 000006E3 7502                <1>  jne short %%skip
    21 000006E5 EB5F                <1>  jmp %1
    22                              <1> %%skip:
   980                                  
   981                                      ; Character output in every standard VGA alphanumeric mode.  Graphics-mode
   982                                      ; teletype requires glyph plotting and is handled separately from text RAM.
   983 000006E7 89D6                        mov si, dx
   984 000006E9 A04900                      mov al, [0x49]
   985 000006EC 3C03                        cmp al, 3
   986 000006EE 7604                        jbe .write_text
   987 000006F0 3C07                        cmp al, 7
   988 000006F2 753C                        jne .advance_only
   989                                  .write_text:
   990 000006F4 B800B8                      mov ax, TEXT_SEG
   991 000006F7 803E490007                  cmp byte [0x49], 7
   992 000006FC 7503                        jne .tty_have_text_segment
   993 000006FE B800B0                      mov ax, 0xB000
   994                                  .tty_have_text_segment:
   995 00000701 8EC0                        mov es, ax
   996 00000703 31FF                        xor di, di
   997 00000705 A06200                      mov al, [0x62]
   998 00000708 30E4                        xor ah, ah
   999 0000070A 8B1E4C00                    mov bx, [0x4C]
  1000 0000070E F7E3                        mul bx
  1001 00000710 89C7                        mov di, ax
  1002 00000712 89F0                        mov ax, si
  1003 00000714 88E0                        mov al, ah
  1004 00000716 30E4                        xor ah, ah
  1005 00000718 8B1E4A00                    mov bx, [0x4A]
  1006 0000071C D1E3                        shl bx, 1
  1007 0000071E F7E3                        mul bx
  1008 00000720 01C7                        add di, ax
  1009 00000722 89F0                        mov ax, si
  1010 00000724 25FF00                      and ax, 0x00FF
  1011 00000727 D1E0                        shl ax, 1
  1012 00000729 01C7                        add di, ax
  1013 0000072B 88C8                        mov al, cl
  1014 0000072D B407                        mov ah, 7
  1015 0000072F AB                          stosw
  1016                                  .advance_only:
  1017 00000730 89F2                        mov dx, si
  1018 00000732 FEC2                        inc dl
  1019 00000734 A14A00                      mov ax, [0x4A]
  1020 00000737 38C2                        cmp dl, al
  1021                                      J286_B .save
    30 00000739 7302                <1>  jae short %%skip
    31 0000073B EB2C                <1>  jmp %1
    32                              <1> %%skip:
  1022                                  .carriage:
  1023 0000073D 30D2                        xor dl, dl
  1024 0000073F 80F90D                      cmp cl, 13
  1025                                      J286_E .save
    20 00000742 7502                <1>  jne short %%skip
    21 00000744 EB23                <1>  jmp %1
    22                              <1> %%skip:
  1026                                  .linefeed:
  1027 00000746 FEC6                        inc dh
  1028 00000748 80FE19                      cmp dh, 25
  1029                                      J286_B .save
    30 0000074B 7302                <1>  jae short %%skip
    31 0000074D EB1A                <1>  jmp %1
    32                              <1> %%skip:
  1030 0000074F B80106                      mov ax, 0x0601
  1031 00000752 B707                        mov bh, 7
  1032 00000754 31C9                        xor cx, cx
  1033 00000756 52                          push dx                         ; preserve the logical cursor column
  1034 00000757 BA4F18                      mov dx, 0x184F
  1035 0000075A CD10                        int 0x10
  1036 0000075C 5A                          pop dx
  1037 0000075D B618                        mov dh, 24
  1038 0000075F EB08                        jmp .save
  1039                                  .backspace:
  1040 00000761 84D2                        test dl, dl
  1041                                      J286_E .save
    20 00000763 7502                <1>  jne short %%skip
    21 00000765 EB02                <1>  jmp %1
    22                              <1> %%skip:
  1042 00000767 FECA                        dec dl
  1043                                  .save:
  1044 00000769 B84000                      mov ax, BDA_SEG
  1045 0000076C 8ED8                        mov ds, ax
  1046 0000076E 31DB                        xor bx, bx
  1047 00000770 8A1E6200                    mov bl, [0x62]
  1048 00000774 D1E3                        shl bx, 1
  1049 00000776 895750                      mov [bx+0x50], dx
  1050 00000779 8A3E6200                    mov bh, [0x62]
  1051 0000077D E8E9FD                      call set_cursor_bda_and_hw
  1052 00000780 1F                          pop ds
  1053 00000781 07                          pop es
  1054 00000782 5F                          pop di
  1055 00000783 5E                          pop si
  1056 00000784 5A                          pop dx
  1057 00000785 59                          pop cx
  1058 00000786 5B                          pop bx
  1059 00000787 58                          pop ax
  1060 00000788 CF                          iret
  1061                                  
  1062                                  ; AH=06/07 rectangular text window.  Coordinates are zero-based BIOS values.
  1063                                  video_scroll_up:
  1064 00000789 55                          push bp
  1065 0000078A 89E5                        mov bp, sp
  1066 0000078C 50                          push ax
  1067 0000078D 53                          push bx
  1068 0000078E 51                          push cx
  1069 0000078F 52                          push dx
  1070 00000790 56                          push si
  1071 00000791 57                          push di
  1072 00000792 1E                          push ds
  1073 00000793 06                          push es
  1074 00000794 83EC08                      sub sp, 8
  1075                                  
  1076                                      ; AH=06h/07h have no page parameter.  IBM-compatible BIOS semantics apply
  1077                                      ; the operation to the currently active display page.  The page base is the
  1078                                      ; byte offset cached by the BIOS Data Area at 0040:004Eh.
  1079 00000797 B84000                      mov ax, BDA_SEG
  1080 0000079A 8ED8                        mov ds, ax
  1081 0000079C A14E00                      mov ax, [0x4E]
  1082 0000079F 368946EA                    mov [ss:bp-22], ax              ; active page base, bytes
  1083 000007A3 A14A00                      mov ax, [0x4A]
  1084 000007A6 D1E0                        shl ax, 1
  1085 000007A8 368946E8                    mov [ss:bp-24], ax              ; physical bytes per text row
  1086                                  
  1087 000007AC 368A46F9                    mov al, [ss:bp-7]               ; window height = bottom-top+1
  1088 000007B0 362A46FB                    sub al, [ss:bp-5]
  1089 000007B4 FEC0                        inc al
  1090 000007B6 368A5EFE                    mov bl, [ss:bp-2]               ; requested line count
  1091 000007BA 84DB                        test bl, bl
  1092                                      J286_E .clear_all
    20 000007BC 7503                <1>  jne short %%skip
    21 000007BE E98C00              <1>  jmp %1
    22                              <1> %%skip:
  1093 000007C1 38C3                        cmp bl, al
  1094                                      J286_AE .clear_all
    35 000007C3 7203                <1>  jb short %%skip
    36 000007C5 E98500              <1>  jmp %1
    37                              <1> %%skip:
  1095                                  
  1096 000007C8 368A46FB                    mov al, [ss:bp-5]
  1097 000007CC 368846EE                    mov [ss:bp-18], al              ; destination row
  1098 000007D0 00D8                        add al, bl
  1099 000007D2 368846ED                    mov [ss:bp-19], al              ; source row
  1100                                  
  1101 000007D6 B800B8                      mov ax, TEXT_SEG
  1102 000007D9 803E490007                  cmp byte [0x49], 7
  1103 000007DE 7503                        jne .scroll_up_segment_ready
  1104 000007E0 B800B0                      mov ax, 0xB000
  1105                                  .scroll_up_segment_ready:
  1106 000007E3 8ED8                        mov ds, ax
  1107 000007E5 8EC0                        mov es, ax
  1108 000007E7 FC                          cld
  1109                                  
  1110                                  .copy_row:
  1111 000007E8 31C0                        xor ax, ax
  1112 000007EA 368A46EE                    mov al, [ss:bp-18]
  1113 000007EE 36F766E8                    mul word [ss:bp-24]
  1114 000007F2 89C7                        mov di, ax
  1115 000007F4 36037EEA                    add di, [ss:bp-22]
  1116 000007F8 31C0                        xor ax, ax
  1117 000007FA 368A46FA                    mov al, [ss:bp-6]
  1118 000007FE D1E0                        shl ax, 1
  1119 00000800 01C7                        add di, ax
  1120                                  
  1121 00000802 31C0                        xor ax, ax
  1122 00000804 368A46ED                    mov al, [ss:bp-19]
  1123 00000808 36F766E8                    mul word [ss:bp-24]
  1124 0000080C 89C6                        mov si, ax
  1125 0000080E 360376EA                    add si, [ss:bp-22]
  1126 00000812 31C0                        xor ax, ax
  1127 00000814 368A46FA                    mov al, [ss:bp-6]
  1128 00000818 D1E0                        shl ax, 1
  1129 0000081A 01C6                        add si, ax
  1130                                  
  1131 0000081C 31C9                        xor cx, cx
  1132 0000081E 368A4EF8                    mov cl, [ss:bp-8]
  1133 00000822 362A4EFA                    sub cl, [ss:bp-6]
  1134 00000826 41                          inc cx
  1135 00000827 F3A5                        rep movsw
  1136                                  
  1137 00000829 36FE46EE                    inc byte [ss:bp-18]
  1138 0000082D 36FE46ED                    inc byte [ss:bp-19]
  1139 00000831 368A46ED                    mov al, [ss:bp-19]
  1140 00000835 363A46F9                    cmp al, [ss:bp-7]
  1141                                      J286_BE .copy_row
    40 00000839 7702                <1>  ja short %%skip
    41 0000083B EBAB                <1>  jmp %1
    42                              <1> %%skip:
  1142                                  
  1143 0000083D 368A46F9                    mov al, [ss:bp-7]
  1144 00000841 362A46FE                    sub al, [ss:bp-2]
  1145 00000845 FEC0                        inc al
  1146 00000847 368846EC                    mov [ss:bp-20], al              ; first vacated row
  1147 0000084B EB17                        jmp .fill
  1148                                  
  1149                                  .clear_all:
  1150 0000084D 368A46FB                    mov al, [ss:bp-5]
  1151 00000851 368846EC                    mov [ss:bp-20], al
  1152 00000855 B800B8                      mov ax, TEXT_SEG
  1153 00000858 803E490007                  cmp byte [0x49], 7
  1154 0000085D 7503                        jne .scroll_up_clear_segment_ready
  1155 0000085F B800B0                      mov ax, 0xB000
  1156                                  .scroll_up_clear_segment_ready:
  1157 00000862 8EC0                        mov es, ax
  1158                                  
  1159                                  .fill:
  1160 00000864 FC                          cld
  1161                                  
  1162                                  .fill_row:
  1163 00000865 31C0                        xor ax, ax
  1164 00000867 368A46EC                    mov al, [ss:bp-20]
  1165 0000086B 36F766E8                    mul word [ss:bp-24]
  1166 0000086F 89C7                        mov di, ax
  1167 00000871 36037EEA                    add di, [ss:bp-22]
  1168 00000875 31C0                        xor ax, ax
  1169 00000877 368A46FA                    mov al, [ss:bp-6]
  1170 0000087B D1E0                        shl ax, 1
  1171 0000087D 01C7                        add di, ax
  1172                                  
  1173 0000087F 31C9                        xor cx, cx
  1174 00000881 368A4EF8                    mov cl, [ss:bp-8]
  1175 00000885 362A4EFA                    sub cl, [ss:bp-6]
  1176 00000889 41                          inc cx
  1177 0000088A B020                        mov al, 0x20
  1178 0000088C 368A66FD                    mov ah, [ss:bp-3]
  1179 00000890 F3AB                        rep stosw
  1180                                  
  1181 00000892 36FE46EC                    inc byte [ss:bp-20]
  1182 00000896 368A46EC                    mov al, [ss:bp-20]
  1183 0000089A 363A46F9                    cmp al, [ss:bp-7]
  1184                                      J286_BE .fill_row
    40 0000089E 7702                <1>  ja short %%skip
    41 000008A0 EBC3                <1>  jmp %1
    42                              <1> %%skip:
  1185                                  
  1186 000008A2 83C408                      add sp, 8
  1187 000008A5 07                          pop es
  1188 000008A6 1F                          pop ds
  1189 000008A7 5F                          pop di
  1190 000008A8 5E                          pop si
  1191 000008A9 5A                          pop dx
  1192 000008AA 59                          pop cx
  1193 000008AB 5B                          pop bx
  1194 000008AC 58                          pop ax
  1195 000008AD 5D                          pop bp
  1196 000008AE CF                          iret
  1197                                  
  1198                                  video_scroll_down:
  1199 000008AF 55                          push bp
  1200 000008B0 89E5                        mov bp, sp
  1201 000008B2 50                          push ax
  1202 000008B3 53                          push bx
  1203 000008B4 51                          push cx
  1204 000008B5 52                          push dx
  1205 000008B6 56                          push si
  1206 000008B7 57                          push di
  1207 000008B8 1E                          push ds
  1208 000008B9 06                          push es
  1209 000008BA 83EC08                      sub sp, 8
  1210                                  
  1211                                      ; Same active-page rule as AH=06h above.
  1212 000008BD B84000                      mov ax, BDA_SEG
  1213 000008C0 8ED8                        mov ds, ax
  1214 000008C2 A14E00                      mov ax, [0x4E]
  1215 000008C5 368946EA                    mov [ss:bp-22], ax              ; active page base, bytes
  1216 000008C9 A14A00                      mov ax, [0x4A]
  1217 000008CC D1E0                        shl ax, 1
  1218 000008CE 368946E8                    mov [ss:bp-24], ax              ; physical bytes per text row
  1219                                  
  1220 000008D2 368A46F9                    mov al, [ss:bp-7]
  1221 000008D6 362A46FB                    sub al, [ss:bp-5]
  1222 000008DA FEC0                        inc al
  1223 000008DC 368A5EFE                    mov bl, [ss:bp-2]
  1224 000008E0 84DB                        test bl, bl
  1225                                      J286_E .clear_all
    20 000008E2 7503                <1>  jne short %%skip
    21 000008E4 E99400              <1>  jmp %1
    22                              <1> %%skip:
  1226 000008E7 38C3                        cmp bl, al
  1227                                      J286_AE .clear_all
    35 000008E9 7203                <1>  jb short %%skip
    36 000008EB E98D00              <1>  jmp %1
    37                              <1> %%skip:
  1228                                  
  1229 000008EE 368A46F9                    mov al, [ss:bp-7]
  1230 000008F2 368846EE                    mov [ss:bp-18], al              ; destination row
  1231 000008F6 28D8                        sub al, bl
  1232 000008F8 368846ED                    mov [ss:bp-19], al              ; source row
  1233                                  
  1234 000008FC B800B8                      mov ax, TEXT_SEG
  1235 000008FF 803E490007                  cmp byte [0x49], 7
  1236 00000904 7503                        jne .scroll_down_segment_ready
  1237 00000906 B800B0                      mov ax, 0xB000
  1238                                  .scroll_down_segment_ready:
  1239 00000909 8ED8                        mov ds, ax
  1240 0000090B 8EC0                        mov es, ax
  1241 0000090D FD                          std
  1242                                  
  1243                                  .copy_row:
  1244 0000090E 31C0                        xor ax, ax
  1245 00000910 368A46EE                    mov al, [ss:bp-18]
  1246 00000914 36F766E8                    mul word [ss:bp-24]
  1247 00000918 89C7                        mov di, ax
  1248 0000091A 36037EEA                    add di, [ss:bp-22]
  1249 0000091E 31C0                        xor ax, ax
  1250 00000920 368A46F8                    mov al, [ss:bp-8]               ; right edge, copy backwards
  1251 00000924 D1E0                        shl ax, 1
  1252 00000926 01C7                        add di, ax
  1253                                  
  1254 00000928 31C0                        xor ax, ax
  1255 0000092A 368A46ED                    mov al, [ss:bp-19]
  1256 0000092E 36F766E8                    mul word [ss:bp-24]
  1257 00000932 89C6                        mov si, ax
  1258 00000934 360376EA                    add si, [ss:bp-22]
  1259 00000938 31C0                        xor ax, ax
  1260 0000093A 368A46F8                    mov al, [ss:bp-8]
  1261 0000093E D1E0                        shl ax, 1
  1262 00000940 01C6                        add si, ax
  1263                                  
  1264 00000942 31C9                        xor cx, cx
  1265 00000944 368A4EF8                    mov cl, [ss:bp-8]
  1266 00000948 362A4EFA                    sub cl, [ss:bp-6]
  1267 0000094C 41                          inc cx
  1268 0000094D F3A5                        rep movsw
  1269                                  
  1270 0000094F 368A46ED                    mov al, [ss:bp-19]
  1271 00000953 363A46FB                    cmp al, [ss:bp-5]
  1272                                      J286_E .copy_done
    20 00000957 7502                <1>  jne short %%skip
    21 00000959 EB0A                <1>  jmp %1
    22                              <1> %%skip:
  1273 0000095B 36FE4EEE                    dec byte [ss:bp-18]
  1274 0000095F 36FE4EED                    dec byte [ss:bp-19]
  1275 00000963 EBA9                        jmp .copy_row
  1276                                  
  1277                                  .copy_done:
  1278 00000965 368A46FB                    mov al, [ss:bp-5]
  1279 00000969 368846EC                    mov [ss:bp-20], al
  1280 0000096D 368A5EFE                    mov bl, [ss:bp-2]
  1281 00000971 FECB                        dec bl
  1282 00000973 00C3                        add bl, al
  1283 00000975 36885EED                    mov [ss:bp-19], bl              ; last vacated row
  1284 00000979 EB1F                        jmp .fill
  1285                                  
  1286                                  .clear_all:
  1287 0000097B 368A46FB                    mov al, [ss:bp-5]
  1288 0000097F 368846EC                    mov [ss:bp-20], al
  1289 00000983 368A46F9                    mov al, [ss:bp-7]
  1290 00000987 368846ED                    mov [ss:bp-19], al
  1291 0000098B B800B8                      mov ax, TEXT_SEG
  1292 0000098E 803E490007                  cmp byte [0x49], 7
  1293 00000993 7503                        jne .scroll_down_clear_segment_ready
  1294 00000995 B800B0                      mov ax, 0xB000
  1295                                  .scroll_down_clear_segment_ready:
  1296 00000998 8EC0                        mov es, ax
  1297                                  
  1298                                  .fill:
  1299 0000099A FC                          cld
  1300                                  
  1301                                  .fill_row:
  1302 0000099B 31C0                        xor ax, ax
  1303 0000099D 368A46EC                    mov al, [ss:bp-20]
  1304 000009A1 36F766E8                    mul word [ss:bp-24]
  1305 000009A5 89C7                        mov di, ax
  1306 000009A7 36037EEA                    add di, [ss:bp-22]
  1307 000009AB 31C0                        xor ax, ax
  1308 000009AD 368A46FA                    mov al, [ss:bp-6]
  1309 000009B1 D1E0                        shl ax, 1
  1310 000009B3 01C7                        add di, ax
  1311                                  
  1312 000009B5 31C9                        xor cx, cx
  1313 000009B7 368A4EF8                    mov cl, [ss:bp-8]
  1314 000009BB 362A4EFA                    sub cl, [ss:bp-6]
  1315 000009BF 41                          inc cx
  1316 000009C0 B020                        mov al, 0x20
  1317 000009C2 368A66FD                    mov ah, [ss:bp-3]
  1318 000009C6 F3AB                        rep stosw
  1319                                  
  1320 000009C8 36FE46EC                    inc byte [ss:bp-20]
  1321 000009CC 368A46EC                    mov al, [ss:bp-20]
  1322 000009D0 363A46ED                    cmp al, [ss:bp-19]
  1323                                      J286_BE .fill_row
    40 000009D4 7702                <1>  ja short %%skip
    41 000009D6 EBC3                <1>  jmp %1
    42                              <1> %%skip:
  1324                                  
  1325 000009D8 83C408                      add sp, 8
  1326 000009DB 07                          pop es
  1327 000009DC 1F                          pop ds
  1328 000009DD 5F                          pop di
  1329 000009DE 5E                          pop si
  1330 000009DF 5A                          pop dx
  1331 000009E0 59                          pop cx
  1332 000009E1 5B                          pop bx
  1333 000009E2 58                          pop ax
  1334 000009E3 5D                          pop bp
  1335 000009E4 CF                          iret
  1336                                  ; ---------------------------------------------------------------------------
  1337                                  ; Pixel and palette services
  1338                                  ; ---------------------------------------------------------------------------
  1339                                  video_write_pixel:
  1340 000009E5 50                          push ax
  1341 000009E6 53                          push bx
  1342 000009E7 51                          push cx
  1343 000009E8 52                          push dx
  1344 000009E9 56                          push si
  1345 000009EA 57                          push di
  1346 000009EB 06                          push es
  1347 000009EC 88C3                        mov bl, al
  1348 000009EE B84000                      mov ax, BDA_SEG
  1349 000009F1 8EC0                        mov es, ax
  1350 000009F3 26A04900                    mov al, [es:0x49]
  1351 000009F7 3C13                        cmp al, 0x13
  1352 000009F9 741C                        je .packed_256
  1353 000009FB 3C04                        cmp al, 4
  1354 000009FD 7303E97501                  jb .done
  1355 00000A02 3C06                        cmp al, 6
  1356 00000A04 7632                        jbe .cga
  1357 00000A06 3C0D                        cmp al, 0x0D
  1358 00000A08 7303E96A01                  jb .done
  1359 00000A0D 3C12                        cmp al, 0x12
  1360 00000A0F 7703E9CB00                  jbe .planar
  1361 00000A14 E96001                      jmp .done
  1362                                  
  1363                                  .packed_256:
  1364 00000A17 89D0                        mov ax, dx
  1365 00000A19 BF4001                      mov di, 320
  1366 00000A1C F7E7                        mul di
  1367 00000A1E 01C8                        add ax, cx
  1368 00000A20 89C7                        mov di, ax
  1369 00000A22 B800A0                      mov ax, VGA_SEG
  1370 00000A25 8EC0                        mov es, ax
  1371 00000A27 88D8                        mov al, bl
  1372 00000A29 A880                        test al, 0x80
  1373 00000A2B 7405                        jz .packed_store
  1374 00000A2D 247F                        and al, 0x7F
  1375 00000A2F 263205                      xor al, [es:di]
  1376                                  .packed_store:
  1377 00000A32 268805                      mov [es:di], al
  1378 00000A35 E93F01                      jmp .done
  1379                                  
  1380                                  .cga:
  1381                                      ; IBM modes 04h-06h retain the CGA 8-KiB odd/even scan-line banks in
  1382                                      ; the B8000h aperture.  This is the CPU-visible packed representation;
  1383                                      ; the VGA odd/even memory path distributes the bytes to planes 0 and 1.
  1384 00000A38 89D0                        mov ax, dx
  1385 00000A3A 83E001                      and ax, 1
  1386 00000A3D 89C7                        mov di, ax
  1387 00000A3F C1E70D                      shl di, 13                       ; odd scan lines start at +2000h
  1388 00000A42 89D0                        mov ax, dx
  1389 00000A44 D1E8                        shr ax, 1
  1390 00000A46 BE5000                      mov si, 80
  1391 00000A49 F7E6                        mul si
  1392 00000A4B 01C7                        add di, ax
  1393 00000A4D 268A164900                  mov dl, [es:0x49]
  1394 00000A52 B800B8                      mov ax, 0xB800
  1395 00000A55 8EC0                        mov es, ax
  1396 00000A57 80FA06                      cmp dl, 6
  1397 00000A5A 7443                        je .cga_mono
  1398                                  
  1399 00000A5C 89C8                        mov ax, cx
  1400 00000A5E 83E003                      and ax, 3
  1401 00000A61 D1E0                        shl ax, 1
  1402 00000A63 BE0600                      mov si, 6
  1403 00000A66 29C6                        sub si, ax                       ; packed two-bit pixel shift
  1404 00000A68 89C8                        mov ax, cx
  1405 00000A6A D1E8                        shr ax, 1
  1406 00000A6C D1E8                        shr ax, 1
  1407 00000A6E 01C7                        add di, ax
  1408 00000A70 B003                        mov al, 3
  1409 00000A72 89F1                        mov cx, si
  1410 00000A74 D2E0                        shl al, cl                       ; AL = two-bit field mask
  1411 00000A76 268A25                      mov ah, [es:di]
  1412 00000A79 F6C380                      test bl, 0x80
  1413 00000A7C 7512                        jnz .cga_xor
  1414 00000A7E F6D0                        not al
  1415 00000A80 20C4                        and ah, al
  1416 00000A82 88D8                        mov al, bl
  1417 00000A84 2403                        and al, 3
  1418 00000A86 D2E0                        shl al, cl
  1419 00000A88 08C4                        or ah, al
  1420 00000A8A 268825                      mov [es:di], ah
  1421 00000A8D E9E700                      jmp .done
  1422                                  .cga_xor:
  1423 00000A90 88DA                        mov dl, bl
  1424 00000A92 80E203                      and dl, 3
  1425 00000A95 D2E2                        shl dl, cl
  1426 00000A97 30D4                        xor ah, dl
  1427 00000A99 268825                      mov [es:di], ah
  1428 00000A9C E9D800                      jmp .done
  1429                                  
  1430                                  .cga_mono:
  1431 00000A9F 89C8                        mov ax, cx
  1432 00000AA1 83E007                      and ax, 7
  1433 00000AA4 BE0700                      mov si, 7
  1434 00000AA7 29C6                        sub si, ax
  1435 00000AA9 89C8                        mov ax, cx
  1436 00000AAB D1E8                        shr ax, 1
  1437 00000AAD D1E8                        shr ax, 1
  1438 00000AAF D1E8                        shr ax, 1
  1439 00000AB1 01C7                        add di, ax
  1440 00000AB3 B001                        mov al, 1
  1441 00000AB5 89F1                        mov cx, si
  1442 00000AB7 D2E0                        shl al, cl
  1443 00000AB9 F6C380                      test bl, 0x80
  1444 00000ABC 7513                        jnz .cga_mono_xor
  1445 00000ABE F6C301                      test bl, 1
  1446 00000AC1 7508                        jnz .cga_mono_set
  1447 00000AC3 F6D0                        not al
  1448 00000AC5 262005                      and [es:di], al
  1449 00000AC8 E9AC00                      jmp .done
  1450                                  .cga_mono_set:
  1451 00000ACB 260805                      or [es:di], al
  1452 00000ACE E9A600                      jmp .done
  1453                                  .cga_mono_xor:
  1454 00000AD1 F6C301                      test bl, 1
  1455 00000AD4 7503E99E00                  jz .done
  1456 00000AD9 263005                      xor [es:di], al
  1457 00000ADC E99800                      jmp .done
  1458                                  
  1459                                  .planar:
  1460                                      ; Modes 0Dh-12h use one bit from each VGA plane.  Write mode 2 expands
  1461                                      ; AL bits 0-3 to the four planes, while the bit mask selects the requested
  1462                                      ; pixel.  Data-rotate XOR supplies the documented AL bit-7 XOR operation.
  1463 00000ADF BE5000                      mov si, 80
  1464 00000AE2 26803E49000D                cmp byte [es:0x49], 0x0D
  1465 00000AE8 7503                        jne .planar_stride_ready
  1466 00000AEA BE2800                      mov si, 40
  1467                                  .planar_stride_ready:
  1468 00000AED 89D0                        mov ax, dx
  1469 00000AEF F7E6                        mul si
  1470 00000AF1 89C7                        mov di, ax
  1471 00000AF3 89C8                        mov ax, cx
  1472 00000AF5 D1E8                        shr ax, 1
  1473 00000AF7 D1E8                        shr ax, 1
  1474 00000AF9 D1E8                        shr ax, 1
  1475 00000AFB 01C7                        add di, ax
  1476 00000AFD 26A14C00                    mov ax, [es:0x4C]
  1477 00000B01 31D2                        xor dx, dx
  1478 00000B03 88FA                        mov dl, bh
  1479 00000B05 F7E2                        mul dx
  1480 00000B07 01C7                        add di, ax
  1481 00000B09 89C8                        mov ax, cx
  1482 00000B0B 83E007                      and ax, 7
  1483 00000B0E 88C1                        mov cl, al
  1484 00000B10 B080                        mov al, 0x80
  1485 00000B12 D2E8                        shr al, cl
  1486 00000B14 88C5                        mov ch, al                       ; CH = VGA bit mask
  1487                                  
  1488 00000B16 BACE03                      mov dx, 0x3CE
  1489 00000B19 B003                        mov al, 3
  1490 00000B1B EE                          out dx, al
  1491 00000B1C 42                          inc dx
  1492 00000B1D EC                          in al, dx
  1493 00000B1E 30E4                        xor ah, ah
  1494 00000B20 50                          push ax                          ; saved Data Rotate
  1495 00000B21 4A                          dec dx
  1496 00000B22 B005                        mov al, 5
  1497 00000B24 EE                          out dx, al
  1498 00000B25 42                          inc dx
  1499 00000B26 EC                          in al, dx
  1500 00000B27 30E4                        xor ah, ah
  1501 00000B29 50                          push ax                          ; saved Graphics Mode
  1502 00000B2A 4A                          dec dx
  1503 00000B2B B008                        mov al, 8
  1504 00000B2D EE                          out dx, al
  1505 00000B2E 42                          inc dx
  1506 00000B2F EC                          in al, dx
  1507 00000B30 30E4                        xor ah, ah
  1508 00000B32 50                          push ax                          ; saved Bit Mask
  1509                                  
  1510 00000B33 4A                          dec dx
  1511 00000B34 B80300                      mov ax, 0x0003
  1512 00000B37 F6C380                      test bl, 0x80
  1513 00000B3A 7402                        jz .planar_rotate_ready
  1514 00000B3C B418                        mov ah, 0x18                     ; logical XOR, rotate count zero
  1515                                  .planar_rotate_ready:
  1516 00000B3E EF                          out dx, ax
  1517 00000B3F B005                        mov al, 5
  1518 00000B41 EE                          out dx, al
  1519 00000B42 42                          inc dx
  1520 00000B43 EC                          in al, dx
  1521 00000B44 24FC                        and al, 0xFC
  1522 00000B46 0C02                        or al, 2                         ; write mode 2
  1523 00000B48 88C4                        mov ah, al
  1524 00000B4A 4A                          dec dx
  1525 00000B4B B005                        mov al, 5
  1526 00000B4D EF                          out dx, ax
  1527 00000B4E B008                        mov al, 8
  1528 00000B50 88EC                        mov ah, ch
  1529 00000B52 EF                          out dx, ax
  1530                                  
  1531 00000B53 B800A0                      mov ax, VGA_SEG
  1532 00000B56 8EC0                        mov es, ax
  1533 00000B58 268A05                      mov al, [es:di]                  ; load all four VGA latches
  1534 00000B5B 88D8                        mov al, bl
  1535 00000B5D 240F                        and al, 0x0F
  1536 00000B5F 268805                      mov [es:di], al
  1537                                  
  1538 00000B62 BACE03                      mov dx, 0x3CE
  1539 00000B65 58                          pop ax
  1540 00000B66 88C4                        mov ah, al
  1541 00000B68 B008                        mov al, 8
  1542 00000B6A EF                          out dx, ax
  1543 00000B6B 58                          pop ax
  1544 00000B6C 88C4                        mov ah, al
  1545 00000B6E B005                        mov al, 5
  1546 00000B70 EF                          out dx, ax
  1547 00000B71 58                          pop ax
  1548 00000B72 88C4                        mov ah, al
  1549 00000B74 B003                        mov al, 3
  1550 00000B76 EF                          out dx, ax
  1551                                  .done:
  1552 00000B77 07                          pop es
  1553 00000B78 5F                          pop di
  1554 00000B79 5E                          pop si
  1555 00000B7A 5A                          pop dx
  1556 00000B7B 59                          pop cx
  1557 00000B7C 5B                          pop bx
  1558 00000B7D 58                          pop ax
  1559 00000B7E CF                          iret
  1560                                  
  1561                                  video_read_pixel:
  1562 00000B7F 53                          push bx
  1563 00000B80 51                          push cx
  1564 00000B81 52                          push dx
  1565 00000B82 55                          push bp
  1566 00000B83 56                          push si
  1567 00000B84 57                          push di
  1568 00000B85 06                          push es
  1569 00000B86 B84000                      mov ax, BDA_SEG
  1570 00000B89 8EC0                        mov es, ax
  1571 00000B8B 26A04900                    mov al, [es:0x49]
  1572 00000B8F 3C13                        cmp al, 0x13
  1573 00000B91 7419                        je .packed_256
  1574 00000B93 3C04                        cmp al, 4
  1575 00000B95 7303E90601                  jb .zero
  1576 00000B9A 3C06                        cmp al, 6
  1577 00000B9C 7624                        jbe .cga
  1578 00000B9E 3C0D                        cmp al, 0x0D
  1579 00000BA0 7303E9FB00                  jb .zero
  1580 00000BA5 3C12                        cmp al, 0x12
  1581 00000BA7 767C                        jbe .planar
  1582 00000BA9 E9F400                      jmp .zero
  1583                                  
  1584                                  .packed_256:
  1585 00000BAC 89D0                        mov ax, dx
  1586 00000BAE BF4001                      mov di, 320
  1587 00000BB1 F7E7                        mul di
  1588 00000BB3 01C8                        add ax, cx
  1589 00000BB5 89C7                        mov di, ax
  1590 00000BB7 B800A0                      mov ax, VGA_SEG
  1591 00000BBA 8EC0                        mov es, ax
  1592 00000BBC 268A05                      mov al, [es:di]
  1593 00000BBF E9E000                      jmp .done
  1594                                  
  1595                                  .cga:
  1596 00000BC2 89D0                        mov ax, dx
  1597 00000BC4 83E001                      and ax, 1
  1598 00000BC7 89C7                        mov di, ax
  1599 00000BC9 C1E70D                      shl di, 13
  1600 00000BCC 89D0                        mov ax, dx
  1601 00000BCE D1E8                        shr ax, 1
  1602 00000BD0 BE5000                      mov si, 80
  1603 00000BD3 F7E6                        mul si
  1604 00000BD5 01C7                        add di, ax
  1605 00000BD7 268A164900                  mov dl, [es:0x49]
  1606 00000BDC B800B8                      mov ax, 0xB800
  1607 00000BDF 8EC0                        mov es, ax
  1608 00000BE1 80FA06                      cmp dl, 6
  1609 00000BE4 7420                        je .cga_mono
  1610 00000BE6 89C8                        mov ax, cx
  1611 00000BE8 83E003                      and ax, 3
  1612 00000BEB D1E0                        shl ax, 1
  1613 00000BED BE0600                      mov si, 6
  1614 00000BF0 29C6                        sub si, ax
  1615 00000BF2 89C8                        mov ax, cx
  1616 00000BF4 D1E8                        shr ax, 1
  1617 00000BF6 D1E8                        shr ax, 1
  1618 00000BF8 01C7                        add di, ax
  1619 00000BFA 268A05                      mov al, [es:di]
  1620 00000BFD 89F1                        mov cx, si
  1621 00000BFF D2E8                        shr al, cl
  1622 00000C01 2403                        and al, 3
  1623 00000C03 E99C00                      jmp .done
  1624                                  .cga_mono:
  1625 00000C06 89C8                        mov ax, cx
  1626 00000C08 83E007                      and ax, 7
  1627 00000C0B BE0700                      mov si, 7
  1628 00000C0E 29C6                        sub si, ax
  1629 00000C10 89C8                        mov ax, cx
  1630 00000C12 D1E8                        shr ax, 1
  1631 00000C14 D1E8                        shr ax, 1
  1632 00000C16 D1E8                        shr ax, 1
  1633 00000C18 01C7                        add di, ax
  1634 00000C1A 268A05                      mov al, [es:di]
  1635 00000C1D 89F1                        mov cx, si
  1636 00000C1F D2E8                        shr al, cl
  1637 00000C21 2401                        and al, 1
  1638 00000C23 EB7D                        jmp .done
  1639                                  
  1640                                  .planar:
  1641 00000C25 BE5000                      mov si, 80
  1642 00000C28 26803E49000D                cmp byte [es:0x49], 0x0D
  1643 00000C2E 7503                        jne .planar_stride_ready
  1644 00000C30 BE2800                      mov si, 40
  1645                                  .planar_stride_ready:
  1646 00000C33 89D0                        mov ax, dx
  1647 00000C35 F7E6                        mul si
  1648 00000C37 89C7                        mov di, ax
  1649 00000C39 89C8                        mov ax, cx
  1650 00000C3B D1E8                        shr ax, 1
  1651 00000C3D D1E8                        shr ax, 1
  1652 00000C3F D1E8                        shr ax, 1
  1653 00000C41 01C7                        add di, ax
  1654 00000C43 26A14C00                    mov ax, [es:0x4C]
  1655 00000C47 31D2                        xor dx, dx
  1656 00000C49 88FA                        mov dl, bh
  1657 00000C4B F7E2                        mul dx
  1658 00000C4D 01C7                        add di, ax
  1659 00000C4F 89C8                        mov ax, cx
  1660 00000C51 83E007                      and ax, 7
  1661 00000C54 88C1                        mov cl, al
  1662 00000C56 B88000                      mov ax, 0x0080
  1663 00000C59 D2E8                        shr al, cl
  1664 00000C5B 89C5                        mov bp, ax                       ; keep mask independent of plane selector CX
  1665                                  
  1666 00000C5D BACE03                      mov dx, 0x3CE
  1667 00000C60 B004                        mov al, 4
  1668 00000C62 EE                          out dx, al
  1669 00000C63 42                          inc dx
  1670 00000C64 EC                          in al, dx
  1671 00000C65 30E4                        xor ah, ah
  1672 00000C67 50                          push ax                          ; saved Read Map Select
  1673 00000C68 31DB                        xor bx, bx                       ; BL accumulates the four plane bits
  1674 00000C6A 31F6                        xor si, si
  1675 00000C6C B800A0                      mov ax, VGA_SEG
  1676 00000C6F 8EC0                        mov es, ax
  1677                                  .read_plane:
  1678 00000C71 BACE03                      mov dx, 0x3CE
  1679 00000C74 89F0                        mov ax, si
  1680 00000C76 88C4                        mov ah, al
  1681 00000C78 B004                        mov al, 4
  1682 00000C7A EF                          out dx, ax
  1683 00000C7B 268A05                      mov al, [es:di]
  1684 00000C7E 30E4                        xor ah, ah
  1685 00000C80 85E8                        test ax, bp
  1686 00000C82 7409                        jz .next_plane
  1687 00000C84 B80100                      mov ax, 1
  1688 00000C87 89F1                        mov cx, si
  1689 00000C89 D2E0                        shl al, cl
  1690 00000C8B 08C3                        or bl, al
  1691                                  .next_plane:
  1692 00000C8D 46                          inc si
  1693 00000C8E 83FE04                      cmp si, 4
  1694 00000C91 72DE                        jb .read_plane
  1695 00000C93 58                          pop ax
  1696 00000C94 88C4                        mov ah, al
  1697 00000C96 B004                        mov al, 4
  1698 00000C98 BACE03                      mov dx, 0x3CE
  1699 00000C9B EF                          out dx, ax
  1700 00000C9C 88D8                        mov al, bl
  1701 00000C9E EB02                        jmp .done
  1702                                  .zero:
  1703 00000CA0 30C0                        xor al, al
  1704                                  .done:
  1705 00000CA2 07                          pop es
  1706 00000CA3 5F                          pop di
  1707 00000CA4 5E                          pop si
  1708 00000CA5 5D                          pop bp
  1709 00000CA6 5A                          pop dx
  1710 00000CA7 59                          pop cx
  1711 00000CA8 5B                          pop bx
  1712 00000CA9 CF                          iret
  1713                                  
  1714                                  video_palette:
  1715 00000CAA 3C02                        cmp al, 0x02
  1716                                      J286_NE .not_all_attribute_palette
    25 00000CAC 7402                <1>  je short %%skip
    26 00000CAE EB3B                <1>  jmp %1
    27                              <1> %%skip:
  1717                                      ; INT 10h AX=1002h: ES:DX points to 16 Attribute Controller palette
  1718                                      ; values followed by the overscan value.  VGALOGO.LGO relies on this to
  1719                                      ; replace the mode-set EGA 38h-3Fh mappings with its identity 00h-0Fh
  1720                                      ; table before programming DAC entries 00h-0Fh.
  1721 00000CB0 50                          push ax
  1722 00000CB1 53                          push bx
  1723 00000CB2 51                          push cx
  1724 00000CB3 52                          push dx
  1725 00000CB4 56                          push si
  1726 00000CB5 1E                          push ds
  1727 00000CB6 89D6                        mov si, dx
  1728 00000CB8 8CC0                        mov ax, es
  1729 00000CBA 8ED8                        mov ds, ax
  1730 00000CBC BADA03                      mov dx, 0x3DA
  1731 00000CBF EC                          in al, dx                         ; force Attribute Controller index phase
  1732 00000CC0 BAC003                      mov dx, 0x3C0
  1733 00000CC3 31DB                        xor bx, bx
  1734 00000CC5 B91000                      mov cx, 16
  1735                                  .all_attribute_palette_loop:
  1736 00000CC8 88D8                        mov al, bl                        ; PAS=0, palette register BL
  1737 00000CCA EE                          out dx, al
  1738 00000CCB AC                          lodsb
  1739 00000CCC 243F                        and al, 0x3F
  1740 00000CCE EE                          out dx, al
  1741 00000CCF FEC3                        inc bl
  1742 00000CD1 E2F5                        loop .all_attribute_palette_loop
  1743 00000CD3 B011                        mov al, 0x11                      ; overscan/border register
  1744 00000CD5 EE                          out dx, al
  1745 00000CD6 AC                          lodsb
  1746 00000CD7 243F                        and al, 0x3F
  1747 00000CD9 EE                          out dx, al
  1748 00000CDA BADA03                      mov dx, 0x3DA
  1749 00000CDD EC                          in al, dx                         ; index phase before restoring PAS
  1750 00000CDE BAC003                      mov dx, 0x3C0
  1751 00000CE1 B020                        mov al, 0x20                      ; video palette address source enabled
  1752 00000CE3 EE                          out dx, al
  1753 00000CE4 1F                          pop ds
  1754 00000CE5 5E                          pop si
  1755 00000CE6 5A                          pop dx
  1756 00000CE7 59                          pop cx
  1757 00000CE8 5B                          pop bx
  1758 00000CE9 58                          pop ax
  1759 00000CEA CF                          iret
  1760                                  .not_all_attribute_palette:
  1761 00000CEB 3C03                        cmp al, 0x03
  1762                                      J286_NE .not_blink_intensity
    25 00000CED 7402                <1>  je short %%skip
    26 00000CEF EB2F                <1>  jmp %1
    27                              <1> %%skip:
  1763                                      ; INT 10h AX=1003h: BL=0 selects background intensity; BL=1 selects
  1764                                      ; attribute-bit-7 blinking.  This is the IBM VGA BIOS interface used by
  1765                                      ; full-screen DOS applications such as Microsoft/Symantec DEFRAG.
  1766 00000CF1 50                          push ax
  1767 00000CF2 52                          push dx
  1768 00000CF3 BADA03                      mov dx, 0x3DA
  1769 00000CF6 EC                          in al, dx                         ; reset Attribute Controller flip-flop
  1770 00000CF7 BAC003                      mov dx, 0x3C0
  1771 00000CFA B030                        mov al, 0x30                      ; index 10h, keep palette source enabled
  1772 00000CFC EE                          out dx, al
  1773 00000CFD BAC103                      mov dx, 0x3C1
  1774 00000D00 EC                          in al, dx
  1775 00000D01 F6C301                      test bl, 1
  1776                                      J286_E .intensity_backgrounds
    20 00000D04 7502                <1>  jne short %%skip
    21 00000D06 EB04                <1>  jmp %1
    22                              <1> %%skip:
  1777 00000D08 0C08                        or al, 0x08
  1778 00000D0A EB02                        jmp .write_mode_control
  1779                                  .intensity_backgrounds:
  1780 00000D0C 24F7                        and al, 0xF7
  1781                                  .write_mode_control:
  1782 00000D0E 88C4                        mov ah, al
  1783 00000D10 BADA03                      mov dx, 0x3DA
  1784 00000D13 EC                          in al, dx                         ; index phase again
  1785 00000D14 BAC003                      mov dx, 0x3C0
  1786 00000D17 B030                        mov al, 0x30
  1787 00000D19 EE                          out dx, al
  1788 00000D1A 88E0                        mov al, ah
  1789 00000D1C EE                          out dx, al
  1790 00000D1D 5A                          pop dx
  1791 00000D1E 58                          pop ax
  1792 00000D1F CF                          iret
  1793                                  .not_blink_intensity:
  1794 00000D20 3C10                        cmp al, 0x10
  1795                                      J286_NE .not_single_dac
    25 00000D22 7402                <1>  je short %%skip
    26 00000D24 EB17                <1>  jmp %1
    27                              <1> %%skip:
  1796                                      ; BX=index, DH=red, CH=green, CL=blue (6-bit VGA DAC values)
  1797                                      ; Preserve DH before loading DX with the DAC port address.  DX is both an
  1798                                      ; INT 10h argument register and the x86 OUT port register: loading 03C8h
  1799                                      ; first would make DH=03h and force every programmed red component to 03h.
  1800                                      ; IBM VGA/XGA Technical Reference, Video BIOS Interface, INT 10h
  1801                                      ; AH=10h/AL=10h defines the component registers used here.
  1802 00000D26 50                          push ax
  1803 00000D27 52                          push dx
  1804 00000D28 88F4                        mov ah, dh
  1805 00000D2A BAC803                      mov dx, 0x3C8
  1806 00000D2D 88D8                        mov al, bl
  1807 00000D2F EE                          out dx, al
  1808 00000D30 42                          inc dx
  1809 00000D31 88E0                        mov al, ah
  1810 00000D33 EE                          out dx, al
  1811 00000D34 88E8                        mov al, ch
  1812 00000D36 EE                          out dx, al
  1813 00000D37 88C8                        mov al, cl
  1814 00000D39 EE                          out dx, al
  1815 00000D3A 5A                          pop dx
  1816 00000D3B 58                          pop ax
  1817 00000D3C CF                          iret
  1818                                  .not_single_dac:
  1819 00000D3D 3C12                        cmp al, 0x12
  1820                                      J286_NE .not_read_single_dac
    25 00000D3F 7402                <1>  je short %%skip
    26 00000D41 EB22                <1>  jmp %1
    27                              <1> %%skip:
  1821                                      ; BX=start, CX=count, ES:DX -> RGB triplets.
  1822 00000D43 50                          push ax
  1823 00000D44 53                          push bx
  1824 00000D45 51                          push cx
  1825 00000D46 52                          push dx
  1826 00000D47 56                          push si
  1827 00000D48 1E                          push ds
  1828 00000D49 89D6                        mov si, dx
  1829 00000D4B 8CC0                        mov ax, es
  1830 00000D4D 8ED8                        mov ds, ax
  1831 00000D4F BAC803                      mov dx, 0x3C8
  1832 00000D52 88D8                        mov al, bl
  1833 00000D54 EE                          out dx, al
  1834 00000D55 42                          inc dx
  1835                                  .block_loop:
  1836 00000D56 AC                          lodsb
  1837 00000D57 EE                          out dx, al
  1838 00000D58 AC                          lodsb
  1839 00000D59 EE                          out dx, al
  1840 00000D5A AC                          lodsb
  1841 00000D5B EE                          out dx, al
  1842 00000D5C E2F8                        loop .block_loop
  1843 00000D5E 1F                          pop ds
  1844 00000D5F 5E                          pop si
  1845 00000D60 5A                          pop dx
  1846 00000D61 59                          pop cx
  1847 00000D62 5B                          pop bx
  1848 00000D63 58                          pop ax
  1849 00000D64 CF                          iret
  1850                                  .not_read_single_dac:
  1851 00000D65 3C15                        cmp al, 0x15
  1852                                      J286_NE .not_read_dac_block
    25 00000D67 7402                <1>  je short %%skip
    26 00000D69 EB1B                <1>  jmp %1
    27                              <1> %%skip:
  1853                                      ; IBM VGA/XGA Technical Reference, Video BIOS Interface, INT 10h
  1854                                      ; AH=10h/AL=15h: BX selects one DAC register and the BIOS returns its
  1855                                      ; red/green/blue components in DH/CH/CL.  A program is entitled to save
  1856                                      ; the hardware palette through this service and later restore it through
  1857                                      ; AL=10h; returning stale CPU registers here destroys that round trip.
  1858 00000D6B 50                          push ax
  1859 00000D6C 53                          push bx
  1860 00000D6D 52                          push dx
  1861 00000D6E BAC703                      mov dx, 0x3C7
  1862 00000D71 88D8                        mov al, bl
  1863 00000D73 EE                          out dx, al
  1864 00000D74 83C202                      add dx, 2                         ; 03C9h, DAC data port
  1865 00000D77 EC                          in al, dx
  1866 00000D78 88C4                        mov ah, al                        ; retain red while DX becomes an output
  1867 00000D7A EC                          in al, dx
  1868 00000D7B 88C5                        mov ch, al                        ; green
  1869 00000D7D EC                          in al, dx
  1870 00000D7E 88C1                        mov cl, al                        ; blue
  1871 00000D80 5A                          pop dx
  1872 00000D81 5B                          pop bx
  1873 00000D82 88E6                        mov dh, ah                        ; red
  1874 00000D84 58                          pop ax
  1875 00000D85 CF                          iret
  1876                                  .not_read_dac_block:
  1877 00000D86 3C17                        cmp al, 0x17
  1878                                      J286_NE .done
    25 00000D88 7402                <1>  je short %%skip
    26 00000D8A EB20                <1>  jmp %1
    27                              <1> %%skip:
  1879                                      ; IBM VGA/XGA Technical Reference, INT 10h AH=10h/AL=17h:
  1880                                      ; BX=start, CX=count, ES:DX -> destination RGB triplets.  This is the
  1881                                      ; inverse of AL=12h and is used by full-screen DOS software to preserve
  1882                                      ; the VGA DAC across a session.  The Bt485's VGA-compatible read-address
  1883                                      ; and data ports auto-advance after every complete RGB triplet.
  1884 00000D8C 50                          push ax
  1885 00000D8D 53                          push bx
  1886 00000D8E 51                          push cx
  1887 00000D8F 52                          push dx
  1888 00000D90 57                          push di
  1889 00000D91 89D7                        mov di, dx
  1890 00000D93 BAC703                      mov dx, 0x3C7
  1891 00000D96 88D8                        mov al, bl
  1892 00000D98 EE                          out dx, al
  1893 00000D99 83C202                      add dx, 2                         ; 03C9h, DAC data port
  1894 00000D9C FC                          cld
  1895                                  .read_block_loop:
  1896 00000D9D E308                        jcxz .read_block_complete
  1897 00000D9F EC                          in al, dx
  1898 00000DA0 AA                          stosb
  1899 00000DA1 EC                          in al, dx
  1900 00000DA2 AA                          stosb
  1901 00000DA3 EC                          in al, dx
  1902 00000DA4 AA                          stosb
  1903 00000DA5 E2F6                        loop .read_block_loop
  1904                                  .read_block_complete:
  1905 00000DA7 5F                          pop di
  1906 00000DA8 5A                          pop dx
  1907 00000DA9 59                          pop cx
  1908 00000DAA 5B                          pop bx
  1909 00000DAB 58                          pop ax
  1910                                  .done:
  1911 00000DAC CF                          iret
  1912                                  
  1913                                  video_get_mode:
  1914 00000DAD 1E                          push ds
  1915 00000DAE B84000                      mov ax, BDA_SEG
  1916 00000DB1 8ED8                        mov ds, ax
  1917 00000DB3 A04900                      mov al, [0x49]
  1918 00000DB6 8A264A00                    mov ah, [0x4A]
  1919 00000DBA 8A3E6200                    mov bh, [0x62]
  1920 00000DBE 1F                          pop ds
  1921 00000DBF CF                          iret
  1922                                  
  1923                                  video_ega_query:
  1924 00000DC0 80FB10                      cmp bl, 0x10
  1925                                      J286_NE .done
    25 00000DC3 7402                <1>  je short %%skip
    26 00000DC5 EB08                <1>  jmp %1
    27                              <1> %%skip:
  1926 00000DC7 30FF                        xor bh, bh                      ; VGA present / color display
  1927 00000DC9 B303                        mov bl, 3                       ; 256 KiB-or-more EGA memory class
  1928 00000DCB B500                        mov ch, 0
  1929 00000DCD B103                        mov cl, 3
  1930                                  .done:
  1931 00000DCF CF                          iret
  1932                                  
  1933                                  video_display_query:
  1934 00000DD0 3C00                        cmp al, 0
  1935                                      J286_NE .unsupported
    25 00000DD2 7402                <1>  je short %%skip
    26 00000DD4 EB07                <1>  jmp %1
    27                              <1> %%skip:
  1936 00000DD6 B01A                        mov al, 0x1A
  1937 00000DD8 B308                        mov bl, 0x08                    ; VGA color analog display
  1938 00000DDA 30FF                        xor bh, bh
  1939 00000DDC CF                          iret
  1940                                  .unsupported:
  1941 00000DDD 30C0                        xor al, al
  1942 00000DDF CF                          iret
  1943                                  
  1944                                  ; ---------------------------------------------------------------------------
  1945                                  %include "stealthpro_vgabios_state.inc"
     1                              <1> ; ---------------------------------------------------------------------------
     2                              <1> ; IBM VGA state / alternate-service completion layer for the clean-room
     3                              <1> ; Diamond Stealth Pro / S3 86C928 option ROM.
     4                              <1> ;
     5                              <1> ; This file deliberately implements STANDARD VGA state only.  It does not
     6                              <1> ; claim to save undocumented Diamond/S3 extended registers.  Those belong in
     7                              <1> ; an explicitly documented OEM/VESA extension, not in IBM INT 10h/AH=1Ch.
     8                              <1> ; ---------------------------------------------------------------------------
     9                              <1> 
    10                              <1> %define VGA_HW_STATE_SIZE   0x46
    11                              <1> %define VGA_BDA_STATE_SIZE  0x60      ; 0040:0049 through 0040:00A8 inclusive
    12                              <1> %define VGA_DAC_STATE_SIZE  0x304
    13                              <1> %define VGA_STATE_HEADER    0x20
    14                              <1> %define VGA_ROM_SEG         0xC000
    15                              <1> 
    16                              <1> ; Called after a successful mode set / option-ROM initialization.
    17                              <1> vga_install_save_pointer:
    18 00000DE0 50                  <1>     push ax
    19 00000DE1 06                  <1>     push es
    20 00000DE2 B84000              <1>     mov ax, BDA_SEG
    21 00000DE5 8EC0                <1>     mov es, ax
    22 00000DE7 26C706A800[2919]    <1>     mov word [es:0xA8], video_save_pointer_table
    22          ******************  <1>  warning: 16-bit absolute section-crossing relocation [-w+reloc-abs-word]
    23 00000DEE 268C0EAA00          <1>     mov word [es:0xAA], cs
    24 00000DF3 07                  <1>     pop es
    25 00000DF4 58                  <1>     pop ax
    26 00000DF5 C3                  <1>     ret
    27                              <1> 
    28                              <1> ; Refresh the extended VGA BDA fields which are common to all modes currently
    29                              <1> ; exposed by this ROM.  DL=current mode, BL=original mode request (bit7=no clear).
    30                              <1> vga_update_extended_bda:
    31 00000DF6 50                  <1>     push ax
    32 00000DF7 06                  <1>     push es
    33 00000DF8 B84000              <1>     mov ax, BDA_SEG
    34 00000DFB 8EC0                <1>     mov es, ax
    35                              <1> 
    36                              <1>     ; 0040:0087 - EGA/VGA video control.  Bits 6:5=11b denotes the standard
    37                              <1>     ; 256-KiB-or-more VGA memory class.  Bit7 records the no-clear mode request.
    38 00000DFD B060                <1>     mov al, 0x60
    39 00000DFF F6C380              <1>     test bl, 0x80
    40 00000E02 7402                <1>     jz .have_no_clear
    41 00000E04 0C80                <1>     or al, 0x80
    42                              <1> .have_no_clear:
    43 00000E06 26A28700            <1>     mov [es:0x87], al
    44                              <1> 
    45                              <1>     ; 0040:0088 - VGA color switch/configuration setting.
    46 00000E0A 26C606880009        <1>     mov byte [es:0x88], 0x09
    47                              <1> 
    48                              <1>     ; 0040:0089 - VGA display data.  Preserve only display-switching (bit6)
    49                              <1>     ; and the caller's default-palette policy (bit3).  This BIOS does not
    50                              <1>     ; advertise grayscale summing, monochrome emulation, or bit0 (reserved).
    51                              <1>     ; Bit 4 is the IBM VGA 400-scan-line text-mode flag.  It is not a generic
    52                              <1>     ; 200/350/400/480 enumeration; graphics and 350/480-line modes leave it 0.
    53 00000E10 26A08900            <1>     mov al, [es:0x89]
    54 00000E14 2448                <1>     and al, 0x48                    ; preserve bits 6 and 3 only
    55 00000E16 80FA03              <1>     cmp dl, 3
    56 00000E19 7605                <1>     jbe .mark_400_line_text
    57 00000E1B 80FA07              <1>     cmp dl, 7
    58 00000E1E 7502                <1>     jne .store_display_data
    59                              <1> .mark_400_line_text:
    60 00000E20 0C10                <1>     or al, 0x10
    61                              <1> .store_display_data:
    62 00000E22 26A28900            <1>     mov [es:0x89], al
    63 00000E26 26C6068A0000        <1>     mov byte [es:0x8A], 0          ; first DCC-table entry = VGA color
    64                              <1> 
    65 00000E2C 80FA04              <1>     cmp dl, 0x04
    66 00000E2F 7220                <1>     jb .text_16
    67 00000E31 80FA06              <1>     cmp dl, 0x06
    68 00000E34 762A                <1>     jbe .graphics_8
    69 00000E36 80FA07              <1>     cmp dl, 0x07
    70 00000E39 7416                <1>     je .text_16
    71 00000E3B 80FA0D              <1>     cmp dl, 0x0D
    72 00000E3E 7420                <1>     je .graphics_8
    73 00000E40 80FA0E              <1>     cmp dl, 0x0E
    74 00000E43 741B                <1>     je .graphics_8
    75 00000E45 80FA10              <1>     cmp dl, 0x10
    76 00000E48 7625                <1>     jbe .graphics_14
    77 00000E4A 80FA12              <1>     cmp dl, 0x12
    78 00000E4D 762F                <1>     jbe .graphics_16_30
    79                              <1>     ; Mode 13h.
    80 00000E4F EB0F                <1>     jmp .graphics_8
    81                              <1> 
    82                              <1> .text_16:
    83 00000E51 26C606840018        <1>     mov byte [es:0x84], 24
    84 00000E57 26C70685001000      <1>     mov word [es:0x85], 16
    85 00000E5E EB2B                <1>     jmp .done
    86                              <1> .graphics_8:
    87 00000E60 26C606840018        <1>     mov byte [es:0x84], 24
    88 00000E66 26C70685000800      <1>     mov word [es:0x85], 8
    89 00000E6D EB1C                <1>     jmp .done
    90                              <1> .graphics_14:
    91 00000E6F 26C606840018        <1>     mov byte [es:0x84], 24
    92 00000E75 26C70685000E00      <1>     mov word [es:0x85], 14
    93 00000E7C EB0D                <1>     jmp .done
    94                              <1> .graphics_16_30:
    95 00000E7E 26C60684001D        <1>     mov byte [es:0x84], 29
    96 00000E84 26C70685001000      <1>     mov word [es:0x85], 16
    97                              <1> .done:
    98 00000E8B 07                  <1>     pop es
    99 00000E8C 58                  <1>     pop ax
   100 00000E8D C3                  <1>     ret
   101                              <1> 
   102                              <1> ; ---------------------------------------------------------------------------
   103                              <1> ; INT 10h AH=11h - character-generator services.
   104                              <1> ;
   105                              <1> ; Supported here:
   106                              <1> ;   AL=00h  user alpha load (mode reset, regen buffer preserved)
   107                              <1> ;   AL=03h  character-map block select
   108                              <1> ;   AL=04h  load built-in 8x16 alpha font
   109                              <1> ;   AL=10h  user alpha load after mode set + text-metric recalculation
   110                              <1> ;   AL=14h  load built-in 8x16 alpha font + text-metric recalculation
   111                              <1> ;   AL=20h  set INT 1Fh user graphics-font pointer
   112                              <1> ;   AL=21h  set INT 43h graphics-font pointer and row/point metadata
   113                              <1> ;   AL=24h  select built-in 8x16 graphics font
   114                              <1> ;   AL=30h  return current/user or built-in 8x16 font information
   115                              <1> ; ---------------------------------------------------------------------------
   116                              <1> pcb1v_video_font:
   117 00000E8E 3C00                <1>     cmp al, 0x00
   118 00000E90 7424                <1>     je .user_alpha_reset
   119 00000E92 3C03                <1>     cmp al, 0x03
   120 00000E94 7467                <1>     je .set_block
   121 00000E96 3C04                <1>     cmp al, 0x04
   122 00000E98 7449                <1>     je .rom_alpha_16
   123 00000E9A 3C10                <1>     cmp al, 0x10
   124 00000E9C 743E                <1>     je .user_alpha_after_mode
   125 00000E9E 3C14                <1>     cmp al, 0x14
   126 00000EA0 7445                <1>     je .rom_alpha_16_metrics
   127 00000EA2 3C20                <1>     cmp al, 0x20
   128 00000EA4 746F                <1>     je .set_int1f
   129 00000EA6 3C21                <1>     cmp al, 0x21
   130 00000EA8 747D                <1>     je .set_int43
   131 00000EAA 3C24                <1>     cmp al, 0x24
   132 00000EAC 7444                <1>     je .rom_graphics_16
   133 00000EAE 3C30                <1>     cmp al, 0x30
   134 00000EB0 7503E9BA00          <1>     je .get_info
   135 00000EB5 CF                  <1>     iret
   136                              <1> 
   137                              <1> .user_alpha_reset:
   138                              <1>     ; The original EGA/VGA 00h service performs a mode set while preserving
   139                              <1>     ; the regeneration buffer, then loads the caller's font.
   140 00000EB6 50                  <1>     push ax
   141 00000EB7 53                  <1>     push bx
   142 00000EB8 1E                  <1>     push ds
   143 00000EB9 B84000              <1>     mov ax, BDA_SEG
   144 00000EBC 8ED8                <1>     mov ds, ax
   145 00000EBE A04900              <1>     mov al, [0x49]
   146 00000EC1 3C02                <1>     cmp al, 2
   147 00000EC3 7404                <1>     je .reset_supported
   148 00000EC5 3C03                <1>     cmp al, 3
   149 00000EC7 750F                <1>     jne .reset_abort
   150                              <1> .reset_supported:
   151 00000EC9 88C3                <1>     mov bl, al
   152 00000ECB 80CB80              <1>     or bl, 0x80                    ; BIOS mode-set "do not clear" convention
   153 00000ECE E884F2              <1>     call set_mode_internal
   154 00000ED1 1F                  <1>     pop ds
   155 00000ED2 5B                  <1>     pop bx
   156 00000ED3 58                  <1>     pop ax
   157 00000ED4 E8E400              <1>     call vga_load_user_font
   158 00000ED7 CF                  <1>     iret
   159                              <1> .reset_abort:
   160 00000ED8 1F                  <1>     pop ds
   161 00000ED9 5B                  <1>     pop bx
   162 00000EDA 58                  <1>     pop ax
   163 00000EDB CF                  <1>     iret
   164                              <1> 
   165                              <1> .user_alpha_after_mode:
   166 00000EDC E8DC00              <1>     call vga_load_user_font
   167 00000EDF E88202              <1>     call vga_recalculate_text_metrics
   168 00000EE2 CF                  <1>     iret
   169                              <1> 
   170                              <1> .rom_alpha_16:
   171 00000EE3 E84902              <1>     call vga_load_default_font
   172 00000EE6 CF                  <1>     iret
   173                              <1> 
   174                              <1> .rom_alpha_16_metrics:
   175 00000EE7 E84502              <1>     call vga_load_default_font
   176 00000EEA 53                  <1>     push bx
   177 00000EEB B710                <1>     mov bh, 16
   178 00000EED E87402              <1>     call vga_recalculate_text_metrics
   179 00000EF0 5B                  <1>     pop bx
   180 00000EF1 CF                  <1>     iret
   181                              <1> 
   182                              <1> .rom_graphics_16:
   183 00000EF2 E85B02              <1>     call vga_install_default_font_pointer
   184 00000EF5 53                  <1>     push bx
   185 00000EF6 B710                <1>     mov bh, 16
   186 00000EF8 E86902              <1>     call vga_recalculate_text_metrics
   187 00000EFB 5B                  <1>     pop bx
   188 00000EFC CF                  <1>     iret
   189                              <1> 
   190                              <1> .set_block:
   191 00000EFD 50                  <1>     push ax
   192 00000EFE 52                  <1>     push dx
   193 00000EFF BAC403              <1>     mov dx, 0x3C4
   194 00000F02 EC                  <1>     in al, dx
   195 00000F03 88C4                <1>     mov ah, al                     ; preserve Sequencer Address register
   196 00000F05 B003                <1>     mov al, 3
   197 00000F07 EE                  <1>     out dx, al
   198 00000F08 42                  <1>     inc dx
   199 00000F09 88D8                <1>     mov al, bl
   200 00000F0B 243F                <1>     and al, 0x3F                   ; six defined Character Map Select bits
   201 00000F0D EE                  <1>     out dx, al
   202 00000F0E 4A                  <1>     dec dx
   203 00000F0F 88E0                <1>     mov al, ah
   204 00000F11 EE                  <1>     out dx, al
   205 00000F12 5A                  <1>     pop dx
   206 00000F13 58                  <1>     pop ax
   207 00000F14 CF                  <1>     iret
   208                              <1> 
   209                              <1> .set_int1f:
   210 00000F15 50                  <1>     push ax
   211 00000F16 1E                  <1>     push ds
   212 00000F17 31C0                <1>     xor ax, ax
   213 00000F19 8ED8                <1>     mov ds, ax
   214 00000F1B 892E7C00            <1>     mov [0x1F*4], bp
   215 00000F1F 8CC0                <1>     mov ax, es
   216 00000F21 A37E00              <1>     mov [0x1F*4+2], ax
   217 00000F24 1F                  <1>     pop ds
   218 00000F25 58                  <1>     pop ax
   219 00000F26 CF                  <1>     iret
   220                              <1> 
   221                              <1> .set_int43:
   222 00000F27 50                  <1>     push ax
   223 00000F28 53                  <1>     push bx
   224 00000F29 1E                  <1>     push ds
   225                              <1> 
   226 00000F2A 31C0                <1>     xor ax, ax
   227 00000F2C 8ED8                <1>     mov ds, ax
   228 00000F2E 892E0C01            <1>     mov [0x43*4], bp
   229 00000F32 8CC0                <1>     mov ax, es
   230 00000F34 A30E01              <1>     mov [0x43*4+2], ax
   231                              <1> 
   232 00000F37 B84000              <1>     mov ax, BDA_SEG
   233 00000F3A 8ED8                <1>     mov ds, ax
   234 00000F3C 890E8500            <1>     mov [0x85], cx                 ; points / bytes per character
   235                              <1> 
   236                              <1>     ; BL row specifier: 0=user DL, 1=14, 2=25, 3=43 character rows.
   237 00000F40 80FB00              <1>     cmp bl, 0
   238 00000F43 7504                <1>     jne .rows_not_user
   239 00000F45 88D0                <1>     mov al, dl
   240 00000F47 EB19                <1>     jmp .have_rows
   241                              <1> .rows_not_user:
   242 00000F49 80FB01              <1>     cmp bl, 1
   243 00000F4C 7504                <1>     jne .rows_not_14
   244 00000F4E B00E                <1>     mov al, 14
   245 00000F50 EB10                <1>     jmp .have_rows
   246                              <1> .rows_not_14:
   247 00000F52 80FB02              <1>     cmp bl, 2
   248 00000F55 7504                <1>     jne .rows_not_25
   249 00000F57 B019                <1>     mov al, 25
   250 00000F59 EB07                <1>     jmp .have_rows
   251                              <1> .rows_not_25:
   252 00000F5B 80FB03              <1>     cmp bl, 3
   253 00000F5E 750B                <1>     jne .set43_done
   254 00000F60 B02B                <1>     mov al, 43
   255                              <1> .have_rows:
   256 00000F62 84C0                <1>     test al, al
   257 00000F64 7405                <1>     jz .set43_done
   258 00000F66 FEC8                <1>     dec al
   259 00000F68 A28400              <1>     mov [0x84], al                 ; BDA stores rows minus one
   260                              <1> .set43_done:
   261 00000F6B 1F                  <1>     pop ds
   262 00000F6C 5B                  <1>     pop bx
   263 00000F6D 58                  <1>     pop ax
   264 00000F6E CF                  <1>     iret
   265                              <1> 
   266                              <1> .get_info:
   267 00000F6F 80FF06              <1>     cmp bh, 6
   268 00000F72 7431                <1>     je .info_rom16
   269 00000F74 80FF01              <1>     cmp bh, 1
   270 00000F77 7741                <1>     ja .font_info_unsupported
   271 00000F79 50                  <1>     push ax
   272 00000F7A 1E                  <1>     push ds
   273 00000F7B 31C0                <1>     xor ax, ax
   274 00000F7D 8ED8                <1>     mov ds, ax
   275 00000F7F 84FF                <1>     test bh, bh
   276 00000F81 7509                <1>     jnz .info_int43
   277 00000F83 8B2E7C00            <1>     mov bp, [0x1F*4]
   278 00000F87 A17E00              <1>     mov ax, [0x1F*4+2]
   279 00000F8A EB07                <1>     jmp .info_pointer_ready
   280                              <1> .info_int43:
   281 00000F8C 8B2E0C01            <1>     mov bp, [0x43*4]
   282 00000F90 A10E01              <1>     mov ax, [0x43*4+2]
   283                              <1> .info_pointer_ready:
   284 00000F93 8EC0                <1>     mov es, ax
   285 00000F95 B84000              <1>     mov ax, BDA_SEG
   286 00000F98 8ED8                <1>     mov ds, ax
   287 00000F9A 8B0E8500            <1>     mov cx, [0x85]
   288 00000F9E 8A168400            <1>     mov dl, [0x84]
   289 00000FA2 1F                  <1>     pop ds
   290 00000FA3 58                  <1>     pop ax
   291 00000FA4 CF                  <1>     iret
   292                              <1> .info_rom16:
   293 00000FA5 50                  <1>     push ax
   294 00000FA6 1E                  <1>     push ds
   295 00000FA7 0E                  <1>     push cs
   296 00000FA8 07                  <1>     pop es
   297 00000FA9 BD[3E25]            <1>     mov bp, default_font_8x16
   297          ******************  <1>  warning: 16-bit absolute section-crossing relocation [-w+reloc-abs-word]
   298 00000FAC B91000              <1>     mov cx, 16
   299 00000FAF B84000              <1>     mov ax, BDA_SEG
   300 00000FB2 8ED8                <1>     mov ds, ax
   301 00000FB4 8A168400            <1>     mov dl, [0x84]
   302 00000FB8 1F                  <1>     pop ds
   303 00000FB9 58                  <1>     pop ax
   304                              <1> .font_info_unsupported:
   305 00000FBA CF                  <1>     iret
   306                              <1> 
   307                              <1> ; Load ES:BP user glyph data into VGA plane 2.
   308                              <1> ; Inputs are the documented AH=11h user-alpha parameters:
   309                              <1> ;   BH=bytes per character (1..32), BL=font block (0..7),
   310                              <1> ;   CX=count, DX=first character, ES:BP=source.
   311                              <1> vga_load_user_font:
   312 00000FBB 80FB07              <1>     cmp bl, 7
   313 00000FBE 7603E96B01          <1>     ja .load_return
   314 00000FC3 80FF01              <1>     cmp bh, 1
   315 00000FC6 7303E96301          <1>     jb .load_return
   316 00000FCB 80FF20              <1>     cmp bh, 32
   317 00000FCE 7603E95B01          <1>     ja .load_return
   318 00000FD3 85C9                <1>     test cx, cx
   319 00000FD5 7503E95401          <1>     jz .load_return
   320                              <1> 
   321 00000FDA 50                  <1>     push ax
   322 00000FDB 53                  <1>     push bx
   323 00000FDC 51                  <1>     push cx
   324 00000FDD 52                  <1>     push dx
   325 00000FDE 56                  <1>     push si
   326 00000FDF 57                  <1>     push di
   327 00000FE0 55                  <1>     push bp
   328 00000FE1 1E                  <1>     push ds
   329                              <1> 
   330 00000FE2 89CE                <1>     mov si, cx                     ; outer glyph count
   331                              <1> 
   332                              <1>     ; Font block N is the Nth 8-KiB region of VGA plane 2.
   333 00000FE4 31C0                <1>     xor ax, ax
   334 00000FE6 88D8                <1>     mov al, bl
   335 00000FE8 89C7                <1>     mov di, ax
   336 00000FEA C1E70D              <1>     shl di, 13
   337 00000FED 89D0                <1>     mov ax, dx
   338 00000FEF 25FF00              <1>     and ax, 0x00FF
   339 00000FF2 C1E005              <1>     shl ax, 5                      ; 32-byte slot per character
   340 00000FF5 01C7                <1>     add di, ax
   341                              <1> 
   342                              <1>     ; Save Misc Output RAM-enable state.
   343 00000FF7 BACC03              <1>     mov dx, 0x3CC
   344 00000FFA EC                  <1>     in al, dx
   345 00000FFB 30E4                <1>     xor ah, ah
   346 00000FFD 50                  <1>     push ax
   347 00000FFE 0C02                <1>     or al, 0x02
   348 00001000 BAC203              <1>     mov dx, 0x3C2
   349 00001003 EE                  <1>     out dx, al
   350                              <1> 
   351                              <1>     ; Save Sequencer index, Map Mask (02h), Memory Mode (04h).
   352 00001004 BAC403              <1>     mov dx, 0x3C4
   353 00001007 EC                  <1>     in al, dx
   354 00001008 30E4                <1>     xor ah, ah
   355 0000100A 50                  <1>     push ax
   356 0000100B B002                <1>     mov al, 2
   357 0000100D EE                  <1>     out dx, al
   358 0000100E 42                  <1>     inc dx
   359 0000100F EC                  <1>     in al, dx
   360 00001010 30E4                <1>     xor ah, ah
   361 00001012 50                  <1>     push ax
   362 00001013 4A                  <1>     dec dx
   363 00001014 B004                <1>     mov al, 4
   364 00001016 EE                  <1>     out dx, al
   365 00001017 42                  <1>     inc dx
   366 00001018 EC                  <1>     in al, dx
   367 00001019 30E4                <1>     xor ah, ah
   368 0000101B 50                  <1>     push ax
   369                              <1> 
   370                              <1>     ; Save Graphics index and all registers altered for raw plane-2 writes:
   371                              <1>     ; Enable Set/Reset, Data Rotate, Read Map, Mode, Miscellaneous and Bit Mask.
   372 0000101C 4A                  <1>     dec dx                          ; 03C4h, then move to Graphics Controller
   373 0000101D BACE03              <1>     mov dx, 0x3CE
   374 00001020 EC                  <1>     in al, dx
   375 00001021 30E4                <1>     xor ah, ah
   376 00001023 50                  <1>     push ax
   377 00001024 B001                <1>     mov al, 1
   378 00001026 EE                  <1>     out dx, al
   379 00001027 42                  <1>     inc dx
   380 00001028 EC                  <1>     in al, dx
   381 00001029 30E4                <1>     xor ah, ah
   382 0000102B 50                  <1>     push ax
   383 0000102C 4A                  <1>     dec dx
   384 0000102D B003                <1>     mov al, 3
   385 0000102F EE                  <1>     out dx, al
   386 00001030 42                  <1>     inc dx
   387 00001031 EC                  <1>     in al, dx
   388 00001032 30E4                <1>     xor ah, ah
   389 00001034 50                  <1>     push ax
   390 00001035 4A                  <1>     dec dx
   391 00001036 B004                <1>     mov al, 4
   392 00001038 EE                  <1>     out dx, al
   393 00001039 42                  <1>     inc dx
   394 0000103A EC                  <1>     in al, dx
   395 0000103B 30E4                <1>     xor ah, ah
   396 0000103D 50                  <1>     push ax
   397 0000103E 4A                  <1>     dec dx
   398 0000103F B005                <1>     mov al, 5
   399 00001041 EE                  <1>     out dx, al
   400 00001042 42                  <1>     inc dx
   401 00001043 EC                  <1>     in al, dx
   402 00001044 30E4                <1>     xor ah, ah
   403 00001046 50                  <1>     push ax
   404 00001047 4A                  <1>     dec dx
   405 00001048 B006                <1>     mov al, 6
   406 0000104A EE                  <1>     out dx, al
   407 0000104B 42                  <1>     inc dx
   408 0000104C EC                  <1>     in al, dx
   409 0000104D 30E4                <1>     xor ah, ah
   410 0000104F 50                  <1>     push ax
   411 00001050 4A                  <1>     dec dx
   412 00001051 B008                <1>     mov al, 8
   413 00001053 EE                  <1>     out dx, al
   414 00001054 42                  <1>     inc dx
   415 00001055 EC                  <1>     in al, dx
   416 00001056 30E4                <1>     xor ah, ah
   417 00001058 50                  <1>     push ax
   418                              <1> 
   419                              <1>     ; CPU writes map directly to plane 2 at A0000h.
   420 00001059 BAC403              <1>     mov dx, 0x3C4
   421 0000105C B002                <1>     mov al, 2
   422 0000105E EE                  <1>     out dx, al
   423 0000105F 42                  <1>     inc dx
   424 00001060 B004                <1>     mov al, 0x04
   425 00001062 EE                  <1>     out dx, al
   426 00001063 4A                  <1>     dec dx
   427 00001064 B004                <1>     mov al, 4
   428 00001066 EE                  <1>     out dx, al
   429 00001067 42                  <1>     inc dx
   430 00001068 B006                <1>     mov al, 0x06                   ; sequential addressing, extended memory
   431 0000106A EE                  <1>     out dx, al
   432                              <1> 
   433 0000106B BACE03              <1>     mov dx, 0x3CE
   434 0000106E B001                <1>     mov al, 1
   435 00001070 EE                  <1>     out dx, al
   436 00001071 42                  <1>     inc dx
   437 00001072 30C0                <1>     xor al, al                     ; disable Set/Reset
   438 00001074 EE                  <1>     out dx, al
   439 00001075 4A                  <1>     dec dx
   440 00001076 B003                <1>     mov al, 3
   441 00001078 EE                  <1>     out dx, al
   442 00001079 42                  <1>     inc dx
   443 0000107A 30C0                <1>     xor al, al                     ; rotate 0, replace
   444 0000107C EE                  <1>     out dx, al
   445 0000107D 4A                  <1>     dec dx
   446 0000107E B004                <1>     mov al, 4
   447 00001080 EE                  <1>     out dx, al
   448 00001081 42                  <1>     inc dx
   449 00001082 B002                <1>     mov al, 2                      ; read map plane 2
   450 00001084 EE                  <1>     out dx, al
   451 00001085 4A                  <1>     dec dx
   452 00001086 B005                <1>     mov al, 5
   453 00001088 EE                  <1>     out dx, al
   454 00001089 42                  <1>     inc dx
   455 0000108A 30C0                <1>     xor al, al                     ; read mode 0, write mode 0
   456 0000108C EE                  <1>     out dx, al
   457 0000108D 4A                  <1>     dec dx
   458 0000108E B006                <1>     mov al, 6
   459 00001090 EE                  <1>     out dx, al
   460 00001091 42                  <1>     inc dx
   461 00001092 B004                <1>     mov al, 0x04                   ; A0000h 64-KiB aperture
   462 00001094 EE                  <1>     out dx, al
   463 00001095 4A                  <1>     dec dx
   464 00001096 B008                <1>     mov al, 8
   465 00001098 EE                  <1>     out dx, al
   466 00001099 42                  <1>     inc dx
   467 0000109A B0FF                <1>     mov al, 0xFF
   468 0000109C EE                  <1>     out dx, al
   469                              <1> 
   470 0000109D B800A0              <1>     mov ax, VGA_SEG
   471 000010A0 8ED8                <1>     mov ds, ax
   472                              <1> .load_glyph:
   473 000010A2 85F6                <1>     test si, si
   474 000010A4 7419                <1>     jz .load_complete
   475 000010A6 31C9                <1>     xor cx, cx
   476 000010A8 88F9                <1>     mov cl, bh
   477                              <1> .load_row:
   478 000010AA 268A4600            <1>     mov al, [es:bp]
   479 000010AE 45                  <1>     inc bp
   480 000010AF 8805                <1>     mov [di], al
   481 000010B1 47                  <1>     inc di
   482 000010B2 E2F6                <1>     loop .load_row
   483 000010B4 31C0                <1>     xor ax, ax
   484 000010B6 B020                <1>     mov al, 32
   485 000010B8 28F8                <1>     sub al, bh
   486 000010BA 01C7                <1>     add di, ax                     ; skip unused rows in 32-byte glyph slot
   487 000010BC 4E                  <1>     dec si
   488 000010BD EBE3                <1>     jmp .load_glyph
   489                              <1> 
   490                              <1> .load_complete:
   491                              <1>     ; Restore Graphics registers in exact reverse order.
   492 000010BF BACE03              <1>     mov dx, 0x3CE
   493 000010C2 58                  <1>     pop ax                         ; GC08
   494 000010C3 88C4                <1>     mov ah, al
   495 000010C5 B008                <1>     mov al, 8
   496 000010C7 EE                  <1>     out dx, al
   497 000010C8 42                  <1>     inc dx
   498 000010C9 88E0                <1>     mov al, ah
   499 000010CB EE                  <1>     out dx, al
   500 000010CC 4A                  <1>     dec dx
   501 000010CD 58                  <1>     pop ax                         ; GC06
   502 000010CE 88C4                <1>     mov ah, al
   503 000010D0 B006                <1>     mov al, 6
   504 000010D2 EE                  <1>     out dx, al
   505 000010D3 42                  <1>     inc dx
   506 000010D4 88E0                <1>     mov al, ah
   507 000010D6 EE                  <1>     out dx, al
   508 000010D7 4A                  <1>     dec dx
   509 000010D8 58                  <1>     pop ax                         ; GC05
   510 000010D9 88C4                <1>     mov ah, al
   511 000010DB B005                <1>     mov al, 5
   512 000010DD EE                  <1>     out dx, al
   513 000010DE 42                  <1>     inc dx
   514 000010DF 88E0                <1>     mov al, ah
   515 000010E1 EE                  <1>     out dx, al
   516 000010E2 4A                  <1>     dec dx
   517 000010E3 58                  <1>     pop ax                         ; GC04
   518 000010E4 88C4                <1>     mov ah, al
   519 000010E6 B004                <1>     mov al, 4
   520 000010E8 EE                  <1>     out dx, al
   521 000010E9 42                  <1>     inc dx
   522 000010EA 88E0                <1>     mov al, ah
   523 000010EC EE                  <1>     out dx, al
   524 000010ED 4A                  <1>     dec dx
   525 000010EE 58                  <1>     pop ax                         ; GC03
   526 000010EF 88C4                <1>     mov ah, al
   527 000010F1 B003                <1>     mov al, 3
   528 000010F3 EE                  <1>     out dx, al
   529 000010F4 42                  <1>     inc dx
   530 000010F5 88E0                <1>     mov al, ah
   531 000010F7 EE                  <1>     out dx, al
   532 000010F8 4A                  <1>     dec dx
   533 000010F9 58                  <1>     pop ax                         ; GC01
   534 000010FA 88C4                <1>     mov ah, al
   535 000010FC B001                <1>     mov al, 1
   536 000010FE EE                  <1>     out dx, al
   537 000010FF 42                  <1>     inc dx
   538 00001100 88E0                <1>     mov al, ah
   539 00001102 EE                  <1>     out dx, al
   540 00001103 4A                  <1>     dec dx
   541 00001104 58                  <1>     pop ax                         ; saved GC index
   542 00001105 EE                  <1>     out dx, al
   543                              <1> 
   544                              <1>     ; Restore Sequencer Memory Mode, Map Mask and index.
   545 00001106 BAC403              <1>     mov dx, 0x3C4
   546 00001109 58                  <1>     pop ax                         ; SEQ04
   547 0000110A 88C4                <1>     mov ah, al
   548 0000110C B004                <1>     mov al, 4
   549 0000110E EE                  <1>     out dx, al
   550 0000110F 42                  <1>     inc dx
   551 00001110 88E0                <1>     mov al, ah
   552 00001112 EE                  <1>     out dx, al
   553 00001113 4A                  <1>     dec dx
   554 00001114 58                  <1>     pop ax                         ; SEQ02
   555 00001115 88C4                <1>     mov ah, al
   556 00001117 B002                <1>     mov al, 2
   557 00001119 EE                  <1>     out dx, al
   558 0000111A 42                  <1>     inc dx
   559 0000111B 88E0                <1>     mov al, ah
   560 0000111D EE                  <1>     out dx, al
   561 0000111E 4A                  <1>     dec dx
   562 0000111F 58                  <1>     pop ax                         ; saved Sequencer index
   563 00001120 EE                  <1>     out dx, al
   564                              <1> 
   565                              <1>     ; Restore Misc Output, including RAM Enable.
   566 00001121 58                  <1>     pop ax
   567 00001122 BAC203              <1>     mov dx, 0x3C2
   568 00001125 EE                  <1>     out dx, al
   569                              <1> 
   570 00001126 1F                  <1>     pop ds
   571 00001127 5D                  <1>     pop bp
   572 00001128 5F                  <1>     pop di
   573 00001129 5E                  <1>     pop si
   574 0000112A 5A                  <1>     pop dx
   575 0000112B 59                  <1>     pop cx
   576 0000112C 5B                  <1>     pop bx
   577 0000112D 58                  <1>     pop ax
   578                              <1> .load_return:
   579 0000112E C3                  <1>     ret
   580                              <1> 
   581                              <1> ; Install the option ROM's built-in 8x16 CP437 font through the same VGA
   582                              <1> ; plane-2 register path used by AH=11h caller-supplied fonts.  This is firmware
   583                              <1> ; behavior: the 86C928 device does not infer a mode transition or mutate font
   584                              <1> ; memory behind the guest's back.
   585                              <1> vga_load_default_font:
   586 0000112F 50                  <1>     push ax
   587 00001130 53                  <1>     push bx
   588 00001131 51                  <1>     push cx
   589 00001132 52                  <1>     push dx
   590 00001133 55                  <1>     push bp
   591 00001134 06                  <1>     push es
   592 00001135 0E                  <1>     push cs
   593 00001136 07                  <1>     pop es
   594 00001137 BD[3E25]            <1>     mov bp, default_font_8x16
   594          ******************  <1>  warning: 16-bit absolute section-crossing relocation [-w+reloc-abs-word]
   595 0000113A B710                <1>     mov bh, 16
   596 0000113C 30DB                <1>     xor bl, bl
   597 0000113E B90001              <1>     mov cx, 256
   598 00001141 31D2                <1>     xor dx, dx
   599 00001143 E875FE              <1>     call vga_load_user_font
   600 00001146 E80700              <1>     call vga_install_default_font_pointer
   601 00001149 07                  <1>     pop es
   602 0000114A 5D                  <1>     pop bp
   603 0000114B 5A                  <1>     pop dx
   604 0000114C 59                  <1>     pop cx
   605 0000114D 5B                  <1>     pop bx
   606 0000114E 58                  <1>     pop ax
   607 0000114F C3                  <1>     ret
   608                              <1> 
   609                              <1> vga_install_default_font_pointer:
   610 00001150 50                  <1>     push ax
   611 00001151 1E                  <1>     push ds
   612 00001152 31C0                <1>     xor ax, ax
   613 00001154 8ED8                <1>     mov ds, ax
   614 00001156 C7060C01[3E25]      <1>     mov word [0x43*4], default_font_8x16
   614          ******************  <1>  warning: 16-bit absolute section-crossing relocation [-w+reloc-abs-word]
   615 0000115C 8CC8                <1>     mov ax, cs
   616 0000115E A30E01              <1>     mov [0x43*4+2], ax
   617 00001161 1F                  <1>     pop ds
   618 00001162 58                  <1>     pop ax
   619 00001163 C3                  <1>     ret
   620                              <1> 
   621                              <1> ; AL=10h post-mode-set text-font calls must update text metrics and the
   622                              <1> ; documented subset of CRTC registers to match BH points per character.
   623                              <1> vga_recalculate_text_metrics:
   624 00001164 80FF01              <1>     cmp bh, 1
   625 00001167 7303E9C200          <1>     jb .metrics_return
   626 0000116C 80FF20              <1>     cmp bh, 32
   627 0000116F 7603E9BA00          <1>     ja .metrics_return
   628 00001174 50                  <1>     push ax
   629 00001175 53                  <1>     push bx
   630 00001176 51                  <1>     push cx
   631 00001177 52                  <1>     push dx
   632 00001178 56                  <1>     push si
   633 00001179 1E                  <1>     push ds
   634                              <1> 
   635 0000117A 89DE                <1>     mov si, bx
   636 0000117C C1EE08              <1>     shr si, 8                      ; SI = points / bytes per character
   637                              <1> 
   638 0000117F B84000              <1>     mov ax, BDA_SEG
   639 00001182 8ED8                <1>     mov ds, ax
   640 00001184 A04900              <1>     mov al, [0x49]
   641 00001187 3C02                <1>     cmp al, 2
   642 00001189 7407                <1>     je .metrics_text
   643 0000118B 3C03                <1>     cmp al, 3
   644 0000118D 7403E99600          <1>     jne .metrics_done
   645                              <1> .metrics_text:
   646 00001192 89F0                <1>     mov ax, si
   647 00001194 A38500              <1>     mov [0x85], ax
   648                              <1> 
   649                              <1>     ; Select the current programmed scan-line family from VGA BDA 40:89.
   650 00001197 B85E01              <1>     mov ax, 350
   651 0000119A F606890080          <1>     test byte [0x89], 0x80
   652 0000119F 7405                <1>     jz .metrics_not_200
   653 000011A1 B8C800              <1>     mov ax, 200
   654 000011A4 EB0A                <1>     jmp .metrics_have_scanlines
   655                              <1> .metrics_not_200:
   656 000011A6 F606890010          <1>     test byte [0x89], 0x10
   657 000011AB 7403                <1>     jz .metrics_have_scanlines
   658 000011AD B89001              <1>     mov ax, 400
   659                              <1> .metrics_have_scanlines:
   660 000011B0 31D2                <1>     xor dx, dx
   661 000011B2 89F1                <1>     mov cx, si
   662 000011B4 F7F1                <1>     div cx                          ; AX = whole character rows
   663 000011B6 85C0                <1>     test ax, ax
   664 000011B8 746E                <1>     jz .metrics_done
   665 000011BA 89C3                <1>     mov bx, ax                     ; BX = row count
   666 000011BC 48                  <1>     dec ax
   667 000011BD A28400              <1>     mov [0x84], al                 ; rows minus one
   668                              <1> 
   669 000011C0 89D8                <1>     mov ax, bx
   670 000011C2 F7264A00            <1>     mul word [0x4A]                ; rows * columns
   671 000011C6 D1E0                <1>     shl ax, 1
   672 000011C8 A34C00              <1>     mov [0x4C], ax                 ; regeneration-buffer page length
   673 000011CB C7064E000000        <1>     mov word [0x4E], 0
   674 000011D1 C606620000          <1>     mov byte [0x62], 0             ; page 0 active
   675                              <1> 
   676                              <1>     ; CRTC text geometry.  Preserve unrelated timing/overflow state.
   677 000011D6 8B166300            <1>     mov dx, [0x63]
   678 000011DA B009                <1>     mov al, 0x09
   679 000011DC EE                  <1>     out dx, al
   680 000011DD 42                  <1>     inc dx
   681 000011DE 89F0                <1>     mov ax, si
   682 000011E0 FEC8                <1>     dec al
   683 000011E2 EE                  <1>     out dx, al
   684                              <1> 
   685 000011E3 4A                  <1>     dec dx
   686 000011E4 B00A                <1>     mov al, 0x0A
   687 000011E6 EE                  <1>     out dx, al
   688 000011E7 42                  <1>     inc dx
   689 000011E8 89F0                <1>     mov ax, si
   690 000011EA 2C02                <1>     sub al, 2
   691 000011EC EE                  <1>     out dx, al
   692                              <1> 
   693 000011ED 4A                  <1>     dec dx
   694 000011EE B00B                <1>     mov al, 0x0B
   695 000011F0 EE                  <1>     out dx, al
   696 000011F1 42                  <1>     inc dx
   697 000011F2 89F0                <1>     mov ax, si
   698 000011F4 FEC8                <1>     dec al
   699 000011F6 EE                  <1>     out dx, al
   700                              <1> 
   701                              <1>     ; Store/get-cursor uses the BIOS CH=start, CL=end representation.
   702 000011F7 89F0                <1>     mov ax, si
   703 000011F9 2C02                <1>     sub al, 2
   704 000011FB 88C5                <1>     mov ch, al
   705 000011FD 89F0                <1>     mov ax, si
   706 000011FF FEC8                <1>     dec al
   707 00001201 88C1                <1>     mov cl, al
   708 00001203 890E6000            <1>     mov [0x60], cx
   709                              <1> 
   710                              <1>     ; Vertical Display End low byte = rows * points - 1.
   711 00001207 89D8                <1>     mov ax, bx
   712 00001209 89F1                <1>     mov cx, si
   713 0000120B F7E1                <1>     mul cx
   714 0000120D 48                  <1>     dec ax
   715 0000120E 88C1                <1>     mov cl, al
   716 00001210 4A                  <1>     dec dx                          ; CRTC index port
   717 00001211 B012                <1>     mov al, 0x12
   718 00001213 EE                  <1>     out dx, al
   719 00001214 42                  <1>     inc dx
   720 00001215 88C8                <1>     mov al, cl
   721 00001217 EE                  <1>     out dx, al
   722                              <1> 
   723                              <1>     ; Active-page start address is zero after the post-mode-set service.
   724 00001218 4A                  <1>     dec dx
   725 00001219 B00C                <1>     mov al, 0x0C
   726 0000121B EE                  <1>     out dx, al
   727 0000121C 42                  <1>     inc dx
   728 0000121D 30C0                <1>     xor al, al
   729 0000121F EE                  <1>     out dx, al
   730 00001220 4A                  <1>     dec dx
   731 00001221 B00D                <1>     mov al, 0x0D
   732 00001223 EE                  <1>     out dx, al
   733 00001224 42                  <1>     inc dx
   734 00001225 30C0                <1>     xor al, al
   735 00001227 EE                  <1>     out dx, al
   736                              <1> .metrics_done:
   737 00001228 1F                  <1>     pop ds
   738 00001229 5E                  <1>     pop si
   739 0000122A 5A                  <1>     pop dx
   740 0000122B 59                  <1>     pop cx
   741 0000122C 5B                  <1>     pop bx
   742 0000122D 58                  <1>     pop ax
   743                              <1> .metrics_return:
   744 0000122E C3                  <1>     ret
   745                              <1> 
   746                              <1> ; ---------------------------------------------------------------------------
   747                              <1> ; INT 10h AH=12h - EGA/VGA alternate functions implemented by this adapter.
   748                              <1> ; Unsupported subfunctions deliberately return without fabricating success.
   749                              <1> ; BL=30h is withheld until authentic 200/350/400 text timing + ROM-font
   750                              <1> ; selection exists; recording a BDA preference without honoring it on mode set
   751                              <1> ; would be a compatibility shortcut, not an implementation.
   752                              <1> ; ---------------------------------------------------------------------------
   753                              <1> pcb1v_video_alt_functions:
   754 0000122F 80FB10              <1>     cmp bl, 0x10
   755 00001232 7410                <1>     je .configuration
   756 00001234 80FB31              <1>     cmp bl, 0x31
   757 00001237 7414                <1>     je .default_palette
   758 00001239 80FB32              <1>     cmp bl, 0x32
   759 0000123C 7431                <1>     je .video_addressing
   760 0000123E 80FB36              <1>     cmp bl, 0x36
   761 00001241 744B                <1>     je .screen_control
   762 00001243 CF                  <1>     iret
   763                              <1> 
   764                              <1> .configuration:
   765 00001244 30FF                <1>     xor bh, bh                      ; color VGA / no feature connector
   766 00001246 B303                <1>     mov bl, 3                       ; 256-KiB-or-more standard VGA memory class
   767 00001248 30ED                <1>     xor ch, ch
   768 0000124A B103                <1>     mov cl, 3
   769 0000124C CF                  <1>     iret
   770                              <1> 
   771                              <1> .default_palette:
   772 0000124D 3C01                <1>     cmp al, 1
   773 0000124F 7768                <1>     ja .unsupported
   774 00001251 50                  <1>     push ax
   775 00001252 1E                  <1>     push ds
   776 00001253 88C4                <1>     mov ah, al
   777 00001255 B84000              <1>     mov ax, BDA_SEG
   778 00001258 8ED8                <1>     mov ds, ax
   779 0000125A 84E4                <1>     test ah, ah
   780 0000125C 7507                <1>     jnz .disable_palette
   781 0000125E 80268900F7          <1>     and byte [0x89], 0xF7          ; enable default palette loading
   782 00001263 EB05                <1>     jmp .palette_done
   783                              <1> .disable_palette:
   784 00001265 800E890008          <1>     or byte [0x89], 0x08           ; suppress default palette on later mode sets
   785                              <1> .palette_done:
   786 0000126A 1F                  <1>     pop ds
   787 0000126B 58                  <1>     pop ax
   788 0000126C B012                <1>     mov al, 0x12
   789 0000126E CF                  <1>     iret
   790                              <1> 
   791                              <1> .video_addressing:
   792 0000126F 3C01                <1>     cmp al, 1
   793 00001271 7746                <1>     ja .unsupported
   794 00001273 50                  <1>     push ax
   795 00001274 52                  <1>     push dx
   796 00001275 88C4                <1>     mov ah, al
   797 00001277 BACC03              <1>     mov dx, 0x3CC                  ; Miscellaneous Output read port
   798 0000127A EC                  <1>     in al, dx
   799 0000127B 84E4                <1>     test ah, ah
   800 0000127D 7504                <1>     jnz .disable_addressing
   801 0000127F 0C02                <1>     or al, 0x02                    ; enable CPU video-memory decode
   802 00001281 EB02                <1>     jmp .write_misc
   803                              <1> .disable_addressing:
   804 00001283 24FD                <1>     and al, 0xFD
   805                              <1> .write_misc:
   806 00001285 BAC203              <1>     mov dx, 0x3C2                  ; Miscellaneous Output write port
   807 00001288 EE                  <1>     out dx, al
   808 00001289 5A                  <1>     pop dx
   809 0000128A 58                  <1>     pop ax
   810 0000128B B012                <1>     mov al, 0x12
   811 0000128D CF                  <1>     iret
   812                              <1> 
   813                              <1> .screen_control:
   814 0000128E 3C01                <1>     cmp al, 1
   815 00001290 7727                <1>     ja .unsupported
   816 00001292 50                  <1>     push ax
   817 00001293 53                  <1>     push bx
   818 00001294 52                  <1>     push dx
   819 00001295 88C4                <1>     mov ah, al
   820 00001297 BAC003              <1>     mov dx, 0x3C0
   821 0000129A EC                  <1>     in al, dx                      ; current AC index + PAS bit on VGA
   822 0000129B 88C3                <1>     mov bl, al
   823 0000129D 84E4                <1>     test ah, ah
   824 0000129F 7505                <1>     jnz .screen_off
   825 000012A1 80CB20              <1>     or bl, 0x20
   826 000012A4 EB03                <1>     jmp .screen_write
   827                              <1> .screen_off:
   828 000012A6 80E3DF              <1>     and bl, 0xDF
   829                              <1> .screen_write:
   830 000012A9 BADA03              <1>     mov dx, 0x3DA
   831 000012AC EC                  <1>     in al, dx                      ; reset AC flip-flop to index phase
   832 000012AD BAC003              <1>     mov dx, 0x3C0
   833 000012B0 88D8                <1>     mov al, bl
   834 000012B2 EE                  <1>     out dx, al
   835 000012B3 5A                  <1>     pop dx
   836 000012B4 5B                  <1>     pop bx
   837 000012B5 58                  <1>     pop ax
   838 000012B6 B012                <1>     mov al, 0x12
   839 000012B8 CF                  <1>     iret
   840                              <1> .unsupported:
   841 000012B9 CF                  <1>     iret
   842                              <1> 
   843                              <1> ; ---------------------------------------------------------------------------
   844                              <1> ; INT 10h AH=1Bh - VGA functionality/state information.
   845                              <1> ; BX must be 0000h.  ES:DI points to the 64-byte state buffer.
   846                              <1> ; ---------------------------------------------------------------------------
   847                              <1> pcb1v_video_state_info:
   848 000012BA 83FB00              <1>     cmp bx, 0
   849 000012BD 7403E94502          <1>     jne .unsupported
   850 000012C2 53                  <1>     push bx
   851 000012C3 51                  <1>     push cx
   852 000012C4 52                  <1>     push dx
   853 000012C5 56                  <1>     push si
   854 000012C6 57                  <1>     push di
   855 000012C7 1E                  <1>     push ds
   856                              <1> 
   857 000012C8 89FE                <1>     mov si, di
   858 000012CA 31C0                <1>     xor ax, ax
   859 000012CC B92000              <1>     mov cx, 32
   860 000012CF FC                  <1>     cld
   861 000012D0 F3AB                <1>     rep stosw                       ; zero all reserved/unsupported fields
   862 000012D2 89F7                <1>     mov di, si
   863                              <1> 
   864 000012D4 26C705[1919]        <1>     mov word [es:di+0x00], video_static_functionality
   864          ******************  <1>  warning: 16-bit absolute section-crossing relocation [-w+reloc-abs-word]
   865 000012D9 268C4D02            <1>     mov word [es:di+0x02], cs
   866                              <1> 
   867 000012DD B84000              <1>     mov ax, BDA_SEG
   868 000012E0 8ED8                <1>     mov ds, ax
   869 000012E2 A04900              <1>     mov al, [0x49]
   870 000012E5 26884504            <1>     mov [es:di+0x04], al
   871 000012E9 A14A00              <1>     mov ax, [0x4A]
   872 000012EC 26894505            <1>     mov [es:di+0x05], ax
   873 000012F0 A14C00              <1>     mov ax, [0x4C]
   874 000012F3 26894507            <1>     mov [es:di+0x07], ax
   875 000012F7 A14E00              <1>     mov ax, [0x4E]
   876 000012FA 26894509            <1>     mov [es:di+0x09], ax
   877                              <1> 
   878 000012FE 56                  <1>     push si
   879 000012FF 57                  <1>     push di
   880 00001300 BE5000              <1>     mov si, 0x50
   881 00001303 83C70B              <1>     add di, 0x0B
   882 00001306 B90800              <1>     mov cx, 8
   883                              <1> .copy_cursors:
   884 00001309 8B04                <1>     mov ax, [si]
   885 0000130B 268905              <1>     mov [es:di], ax
   886 0000130E 83C602              <1>     add si, 2
   887 00001311 83C702              <1>     add di, 2
   888 00001314 E2F3                <1>     loop .copy_cursors
   889 00001316 5F                  <1>     pop di
   890 00001317 5E                  <1>     pop si
   891                              <1> 
   892 00001318 A16000              <1>     mov ax, [0x60]
   893 0000131B 2689451B            <1>     mov [es:di+0x1B], ax
   894 0000131F A06200              <1>     mov al, [0x62]
   895 00001322 2688451D            <1>     mov [es:di+0x1D], al
   896 00001326 A16300              <1>     mov ax, [0x63]
   897 00001329 2689451E            <1>     mov [es:di+0x1E], ax
   898 0000132D A06500              <1>     mov al, [0x65]
   899 00001330 26884520            <1>     mov [es:di+0x20], al
   900 00001334 A06600              <1>     mov al, [0x66]
   901 00001337 26884521            <1>     mov [es:di+0x21], al
   902 0000133B A08400              <1>     mov al, [0x84]
   903 0000133E 26884522            <1>     mov [es:di+0x22], al
   904 00001342 A18500              <1>     mov ax, [0x85]
   905 00001345 26894523            <1>     mov [es:di+0x23], ax
   906 00001349 26C6452508          <1>     mov byte [es:di+0x25], 0x08     ; active DCC: VGA color analog
   907 0000134E 26C6452600          <1>     mov byte [es:di+0x26], 0x00
   908                              <1> 
   909 00001353 A04900              <1>     mov al, [0x49]
   910 00001356 3C04                <1>     cmp al, 4
   911 00001358 7234                <1>     jb .info_text
   912 0000135A 3C05                <1>     cmp al, 5
   913 0000135C 7643                <1>     jbe .info_cga4
   914 0000135E 3C06                <1>     cmp al, 6
   915 00001360 7452                <1>     je .info_cga2
   916 00001362 3C07                <1>     cmp al, 7
   917 00001364 7428                <1>     je .info_text
   918 00001366 3C0D                <1>     cmp al, 0x0D
   919 00001368 745C                <1>     je .info_mode0d
   920 0000136A 3C0E                <1>     cmp al, 0x0E
   921 0000136C 746A                <1>     je .info_mode0e
   922 0000136E 3C0F                <1>     cmp al, 0x0F
   923 00001370 7478                <1>     je .info_mode0f
   924 00001372 3C10                <1>     cmp al, 0x10
   925 00001374 7503E98300          <1>     je .info_mode10
   926 00001379 3C11                <1>     cmp al, 0x11
   927 0000137B 7503E98E00          <1>     je .info_mode11
   928 00001380 3C12                <1>     cmp al, 0x12
   929 00001382 7503E99900          <1>     je .info_mode12
   930 00001387 3C13                <1>     cmp al, 0x13
   931 00001389 7503E9A400          <1>     je .info_mode13
   932                              <1> .info_text:
   933 0000138E 26C745271000        <1>     mov word [es:di+0x27], 16
   934 00001394 26C6452908          <1>     mov byte [es:di+0x29], 8
   935 00001399 26C6452A02          <1>     mov byte [es:di+0x2A], 2        ; 400 scan lines
   936 0000139E E9A100              <1>     jmp .mode_fields_done
   937                              <1> .info_cga4:
   938 000013A1 26C745270400        <1>     mov word [es:di+0x27], 4
   939 000013A7 26C6452901          <1>     mov byte [es:di+0x29], 1
   940 000013AC 26C6452A00          <1>     mov byte [es:di+0x2A], 0        ; 200 scan lines
   941 000013B1 E98E00              <1>     jmp .mode_fields_done
   942                              <1> .info_cga2:
   943 000013B4 26C745270200        <1>     mov word [es:di+0x27], 2
   944 000013BA 26C6452901          <1>     mov byte [es:di+0x29], 1
   945 000013BF 26C6452A00          <1>     mov byte [es:di+0x2A], 0
   946 000013C4 EB7C                <1>     jmp .mode_fields_done
   947                              <1> .info_mode0d:
   948 000013C6 26C745271000        <1>     mov word [es:di+0x27], 16
   949 000013CC 26C6452908          <1>     mov byte [es:di+0x29], 8
   950 000013D1 26C6452A00          <1>     mov byte [es:di+0x2A], 0
   951 000013D6 EB6A                <1>     jmp .mode_fields_done
   952                              <1> .info_mode0e:
   953 000013D8 26C745271000        <1>     mov word [es:di+0x27], 16
   954 000013DE 26C6452904          <1>     mov byte [es:di+0x29], 4
   955 000013E3 26C6452A00          <1>     mov byte [es:di+0x2A], 0
   956 000013E8 EB58                <1>     jmp .mode_fields_done
   957                              <1> .info_mode0f:
   958 000013EA 26C745270200        <1>     mov word [es:di+0x27], 2
   959 000013F0 26C6452902          <1>     mov byte [es:di+0x29], 2
   960 000013F5 26C6452A01          <1>     mov byte [es:di+0x2A], 1        ; 350 scan lines
   961 000013FA EB46                <1>     jmp .mode_fields_done
   962                              <1> .info_mode10:
   963 000013FC 26C745271000        <1>     mov word [es:di+0x27], 16
   964 00001402 26C6452902          <1>     mov byte [es:di+0x29], 2
   965 00001407 26C6452A01          <1>     mov byte [es:di+0x2A], 1
   966 0000140C EB34                <1>     jmp .mode_fields_done
   967                              <1> .info_mode11:
   968 0000140E 26C745270200        <1>     mov word [es:di+0x27], 2
   969 00001414 26C6452901          <1>     mov byte [es:di+0x29], 1
   970 00001419 26C6452A03          <1>     mov byte [es:di+0x2A], 3
   971 0000141E EB22                <1>     jmp .mode_fields_done
   972                              <1> .info_mode12:
   973 00001420 26C745271000        <1>     mov word [es:di+0x27], 16
   974 00001426 26C6452901          <1>     mov byte [es:di+0x29], 1
   975 0000142B 26C6452A03          <1>     mov byte [es:di+0x2A], 3        ; 480 scan lines
   976 00001430 EB10                <1>     jmp .mode_fields_done
   977                              <1> .info_mode13:
   978 00001432 26C745270001        <1>     mov word [es:di+0x27], 256
   979 00001438 26C6452901          <1>     mov byte [es:di+0x29], 1
   980 0000143D 26C6452A00          <1>     mov byte [es:di+0x2A], 0        ; 200 scan lines
   981                              <1> .mode_fields_done:
   982                              <1> 
   983                              <1>     ; Decode sequencer character-map select into primary/secondary 0..7 blocks.
   984                              <1>     ; Preserve the caller-visible Sequencer Address register while probing 03h.
   985 00001442 BAC403              <1>     mov dx, 0x3C4
   986 00001445 EC                  <1>     in al, dx
   987 00001446 88C5                <1>     mov ch, al
   988 00001448 B003                <1>     mov al, 3
   989 0000144A EE                  <1>     out dx, al
   990 0000144B 42                  <1>     inc dx
   991 0000144C EC                  <1>     in al, dx
   992 0000144D 88C4                <1>     mov ah, al
   993                              <1>     ; Primary map number F2:F1:F0 = SR3 bits 1:0:4.
   994 0000144F 88E0                <1>     mov al, ah
   995 00001451 2402                <1>     and al, 0x02
   996 00001453 D0E0                <1>     shl al, 1                       ; SR3 bit1 -> result bit2
   997 00001455 88E3                <1>     mov bl, ah
   998 00001457 80E301              <1>     and bl, 0x01
   999 0000145A D0E3                <1>     shl bl, 1                       ; SR3 bit0 -> result bit1
  1000 0000145C 08D8                <1>     or al, bl
  1001 0000145E 88E3                <1>     mov bl, ah
  1002 00001460 80E310              <1>     and bl, 0x10
  1003 00001463 D0EB                <1>     shr bl, 1
  1004 00001465 D0EB                <1>     shr bl, 1
  1005 00001467 D0EB                <1>     shr bl, 1
  1006 00001469 D0EB                <1>     shr bl, 1                       ; SR3 bit4 -> result bit0
  1007 0000146B 08D8                <1>     or al, bl
  1008 0000146D 2688452B            <1>     mov [es:di+0x2B], al
  1009                              <1> 
  1010                              <1>     ; Secondary map number F2:F1:F0 = SR3 bits 3:2:5.
  1011 00001471 88E0                <1>     mov al, ah
  1012 00001473 2408                <1>     and al, 0x08
  1013 00001475 D0E8                <1>     shr al, 1                       ; SR3 bit3 -> result bit2
  1014 00001477 88E3                <1>     mov bl, ah
  1015 00001479 80E304              <1>     and bl, 0x04
  1016 0000147C D0EB                <1>     shr bl, 1                       ; SR3 bit2 -> result bit1
  1017 0000147E 08D8                <1>     or al, bl
  1018 00001480 88E3                <1>     mov bl, ah
  1019 00001482 80E320              <1>     and bl, 0x20
  1020 00001485 D0EB                <1>     shr bl, 1
  1021 00001487 D0EB                <1>     shr bl, 1
  1022 00001489 D0EB                <1>     shr bl, 1
  1023 0000148B D0EB                <1>     shr bl, 1
  1024 0000148D D0EB                <1>     shr bl, 1                       ; SR3 bit5 -> result bit0
  1025 0000148F 08D8                <1>     or al, bl
  1026 00001491 2688452C            <1>     mov [es:di+0x2C], al
  1027 00001495 4A                  <1>     dec dx                          ; back to 03C4h
  1028 00001496 88E8                <1>     mov al, ch
  1029 00001498 EE                  <1>     out dx, al                      ; restore original Sequencer index
  1030                              <1> 
  1031                              <1>     ; Dynamic miscellaneous state flags.  Only state we genuinely maintain is
  1032                              <1>     ; reported; unsupported capability flags remain zero.
  1033 00001499 30DB                <1>     xor bl, bl
  1034 0000149B A08700              <1>     mov al, [0x87]
  1035 0000149E A801                <1>     test al, 1                      ; bit0=1 inhibits cursor emulation
  1036 000014A0 7503                <1>     jnz .no_cursor_emulation
  1037 000014A2 80CB10              <1>     or bl, 0x10                    ; report emulation when bit0 is clear
  1038                              <1> .no_cursor_emulation:
  1039 000014A5 A08900              <1>     mov al, [0x89]
  1040 000014A8 A808                <1>     test al, 0x08
  1041 000014AA 7403                <1>     jz .palette_enabled
  1042 000014AC 80CB08              <1>     or bl, 0x08
  1043                              <1> .palette_enabled:
  1044 000014AF A802                <1>     test al, 0x02
  1045 000014B1 7403                <1>     jz .not_gray
  1046 000014B3 80CB02              <1>     or bl, 0x02
  1047                              <1> .not_gray:
  1048                              <1> 
  1049                              <1>     ; Attribute Mode Control bit3 selects blink vs background intensity.
  1050 000014B6 8B166300            <1>     mov dx, [0x63]
  1051 000014BA 83C206              <1>     add dx, 6
  1052 000014BD EC                  <1>     in al, dx
  1053 000014BE BAC003              <1>     mov dx, 0x3C0
  1054 000014C1 EC                  <1>     in al, dx
  1055 000014C2 88C7                <1>     mov bh, al                      ; preserve AC index/PAS
  1056 000014C4 8B166300            <1>     mov dx, [0x63]
  1057 000014C8 83C206              <1>     add dx, 6
  1058 000014CB EC                  <1>     in al, dx
  1059 000014CC BAC003              <1>     mov dx, 0x3C0
  1060 000014CF B030                <1>     mov al, 0x30
  1061 000014D1 EE                  <1>     out dx, al
  1062 000014D2 BAC103              <1>     mov dx, 0x3C1
  1063 000014D5 EC                  <1>     in al, dx
  1064 000014D6 A808                <1>     test al, 0x08
  1065 000014D8 7403                <1>     jz .no_blink
  1066 000014DA 80CB20              <1>     or bl, 0x20
  1067                              <1> .no_blink:
  1068 000014DD 8B166300            <1>     mov dx, [0x63]
  1069 000014E1 83C206              <1>     add dx, 6
  1070 000014E4 EC                  <1>     in al, dx
  1071 000014E5 BAC003              <1>     mov dx, 0x3C0
  1072 000014E8 88F8                <1>     mov al, bh
  1073 000014EA EE                  <1>     out dx, al
  1074                              <1> 
  1075 000014EB 26885D2D            <1>     mov [es:di+0x2D], bl
  1076 000014EF 26C6453103          <1>     mov byte [es:di+0x31], 3        ; standard VGA 256-KiB-or-more memory class
  1077 000014F4 26C6453200          <1>     mov byte [es:di+0x32], 0        ; no active dynamic override table
  1078 000014F9 26C6453304          <1>     mov byte [es:di+0x33], 0x04     ; color display, no unsupported status bits
  1079                              <1> 
  1080 000014FE 1F                  <1>     pop ds
  1081 000014FF 5F                  <1>     pop di
  1082 00001500 5E                  <1>     pop si
  1083 00001501 5A                  <1>     pop dx
  1084 00001502 59                  <1>     pop cx
  1085 00001503 5B                  <1>     pop bx
  1086 00001504 B01B                <1>     mov al, 0x1B
  1087 00001506 CF                  <1>     iret
  1088                              <1> .unsupported:
  1089 00001507 30C0                <1>     xor al, al
  1090 00001509 CF                  <1>     iret
  1091                              <1> 
  1092                              <1> ; ---------------------------------------------------------------------------
  1093                              <1> ; INT 10h AH=1Ch - IBM VGA save/restore state.
  1094                              <1> ;
  1095                              <1> ; Header is 20h bytes.  It contains word offsets to the selected sections:
  1096                              <1> ; +00 hardware, +02 BIOS data, +04 DAC/color; remaining header words zero.
  1097                              <1> ; ---------------------------------------------------------------------------
  1098                              <1> pcb1v_video_save_restore:
  1099 0000150A 3C00                <1>     cmp al, 0
  1100 0000150C 740C                <1>     je .size
  1101 0000150E 3C01                <1>     cmp al, 1
  1102 00001510 743F                <1>     je .save
  1103 00001512 3C02                <1>     cmp al, 2
  1104 00001514 7503E99300          <1>     je .restore
  1105 00001519 CF                  <1>     iret
  1106                              <1> 
  1107                              <1> .size:
  1108 0000151A 51                  <1>     push cx
  1109 0000151B 52                  <1>     push dx
  1110 0000151C 89CA                <1>     mov dx, cx
  1111 0000151E BB2000              <1>     mov bx, VGA_STATE_HEADER
  1112 00001521 F7C20100            <1>     test dx, 1
  1113 00001525 7403                <1>     jz .size_no_hw
  1114 00001527 83C346              <1>     add bx, VGA_HW_STATE_SIZE
  1115                              <1> .size_no_hw:
  1116 0000152A F7C20200            <1>     test dx, 2
  1117 0000152E 7403                <1>     jz .size_no_bda
  1118 00001530 83C360              <1>     add bx, VGA_BDA_STATE_SIZE
  1119                              <1> .size_no_bda:
  1120 00001533 F7C20400            <1>     test dx, 4
  1121 00001537 7404                <1>     jz .size_no_dac
  1122 00001539 81C30403            <1>     add bx, VGA_DAC_STATE_SIZE
  1123                              <1> .size_no_dac:
  1124 0000153D 83C33F              <1>     add bx, 63
  1125 00001540 D1EB                <1>     shr bx, 1
  1126 00001542 D1EB                <1>     shr bx, 1
  1127 00001544 D1EB                <1>     shr bx, 1
  1128 00001546 D1EB                <1>     shr bx, 1
  1129 00001548 D1EB                <1>     shr bx, 1
  1130 0000154A D1EB                <1>     shr bx, 1
  1131 0000154C 5A                  <1>     pop dx
  1132 0000154D 59                  <1>     pop cx
  1133 0000154E B01C                <1>     mov al, 0x1C
  1134 00001550 CF                  <1>     iret
  1135                              <1> 
  1136                              <1> .save:
  1137 00001551 53                  <1>     push bx
  1138 00001552 51                  <1>     push cx
  1139 00001553 52                  <1>     push dx
  1140 00001554 56                  <1>     push si
  1141 00001555 57                  <1>     push di
  1142 00001556 55                  <1>     push bp
  1143 00001557 1E                  <1>     push ds
  1144 00001558 89DD                <1>     mov bp, bx                      ; buffer base
  1145 0000155A 89CE                <1>     mov si, cx                      ; requested-state mask
  1146                              <1> 
  1147 0000155C 89DF                <1>     mov di, bx
  1148 0000155E 31C0                <1>     xor ax, ax
  1149 00001560 B91000              <1>     mov cx, 16
  1150 00001563 FC                  <1>     cld
  1151 00001564 F3AB                <1>     rep stosw                       ; clear 20h-byte header
  1152 00001566 BA2000              <1>     mov dx, VGA_STATE_HEADER        ; next section offset
  1153                              <1> 
  1154 00001569 F7C60100            <1>     test si, 1
  1155 0000156D 740E                <1>     jz .save_no_hw
  1156 0000156F 26895600            <1>     mov [es:bp+0x00], dx
  1157 00001573 89EF                <1>     mov di, bp
  1158 00001575 01D7                <1>     add di, dx
  1159 00001577 E88000              <1>     call vga_save_hardware_state
  1160 0000157A 83C246              <1>     add dx, VGA_HW_STATE_SIZE
  1161                              <1> .save_no_hw:
  1162 0000157D F7C60200            <1>     test si, 2
  1163 00001581 740E                <1>     jz .save_no_bda
  1164 00001583 26895602            <1>     mov [es:bp+0x02], dx
  1165 00001587 89EF                <1>     mov di, bp
  1166 00001589 01D7                <1>     add di, dx
  1167 0000158B E8B802              <1>     call vga_save_bda_state
  1168 0000158E 83C260              <1>     add dx, VGA_BDA_STATE_SIZE
  1169                              <1> .save_no_bda:
  1170 00001591 F7C60400            <1>     test si, 4
  1171 00001595 740B                <1>     jz .save_done
  1172 00001597 26895604            <1>     mov [es:bp+0x04], dx
  1173 0000159B 89EF                <1>     mov di, bp
  1174 0000159D 01D7                <1>     add di, dx
  1175 0000159F E8DC02              <1>     call vga_save_dac_state
  1176                              <1> .save_done:
  1177 000015A2 1F                  <1>     pop ds
  1178 000015A3 5D                  <1>     pop bp
  1179 000015A4 5F                  <1>     pop di
  1180 000015A5 5E                  <1>     pop si
  1181 000015A6 5A                  <1>     pop dx
  1182 000015A7 59                  <1>     pop cx
  1183 000015A8 5B                  <1>     pop bx
  1184 000015A9 B01C                <1>     mov al, 0x1C
  1185 000015AB CF                  <1>     iret
  1186                              <1> 
  1187                              <1> .restore:
  1188 000015AC 53                  <1>     push bx
  1189 000015AD 51                  <1>     push cx
  1190 000015AE 52                  <1>     push dx
  1191 000015AF 56                  <1>     push si
  1192 000015B0 57                  <1>     push di
  1193 000015B1 55                  <1>     push bp
  1194 000015B2 1E                  <1>     push ds
  1195 000015B3 89DD                <1>     mov bp, bx
  1196 000015B5 89CE                <1>     mov si, cx
  1197                              <1> 
  1198                              <1>     ; Restore DAC/color first, BDA second, and hardware selectors last.
  1199                              <1>     ; This leaves the final AC/CRTC/SEQ/GC index registers exactly as saved.
  1200 000015B7 F7C60400            <1>     test si, 4
  1201 000015BB 740D                <1>     jz .restore_no_dac
  1202 000015BD 268B7E04            <1>     mov di, [es:bp+0x04]
  1203 000015C1 85FF                <1>     test di, di
  1204 000015C3 7405                <1>     jz .restore_no_dac
  1205 000015C5 01EF                <1>     add di, bp
  1206 000015C7 E8FD02              <1>     call vga_restore_dac_state
  1207                              <1> .restore_no_dac:
  1208 000015CA F7C60200            <1>     test si, 2
  1209 000015CE 740D                <1>     jz .restore_no_bda
  1210 000015D0 268B7E02            <1>     mov di, [es:bp+0x02]
  1211 000015D4 85FF                <1>     test di, di
  1212 000015D6 7405                <1>     jz .restore_no_bda
  1213 000015D8 01EF                <1>     add di, bp
  1214 000015DA E88002              <1>     call vga_restore_bda_state
  1215                              <1> .restore_no_bda:
  1216 000015DD F7C60100            <1>     test si, 1
  1217 000015E1 740D                <1>     jz .restore_done
  1218 000015E3 268B7E00            <1>     mov di, [es:bp+0x00]
  1219 000015E7 85FF                <1>     test di, di
  1220 000015E9 7405                <1>     jz .restore_done
  1221 000015EB 01EF                <1>     add di, bp
  1222 000015ED E81B01              <1>     call vga_restore_hardware_state
  1223                              <1> .restore_done:
  1224 000015F0 1F                  <1>     pop ds
  1225 000015F1 5D                  <1>     pop bp
  1226 000015F2 5F                  <1>     pop di
  1227 000015F3 5E                  <1>     pop si
  1228 000015F4 5A                  <1>     pop dx
  1229 000015F5 59                  <1>     pop cx
  1230 000015F6 5B                  <1>     pop bx
  1231 000015F7 B01C                <1>     mov al, 0x1C
  1232 000015F9 CF                  <1>     iret
  1233                              <1> 
  1234                              <1> ; ES:DI = hardware-state destination (46h bytes).
  1235                              <1> vga_save_hardware_state:
  1236 000015FA 50                  <1>     push ax
  1237 000015FB 53                  <1>     push bx
  1238 000015FC 51                  <1>     push cx
  1239 000015FD 52                  <1>     push dx
  1240 000015FE 56                  <1>     push si
  1241 000015FF 1E                  <1>     push ds
  1242                              <1> 
  1243                              <1>     ; Index/general registers.
  1244 00001600 BAC403              <1>     mov dx, 0x3C4
  1245 00001603 EC                  <1>     in al, dx
  1246 00001604 268805              <1>     mov [es:di+0x00], al
  1247                              <1> 
  1248 00001607 B84000              <1>     mov ax, BDA_SEG
  1249 0000160A 8ED8                <1>     mov ds, ax
  1250 0000160C 8B166300            <1>     mov dx, [0x63]
  1251 00001610 EC                  <1>     in al, dx
  1252 00001611 26884501            <1>     mov [es:di+0x01], al
  1253 00001615 89D0                <1>     mov ax, dx
  1254 00001617 26894540            <1>     mov [es:di+0x40], ax
  1255                              <1> 
  1256 0000161B BACE03              <1>     mov dx, 0x3CE
  1257 0000161E EC                  <1>     in al, dx
  1258 0000161F 26884502            <1>     mov [es:di+0x02], al
  1259 00001623 BAC003              <1>     mov dx, 0x3C0
  1260 00001626 EC                  <1>     in al, dx
  1261 00001627 26884503            <1>     mov [es:di+0x03], al
  1262 0000162B BACA03              <1>     mov dx, 0x3CA
  1263 0000162E EC                  <1>     in al, dx
  1264 0000162F 26884504            <1>     mov [es:di+0x04], al
  1265                              <1> 
  1266                              <1>     ; Sequencer 1..4.
  1267 00001633 BAC403              <1>     mov dx, 0x3C4
  1268 00001636 BE0100              <1>     mov si, 1
  1269 00001639 BB0500              <1>     mov bx, 0x05
  1270 0000163C B90400              <1>     mov cx, 4
  1271                              <1> .save_seq:
  1272 0000163F 89F0                <1>     mov ax, si
  1273 00001641 EE                  <1>     out dx, al
  1274 00001642 42                  <1>     inc dx
  1275 00001643 EC                  <1>     in al, dx
  1276 00001644 4A                  <1>     dec dx
  1277 00001645 268801              <1>     mov [es:di+bx], al
  1278 00001648 43                  <1>     inc bx
  1279 00001649 46                  <1>     inc si
  1280 0000164A E2F3                <1>     loop .save_seq
  1281                              <1> 
  1282 0000164C BACC03              <1>     mov dx, 0x3CC
  1283 0000164F EC                  <1>     in al, dx
  1284 00001650 26884509            <1>     mov [es:di+0x09], al
  1285                              <1> 
  1286                              <1>     ; CRTC 00h..18h.
  1287 00001654 B84000              <1>     mov ax, BDA_SEG
  1288 00001657 8ED8                <1>     mov ds, ax
  1289 00001659 8B166300            <1>     mov dx, [0x63]
  1290 0000165D 31F6                <1>     xor si, si
  1291 0000165F BB0A00              <1>     mov bx, 0x0A
  1292 00001662 B91900              <1>     mov cx, 25
  1293                              <1> .save_crtc:
  1294 00001665 89F0                <1>     mov ax, si
  1295 00001667 EE                  <1>     out dx, al
  1296 00001668 42                  <1>     inc dx
  1297 00001669 EC                  <1>     in al, dx
  1298 0000166A 4A                  <1>     dec dx
  1299 0000166B 268801              <1>     mov [es:di+bx], al
  1300 0000166E 43                  <1>     inc bx
  1301 0000166F 46                  <1>     inc si
  1302 00001670 E2F3                <1>     loop .save_crtc
  1303                              <1> 
  1304                              <1>     ; Attribute Controller 00h..13h.
  1305 00001672 31F6                <1>     xor si, si
  1306 00001674 BB2300              <1>     mov bx, 0x23
  1307 00001677 B91400              <1>     mov cx, 20
  1308                              <1> .save_attr:
  1309 0000167A 52                  <1>     push dx
  1310 0000167B 8B166300            <1>     mov dx, [0x63]
  1311 0000167F 83C206              <1>     add dx, 6
  1312 00001682 EC                  <1>     in al, dx
  1313 00001683 BAC003              <1>     mov dx, 0x3C0
  1314 00001686 89F0                <1>     mov ax, si
  1315 00001688 0C20                <1>     or al, 0x20
  1316 0000168A EE                  <1>     out dx, al
  1317 0000168B BAC103              <1>     mov dx, 0x3C1
  1318 0000168E EC                  <1>     in al, dx
  1319 0000168F 5A                  <1>     pop dx
  1320 00001690 268801              <1>     mov [es:di+bx], al
  1321 00001693 43                  <1>     inc bx
  1322 00001694 46                  <1>     inc si
  1323 00001695 E2E3                <1>     loop .save_attr
  1324                              <1> 
  1325                              <1>     ; Graphics Controller 00h..08h.
  1326 00001697 BACE03              <1>     mov dx, 0x3CE
  1327 0000169A 31F6                <1>     xor si, si
  1328 0000169C BB3700              <1>     mov bx, 0x37
  1329 0000169F B90900              <1>     mov cx, 9
  1330                              <1> .save_gc:
  1331 000016A2 89F0                <1>     mov ax, si
  1332 000016A4 EE                  <1>     out dx, al
  1333 000016A5 42                  <1>     inc dx
  1334 000016A6 EC                  <1>     in al, dx
  1335 000016A7 4A                  <1>     dec dx
  1336 000016A8 268801              <1>     mov [es:di+bx], al
  1337 000016AB 43                  <1>     inc bx
  1338 000016AC 46                  <1>     inc si
  1339 000016AD E2F3                <1>     loop .save_gc
  1340                              <1> 
  1341                              <1>     ; Capture the four VGA latches using write mode 1.  This intentionally
  1342                              <1>     ; disturbs A000:FFFF, matching the documented warning that save-state may
  1343                              <1>     ; alter current video state; applications are expected to restore it.
  1344 000016AF BACC03              <1>     mov dx, 0x3CC
  1345 000016B2 EC                  <1>     in al, dx
  1346 000016B3 0C02                <1>     or al, 0x02
  1347 000016B5 BAC203              <1>     mov dx, 0x3C2
  1348 000016B8 EE                  <1>     out dx, al
  1349                              <1> 
  1350 000016B9 BAC403              <1>     mov dx, 0x3C4
  1351 000016BC B002                <1>     mov al, 2
  1352 000016BE EE                  <1>     out dx, al
  1353 000016BF 42                  <1>     inc dx
  1354 000016C0 B00F                <1>     mov al, 0x0F
  1355 000016C2 EE                  <1>     out dx, al
  1356 000016C3 4A                  <1>     dec dx
  1357 000016C4 B004                <1>     mov al, 4
  1358 000016C6 EE                  <1>     out dx, al
  1359 000016C7 42                  <1>     inc dx
  1360 000016C8 B006                <1>     mov al, 0x06
  1361 000016CA EE                  <1>     out dx, al
  1362                              <1> 
  1363 000016CB BACE03              <1>     mov dx, 0x3CE
  1364 000016CE B005                <1>     mov al, 5
  1365 000016D0 EE                  <1>     out dx, al
  1366 000016D1 42                  <1>     inc dx
  1367 000016D2 B001                <1>     mov al, 1                       ; write mode 1
  1368 000016D4 EE                  <1>     out dx, al
  1369 000016D5 4A                  <1>     dec dx
  1370 000016D6 B006                <1>     mov al, 6
  1371 000016D8 EE                  <1>     out dx, al
  1372 000016D9 42                  <1>     inc dx
  1373 000016DA B005                <1>     mov al, 0x05                    ; A0000 64-KiB graphics aperture
  1374 000016DC EE                  <1>     out dx, al
  1375                              <1> 
  1376 000016DD B800A0              <1>     mov ax, VGA_SEG
  1377 000016E0 8ED8                <1>     mov ds, ax
  1378 000016E2 C606FFFF00          <1>     mov byte [0xFFFF], 0            ; CPU data ignored in write mode 1
  1379                              <1> 
  1380 000016E7 BACE03              <1>     mov dx, 0x3CE
  1381 000016EA 31F6                <1>     xor si, si
  1382 000016EC BB4200              <1>     mov bx, 0x42
  1383 000016EF B90400              <1>     mov cx, 4
  1384                              <1> .save_latches:
  1385 000016F2 B004                <1>     mov al, 4
  1386 000016F4 EE                  <1>     out dx, al
  1387 000016F5 42                  <1>     inc dx
  1388 000016F6 89F0                <1>     mov ax, si
  1389 000016F8 EE                  <1>     out dx, al
  1390 000016F9 4A                  <1>     dec dx
  1391 000016FA A0FFFF              <1>     mov al, [0xFFFF]
  1392 000016FD 268801              <1>     mov [es:di+bx], al
  1393 00001700 43                  <1>     inc bx
  1394 00001701 46                  <1>     inc si
  1395 00001702 E2EE                <1>     loop .save_latches
  1396                              <1> 
  1397 00001704 1F                  <1>     pop ds
  1398 00001705 5E                  <1>     pop si
  1399 00001706 5A                  <1>     pop dx
  1400 00001707 59                  <1>     pop cx
  1401 00001708 5B                  <1>     pop bx
  1402 00001709 58                  <1>     pop ax
  1403 0000170A C3                  <1>     ret
  1404                              <1> 
  1405                              <1> ; ES:DI = hardware-state source.
  1406                              <1> vga_restore_hardware_state:
  1407 0000170B 50                  <1>     push ax
  1408 0000170C 53                  <1>     push bx
  1409 0000170D 51                  <1>     push cx
  1410 0000170E 52                  <1>     push dx
  1411 0000170F 56                  <1>     push si
  1412 00001710 1E                  <1>     push ds
  1413                              <1> 
  1414                              <1>     ; First reconstruct the four system latches in a scratch byte.  Enable VGA
  1415                              <1>     ; memory decode temporarily even if the saved state had it disabled.
  1416 00001711 268A4509            <1>     mov al, [es:di+0x09]
  1417 00001715 0C02                <1>     or al, 0x02
  1418 00001717 BAC203              <1>     mov dx, 0x3C2
  1419 0000171A EE                  <1>     out dx, al
  1420                              <1> 
  1421 0000171B BAC403              <1>     mov dx, 0x3C4
  1422 0000171E B004                <1>     mov al, 4
  1423 00001720 EE                  <1>     out dx, al
  1424 00001721 42                  <1>     inc dx
  1425 00001722 B006                <1>     mov al, 0x06
  1426 00001724 EE                  <1>     out dx, al
  1427                              <1> 
  1428 00001725 BACE03              <1>     mov dx, 0x3CE
  1429 00001728 B001                <1>     mov al, 1
  1430 0000172A EE                  <1>     out dx, al
  1431 0000172B 42                  <1>     inc dx
  1432 0000172C 30C0                <1>     xor al, al
  1433 0000172E EE                  <1>     out dx, al
  1434 0000172F 4A                  <1>     dec dx
  1435 00001730 B003                <1>     mov al, 3
  1436 00001732 EE                  <1>     out dx, al
  1437 00001733 42                  <1>     inc dx
  1438 00001734 30C0                <1>     xor al, al
  1439 00001736 EE                  <1>     out dx, al
  1440 00001737 4A                  <1>     dec dx
  1441 00001738 B005                <1>     mov al, 5
  1442 0000173A EE                  <1>     out dx, al
  1443 0000173B 42                  <1>     inc dx
  1444 0000173C 30C0                <1>     xor al, al                      ; write mode 0
  1445 0000173E EE                  <1>     out dx, al
  1446 0000173F 4A                  <1>     dec dx
  1447 00001740 B006                <1>     mov al, 6
  1448 00001742 EE                  <1>     out dx, al
  1449 00001743 42                  <1>     inc dx
  1450 00001744 B005                <1>     mov al, 0x05
  1451 00001746 EE                  <1>     out dx, al
  1452 00001747 4A                  <1>     dec dx
  1453 00001748 B008                <1>     mov al, 8
  1454 0000174A EE                  <1>     out dx, al
  1455 0000174B 42                  <1>     inc dx
  1456 0000174C B0FF                <1>     mov al, 0xFF
  1457 0000174E EE                  <1>     out dx, al
  1458                              <1> 
  1459 0000174F B800A0              <1>     mov ax, VGA_SEG
  1460 00001752 8ED8                <1>     mov ds, ax
  1461 00001754 31DB                <1>     xor bx, bx
  1462 00001756 B90400              <1>     mov cx, 4
  1463                              <1> .restore_latch_bytes:
  1464 00001759 BAC403              <1>     mov dx, 0x3C4
  1465 0000175C B002                <1>     mov al, 2
  1466 0000175E EE                  <1>     out dx, al
  1467 0000175F 42                  <1>     inc dx
  1468 00001760 B001                <1>     mov al, 1
  1469 00001762 51                  <1>     push cx
  1470 00001763 88D9                <1>     mov cl, bl
  1471 00001765 D2E0                <1>     shl al, cl
  1472 00001767 59                  <1>     pop cx
  1473 00001768 EE                  <1>     out dx, al
  1474 00001769 268A4142            <1>     mov al, [es:di+bx+0x42]
  1475 0000176D A2FFFF              <1>     mov [0xFFFF], al
  1476 00001770 FEC3                <1>     inc bl
  1477 00001772 E2E5                <1>     loop .restore_latch_bytes
  1478                              <1> 
  1479                              <1>     ; Reading scratch once loads all four restored plane bytes into the latches.
  1480 00001774 BACE03              <1>     mov dx, 0x3CE
  1481 00001777 B004                <1>     mov al, 4
  1482 00001779 EE                  <1>     out dx, al
  1483 0000177A 42                  <1>     inc dx
  1484 0000177B 30C0                <1>     xor al, al
  1485 0000177D EE                  <1>     out dx, al
  1486 0000177E A0FFFF              <1>     mov al, [0xFFFF]
  1487                              <1> 
  1488                              <1>     ; Restore saved Miscellaneous Output, then standard VGA register groups.
  1489 00001781 268A4509            <1>     mov al, [es:di+0x09]
  1490 00001785 BAC203              <1>     mov dx, 0x3C2
  1491 00001788 EE                  <1>     out dx, al
  1492                              <1> 
  1493                              <1>     ; Sequencer: synchronous reset around registers 1..4.
  1494 00001789 BAC403              <1>     mov dx, 0x3C4
  1495 0000178C 30C0                <1>     xor al, al
  1496 0000178E EE                  <1>     out dx, al
  1497 0000178F 42                  <1>     inc dx
  1498 00001790 B001                <1>     mov al, 1
  1499 00001792 EE                  <1>     out dx, al
  1500 00001793 4A                  <1>     dec dx
  1501 00001794 BE0100              <1>     mov si, 1
  1502 00001797 BB0500              <1>     mov bx, 0x05
  1503 0000179A B90400              <1>     mov cx, 4
  1504                              <1> .restore_seq:
  1505 0000179D 89F0                <1>     mov ax, si
  1506 0000179F EE                  <1>     out dx, al
  1507 000017A0 42                  <1>     inc dx
  1508 000017A1 268A01              <1>     mov al, [es:di+bx]
  1509 000017A4 EE                  <1>     out dx, al
  1510 000017A5 4A                  <1>     dec dx
  1511 000017A6 43                  <1>     inc bx
  1512 000017A7 46                  <1>     inc si
  1513 000017A8 E2F3                <1>     loop .restore_seq
  1514 000017AA 30C0                <1>     xor al, al
  1515 000017AC EE                  <1>     out dx, al
  1516 000017AD 42                  <1>     inc dx
  1517 000017AE B003                <1>     mov al, 3
  1518 000017B0 EE                  <1>     out dx, al
  1519                              <1> 
  1520                              <1>     ; CRTC, using saved base address.  Unlock protected indices 0..7 first.
  1521 000017B1 268B5540            <1>     mov dx, [es:di+0x40]
  1522 000017B5 B011                <1>     mov al, 0x11
  1523 000017B7 EE                  <1>     out dx, al
  1524 000017B8 42                  <1>     inc dx
  1525 000017B9 EC                  <1>     in al, dx
  1526 000017BA 247F                <1>     and al, 0x7F
  1527 000017BC EE                  <1>     out dx, al
  1528 000017BD 4A                  <1>     dec dx
  1529 000017BE 31F6                <1>     xor si, si
  1530 000017C0 BB0A00              <1>     mov bx, 0x0A
  1531 000017C3 B91900              <1>     mov cx, 25
  1532                              <1> .restore_crtc:
  1533 000017C6 89F0                <1>     mov ax, si
  1534 000017C8 EE                  <1>     out dx, al
  1535 000017C9 42                  <1>     inc dx
  1536 000017CA 268A01              <1>     mov al, [es:di+bx]
  1537 000017CD EE                  <1>     out dx, al
  1538 000017CE 4A                  <1>     dec dx
  1539 000017CF 43                  <1>     inc bx
  1540 000017D0 46                  <1>     inc si
  1541 000017D1 E2F3                <1>     loop .restore_crtc
  1542                              <1> 
  1543                              <1>     ; Graphics Controller.
  1544 000017D3 BACE03              <1>     mov dx, 0x3CE
  1545 000017D6 31F6                <1>     xor si, si
  1546 000017D8 BB3700              <1>     mov bx, 0x37
  1547 000017DB B90900              <1>     mov cx, 9
  1548                              <1> .restore_gc:
  1549 000017DE 89F0                <1>     mov ax, si
  1550 000017E0 EE                  <1>     out dx, al
  1551 000017E1 42                  <1>     inc dx
  1552 000017E2 268A01              <1>     mov al, [es:di+bx]
  1553 000017E5 EE                  <1>     out dx, al
  1554 000017E6 4A                  <1>     dec dx
  1555 000017E7 43                  <1>     inc bx
  1556 000017E8 46                  <1>     inc si
  1557 000017E9 E2F3                <1>     loop .restore_gc
  1558                              <1> 
  1559                              <1>     ; Attribute Controller.
  1560 000017EB 31F6                <1>     xor si, si
  1561 000017ED BB2300              <1>     mov bx, 0x23
  1562 000017F0 B91400              <1>     mov cx, 20
  1563                              <1> .restore_attr:
  1564 000017F3 268B5540            <1>     mov dx, [es:di+0x40]
  1565 000017F7 83C206              <1>     add dx, 6
  1566 000017FA EC                  <1>     in al, dx
  1567 000017FB BAC003              <1>     mov dx, 0x3C0
  1568 000017FE 89F0                <1>     mov ax, si
  1569 00001800 0C20                <1>     or al, 0x20
  1570 00001802 EE                  <1>     out dx, al
  1571 00001803 268A01              <1>     mov al, [es:di+bx]
  1572 00001806 EE                  <1>     out dx, al
  1573 00001807 43                  <1>     inc bx
  1574 00001808 46                  <1>     inc si
  1575 00001809 E2E8                <1>     loop .restore_attr
  1576                              <1> 
  1577                              <1>     ; Restore Feature Control using the write alias paired with the saved CRTC.
  1578 0000180B 268B5540            <1>     mov dx, [es:di+0x40]
  1579 0000180F 83C206              <1>     add dx, 6
  1580 00001812 268A4504            <1>     mov al, [es:di+0x04]
  1581 00001816 EE                  <1>     out dx, al
  1582                              <1> 
  1583                              <1>     ; Finally restore the three indexed-register selectors and AC selector/PAS.
  1584 00001817 BAC403              <1>     mov dx, 0x3C4
  1585 0000181A 268A05              <1>     mov al, [es:di+0x00]
  1586 0000181D EE                  <1>     out dx, al
  1587 0000181E 268B5540            <1>     mov dx, [es:di+0x40]
  1588 00001822 268A4501            <1>     mov al, [es:di+0x01]
  1589 00001826 EE                  <1>     out dx, al
  1590 00001827 BACE03              <1>     mov dx, 0x3CE
  1591 0000182A 268A4502            <1>     mov al, [es:di+0x02]
  1592 0000182E EE                  <1>     out dx, al
  1593 0000182F 268B5540            <1>     mov dx, [es:di+0x40]
  1594 00001833 83C206              <1>     add dx, 6
  1595 00001836 EC                  <1>     in al, dx
  1596 00001837 BAC003              <1>     mov dx, 0x3C0
  1597 0000183A 268A4503            <1>     mov al, [es:di+0x03]
  1598 0000183E EE                  <1>     out dx, al
  1599                              <1> 
  1600 0000183F 1F                  <1>     pop ds
  1601 00001840 5E                  <1>     pop si
  1602 00001841 5A                  <1>     pop dx
  1603 00001842 59                  <1>     pop cx
  1604 00001843 5B                  <1>     pop bx
  1605 00001844 58                  <1>     pop ax
  1606 00001845 C3                  <1>     ret
  1607                              <1> 
  1608                              <1> vga_save_bda_state:
  1609 00001846 50                  <1>     push ax
  1610 00001847 51                  <1>     push cx
  1611 00001848 56                  <1>     push si
  1612 00001849 1E                  <1>     push ds
  1613 0000184A B84000              <1>     mov ax, BDA_SEG
  1614 0000184D 8ED8                <1>     mov ds, ax
  1615 0000184F BE4900              <1>     mov si, 0x49
  1616 00001852 B96000              <1>     mov cx, VGA_BDA_STATE_SIZE
  1617 00001855 FC                  <1>     cld
  1618 00001856 F3A4                <1>     rep movsb
  1619 00001858 1F                  <1>     pop ds
  1620 00001859 5E                  <1>     pop si
  1621 0000185A 59                  <1>     pop cx
  1622 0000185B 58                  <1>     pop ax
  1623 0000185C C3                  <1>     ret
  1624                              <1> 
  1625                              <1> vga_restore_bda_state:
  1626 0000185D 50                  <1>     push ax
  1627 0000185E 51                  <1>     push cx
  1628 0000185F 56                  <1>     push si
  1629 00001860 57                  <1>     push di
  1630 00001861 1E                  <1>     push ds
  1631 00001862 06                  <1>     push es
  1632 00001863 89FE                <1>     mov si, di                      ; source offset in caller ES
  1633 00001865 8CC0                <1>     mov ax, es
  1634 00001867 8ED8                <1>     mov ds, ax
  1635 00001869 B84000              <1>     mov ax, BDA_SEG
  1636 0000186C 8EC0                <1>     mov es, ax
  1637 0000186E BF4900              <1>     mov di, 0x49
  1638 00001871 B96000              <1>     mov cx, VGA_BDA_STATE_SIZE
  1639 00001874 FC                  <1>     cld
  1640 00001875 F3A4                <1>     rep movsb
  1641 00001877 07                  <1>     pop es
  1642 00001878 1F                  <1>     pop ds
  1643 00001879 5F                  <1>     pop di
  1644 0000187A 5E                  <1>     pop si
  1645 0000187B 59                  <1>     pop cx
  1646 0000187C 58                  <1>     pop ax
  1647 0000187D C3                  <1>     ret
  1648                              <1> 
  1649                              <1> ; ES:DI = 304h-byte DAC/color-state destination.
  1650                              <1> vga_save_dac_state:
  1651 0000187E 50                  <1>     push ax
  1652 0000187F 53                  <1>     push bx
  1653 00001880 51                  <1>     push cx
  1654 00001881 52                  <1>     push dx
  1655                              <1> 
  1656 00001882 BAC703              <1>     mov dx, 0x3C7
  1657 00001885 EC                  <1>     in al, dx
  1658 00001886 268805              <1>     mov [es:di+0x00], al            ; DAC state: 00 write / 03 read
  1659 00001889 BAC803              <1>     mov dx, 0x3C8
  1660 0000188C EC                  <1>     in al, dx
  1661 0000188D 26884501            <1>     mov [es:di+0x01], al            ; current DAC address register
  1662 00001891 BAC603              <1>     mov dx, 0x3C6
  1663 00001894 EC                  <1>     in al, dx
  1664 00001895 26884502            <1>     mov [es:di+0x02], al
  1665                              <1> 
  1666                              <1>     ; Save all 256 DAC entries.
  1667 00001899 BAC703              <1>     mov dx, 0x3C7
  1668 0000189C 30C0                <1>     xor al, al
  1669 0000189E EE                  <1>     out dx, al
  1670 0000189F BAC903              <1>     mov dx, 0x3C9
  1671 000018A2 BB0300              <1>     mov bx, 0x03
  1672 000018A5 B90003              <1>     mov cx, 768
  1673                              <1> .save_dac_loop:
  1674 000018A8 EC                  <1>     in al, dx
  1675 000018A9 268801              <1>     mov [es:di+bx], al
  1676 000018AC 43                  <1>     inc bx
  1677 000018AD E2F9                <1>     loop .save_dac_loop
  1678                              <1> 
  1679                              <1>     ; Attribute Color Select register 14h.
  1680 000018AF BADA03              <1>     mov dx, 0x3DA
  1681 000018B2 EC                  <1>     in al, dx
  1682 000018B3 BAC003              <1>     mov dx, 0x3C0
  1683 000018B6 B034                <1>     mov al, 0x34
  1684 000018B8 EE                  <1>     out dx, al
  1685 000018B9 BAC103              <1>     mov dx, 0x3C1
  1686 000018BC EC                  <1>     in al, dx
  1687 000018BD 2688850303          <1>     mov [es:di+0x303], al
  1688                              <1> 
  1689 000018C2 5A                  <1>     pop dx
  1690 000018C3 59                  <1>     pop cx
  1691 000018C4 5B                  <1>     pop bx
  1692 000018C5 58                  <1>     pop ax
  1693 000018C6 C3                  <1>     ret
  1694                              <1> 
  1695                              <1> ; ES:DI = 304h-byte DAC/color-state source.
  1696                              <1> vga_restore_dac_state:
  1697 000018C7 50                  <1>     push ax
  1698 000018C8 53                  <1>     push bx
  1699 000018C9 51                  <1>     push cx
  1700 000018CA 52                  <1>     push dx
  1701                              <1> 
  1702 000018CB BAC603              <1>     mov dx, 0x3C6
  1703 000018CE 268A4502            <1>     mov al, [es:di+0x02]
  1704 000018D2 EE                  <1>     out dx, al
  1705                              <1> 
  1706 000018D3 BAC803              <1>     mov dx, 0x3C8
  1707 000018D6 30C0                <1>     xor al, al
  1708 000018D8 EE                  <1>     out dx, al
  1709 000018D9 BAC903              <1>     mov dx, 0x3C9
  1710 000018DC BB0300              <1>     mov bx, 0x03
  1711 000018DF B90003              <1>     mov cx, 768
  1712                              <1> .restore_dac_loop:
  1713 000018E2 268A01              <1>     mov al, [es:di+bx]
  1714 000018E5 EE                  <1>     out dx, al
  1715 000018E6 43                  <1>     inc bx
  1716 000018E7 E2F9                <1>     loop .restore_dac_loop
  1717                              <1> 
  1718                              <1>     ; Restore Attribute Color Select 14h.
  1719 000018E9 BADA03              <1>     mov dx, 0x3DA
  1720 000018EC EC                  <1>     in al, dx
  1721 000018ED BAC003              <1>     mov dx, 0x3C0
  1722 000018F0 B034                <1>     mov al, 0x34
  1723 000018F2 EE                  <1>     out dx, al
  1724 000018F3 268A850303          <1>     mov al, [es:di+0x303]
  1725 000018F8 EE                  <1>     out dx, al
  1726                              <1> 
  1727                              <1>     ; Restore the recorded DAC access mode/address last.
  1728 000018F9 268A05              <1>     mov al, [es:di+0x00]
  1729 000018FC 2403                <1>     and al, 3
  1730 000018FE 3C03                <1>     cmp al, 3
  1731 00001900 750A                <1>     jne .dac_write_state
  1732 00001902 BAC703              <1>     mov dx, 0x3C7
  1733 00001905 268A4501            <1>     mov al, [es:di+0x01]
  1734 00001909 EE                  <1>     out dx, al
  1735 0000190A EB08                <1>     jmp .dac_state_done
  1736                              <1> .dac_write_state:
  1737 0000190C BAC803              <1>     mov dx, 0x3C8
  1738 0000190F 268A4501            <1>     mov al, [es:di+0x01]
  1739 00001913 EE                  <1>     out dx, al
  1740                              <1> .dac_state_done:
  1741 00001914 5A                  <1>     pop dx
  1742 00001915 59                  <1>     pop cx
  1743 00001916 5B                  <1>     pop bx
  1744 00001917 58                  <1>     pop ax
  1745 00001918 C3                  <1>     ret
  1746                              <1> 
  1747                              <1> ; IBM standard-mode capability map.  Bytes 0-2 follow the VGA BIOS
  1748                              <1> ; functionality table described by the Video Seven Technical Reference,
  1749                              <1> ; pp. 4-25..4-27.  Reserved modes 08h-0Ch remain reserved even though their
  1750                              <1> ; bit positions participate in the historical packed capability map.
  1751                              <1> video_static_functionality:
  1752 00001919 FFE00F              <1>     db 0xFF,0xE0,0x0F              ; standard modes 00h-07h and 0Dh-13h
  1753 0000191C 00000000            <1>     db 0,0,0,0
  1754 00001920 07                  <1>     db 0x07                         ; 200-, 350-, and 400-line text families
  1755 00001921 08                  <1>     db 8                            ; eight VGA character-map blocks in hardware
  1756 00001922 02                  <1>     db 2                            ; two simultaneously selectable maps
  1757 00001923 4C                  <1>     db 0x4C                         ; user font + default/color palette control
  1758 00001924 0E                  <1>     db 0x0E                         ; save/restore, blink/intensity, DCC query
  1759 00001925 0000                <1>     db 0,0
  1760 00001927 00                  <1>     db 0                            ; no active override extensions advertised
  1761 00001928 00                  <1>     db 0
  1762                              <1> 
  1763                              <1> ; Video Save Pointer table at 0040:A8.  Required pointers are present; optional
  1764                              <1> ; override pointers remain null until their semantics are actually implemented.
  1765                              <1> video_save_pointer_table:
  1766 00001929 [6519]00C0          <1>     dw video_parameter_table, VGA_ROM_SEG
  1766          ******************  <1>  warning: 16-bit absolute section-crossing relocation [-w+reloc-abs-word]
  1767 0000192D 00000000            <1>     dw 0,0                          ; dynamic save area
  1768 00001931 00000000            <1>     dw 0,0                          ; alpha character override
  1769 00001935 00000000            <1>     dw 0,0                          ; graphics character override
  1770 00001939 [4519]00C0          <1>     dw video_secondary_save_table, VGA_ROM_SEG
  1770          ******************  <1>  warning: 16-bit absolute section-crossing relocation [-w+reloc-abs-word]
  1771 0000193D 00000000            <1>     dw 0,0
  1772 00001941 00000000            <1>     dw 0,0
  1773                              <1> 
  1774                              <1> video_secondary_save_table:
  1775 00001945 1A00                <1>     dw 0x001A
  1776 00001947 [5F19]00C0          <1>     dw video_dcc_table, VGA_ROM_SEG
  1776          ******************  <1>  warning: 16-bit absolute section-crossing relocation [-w+reloc-abs-word]
  1777 0000194B 00000000            <1>     dw 0,0                          ; alpha override 0
  1778 0000194F 00000000            <1>     dw 0,0                          ; user palette profile 0
  1779 00001953 00000000            <1>     dw 0,0
  1780 00001957 00000000            <1>     dw 0,0
  1781 0000195B 00000000            <1>     dw 0,0
  1782                              <1> 
  1783                              <1> ; Minimal, truthful DCC table: one active color-VGA pairing.
  1784                              <1> video_dcc_table:
  1785 0000195F 01010800            <1>     db 1, 1, 8, 0                 ; one entry, VGA display-code maximum
  1786 00001963 0008                <1>     db 0x00, 0x08                    ; no secondary display / color VGA
  1787                              <1> 
  1788                              <1> ; IBM-format 64-byte Video Parameter Table elements, indexed by mode number.
  1789                              <1> ; Format and mode geometry: IBM VGA/XGA Technical Reference, INT 10h video
  1790                              <1> ; parameter/save-pointer descriptions; register ordering: Video Seven VGA
  1791                              <1> ; Technical Reference, Tables 4-8 and 4-9.  Entries intentionally duplicate
  1792                              <1> ; the mode-programming tables in stealthpro_vgabios.asm so BIOS clients see
  1793                              <1> ; exactly the state this ROM installs.  Only IBM-reserved modes 08h-0Ch are
  1794                              <1> ; zero-filled.
  1795                              <1> video_parameter_table:
  1796                              <1> %macro EMIT_VPT_MODE01 0
  1797                              <1>     db 40,24,16
  1798                              <1>     dw 0x0800
  1799                              <1>     db 0x08,0x03,0x00,0x02,0x67
  1800                              <1>     db 0x2D,0x27,0x28,0x90,0x2B,0xA0,0xBF,0x1F,0x00,0x4F,0x0D,0x0E,0x00,0x00,0x00,0x00,0x9C,0x8E,0x8F,0x14,0x1F,0x96,0xB9,0xA3,0xFF
  1801                              <1>     db 0x00,0x01,0x02,0x03,0x04,0x05,0x14,0x07,0x38,0x39,0x3A,0x3B,0x3C,0x3D,0x3E,0x3F,0x0C,0x00,0x0F,0x08
  1802                              <1>     db 0x00,0x00,0x00,0x00,0x00,0x10,0x0E,0x0F,0xFF
  1803                              <1> %endmacro
  1804                              <1> vpt_mode00:
  1805                              <1>     EMIT_VPT_MODE01
  1797 00001965 281810              <2>  db 40,24,16
  1798 00001968 0008                <2>  dw 0x0800
  1799 0000196A 0803000267          <2>  db 0x08,0x03,0x00,0x02,0x67
  1800 0000196F 2D2728902BA0BF1F00- <2>  db 0x2D,0x27,0x28,0x90,0x2B,0xA0,0xBF,0x1F,0x00,0x4F,0x0D,0x0E,0x00,0x00,0x00,0x00,0x9C,0x8E,0x8F,0x14,0x1F,0x96,0xB9,0xA3,0xFF
  1800 00001978 4F0D0E000000009C8E- <2>
  1800 00001981 8F141F96B9A3FF      <2>
  1801 00001988 000102030405140738- <2>  db 0x00,0x01,0x02,0x03,0x04,0x05,0x14,0x07,0x38,0x39,0x3A,0x3B,0x3C,0x3D,0x3E,0x3F,0x0C,0x00,0x0F,0x08
  1801 00001991 393A3B3C3D3E3F0C00- <2>
  1801 0000199A 0F08                <2>
  1802 0000199C 0000000000100E0FFF  <2>  db 0x00,0x00,0x00,0x00,0x00,0x10,0x0E,0x0F,0xFF
  1806                              <1> vpt_mode01:
  1807                              <1>     EMIT_VPT_MODE01
  1797 000019A5 281810              <2>  db 40,24,16
  1798 000019A8 0008                <2>  dw 0x0800
  1799 000019AA 0803000267          <2>  db 0x08,0x03,0x00,0x02,0x67
  1800 000019AF 2D2728902BA0BF1F00- <2>  db 0x2D,0x27,0x28,0x90,0x2B,0xA0,0xBF,0x1F,0x00,0x4F,0x0D,0x0E,0x00,0x00,0x00,0x00,0x9C,0x8E,0x8F,0x14,0x1F,0x96,0xB9,0xA3,0xFF
  1800 000019B8 4F0D0E000000009C8E- <2>
  1800 000019C1 8F141F96B9A3FF      <2>
  1801 000019C8 000102030405140738- <2>  db 0x00,0x01,0x02,0x03,0x04,0x05,0x14,0x07,0x38,0x39,0x3A,0x3B,0x3C,0x3D,0x3E,0x3F,0x0C,0x00,0x0F,0x08
  1801 000019D1 393A3B3C3D3E3F0C00- <2>
  1801 000019DA 0F08                <2>
  1802 000019DC 0000000000100E0FFF  <2>  db 0x00,0x00,0x00,0x00,0x00,0x10,0x0E,0x0F,0xFF
  1808                              <1> 
  1809                              <1> %macro EMIT_VPT_MODE03 0
  1810                              <1>     db 80,24,16
  1811                              <1>     dw 0x1000
  1812                              <1>     db 0x00,0x03,0x00,0x02,0x67
  1813                              <1>     db 0x5F,0x4F,0x50,0x82,0x55,0x81,0xBF,0x1F,0x00,0x4F,0x0D,0x0E,0x00,0x00,0x00,0x50,0x9C,0x8E,0x8F,0x28,0x1F,0x96,0xB9,0xA3,0xFF
  1814                              <1>     db 0x00,0x01,0x02,0x03,0x04,0x05,0x14,0x07,0x38,0x39,0x3A,0x3B,0x3C,0x3D,0x3E,0x3F,0x0C,0x00,0x0F,0x08
  1815                              <1>     db 0x00,0x00,0x00,0x00,0x00,0x10,0x0E,0x00,0xFF
  1816                              <1> %endmacro
  1817                              <1> vpt_mode02:
  1818                              <1>     EMIT_VPT_MODE03
  1810 000019E5 501810              <2>  db 80,24,16
  1811 000019E8 0010                <2>  dw 0x1000
  1812 000019EA 0003000267          <2>  db 0x00,0x03,0x00,0x02,0x67
  1813 000019EF 5F4F50825581BF1F00- <2>  db 0x5F,0x4F,0x50,0x82,0x55,0x81,0xBF,0x1F,0x00,0x4F,0x0D,0x0E,0x00,0x00,0x00,0x50,0x9C,0x8E,0x8F,0x28,0x1F,0x96,0xB9,0xA3,0xFF
  1813 000019F8 4F0D0E000000509C8E- <2>
  1813 00001A01 8F281F96B9A3FF      <2>
  1814 00001A08 000102030405140738- <2>  db 0x00,0x01,0x02,0x03,0x04,0x05,0x14,0x07,0x38,0x39,0x3A,0x3B,0x3C,0x3D,0x3E,0x3F,0x0C,0x00,0x0F,0x08
  1814 00001A11 393A3B3C3D3E3F0C00- <2>
  1814 00001A1A 0F08                <2>
  1815 00001A1C 0000000000100E00FF  <2>  db 0x00,0x00,0x00,0x00,0x00,0x10,0x0E,0x00,0xFF
  1819                              <1> vpt_mode03:
  1820                              <1>     EMIT_VPT_MODE03
  1810 00001A25 501810              <2>  db 80,24,16
  1811 00001A28 0010                <2>  dw 0x1000
  1812 00001A2A 0003000267          <2>  db 0x00,0x03,0x00,0x02,0x67
  1813 00001A2F 5F4F50825581BF1F00- <2>  db 0x5F,0x4F,0x50,0x82,0x55,0x81,0xBF,0x1F,0x00,0x4F,0x0D,0x0E,0x00,0x00,0x00,0x50,0x9C,0x8E,0x8F,0x28,0x1F,0x96,0xB9,0xA3,0xFF
  1813 00001A38 4F0D0E000000509C8E- <2>
  1813 00001A41 8F281F96B9A3FF      <2>
  1814 00001A48 000102030405140738- <2>  db 0x00,0x01,0x02,0x03,0x04,0x05,0x14,0x07,0x38,0x39,0x3A,0x3B,0x3C,0x3D,0x3E,0x3F,0x0C,0x00,0x0F,0x08
  1814 00001A51 393A3B3C3D3E3F0C00- <2>
  1814 00001A5A 0F08                <2>
  1815 00001A5C 0000000000100E00FF  <2>  db 0x00,0x00,0x00,0x00,0x00,0x10,0x0E,0x00,0xFF
  1821                              <1> 
  1822                              <1> %macro EMIT_VPT_MODE05 0
  1823                              <1>     db 40,24,8
  1824                              <1>     dw 0x4000
  1825                              <1>     db 0x09,0x03,0x00,0x02,0x63
  1826                              <1>     db 0x2D,0x27,0x28,0x90,0x2B,0x80,0xBF,0x1F,0x00,0xC1,0x00,0x00,0x00,0x00,0x00,0x00,0x9C,0x8E,0x8F,0x14,0x00,0x96,0xB9,0xA2,0xFF
  1827                              <1>     db 0x00,0x13,0x15,0x17,0x02,0x04,0x06,0x07,0x10,0x11,0x12,0x13,0x14,0x15,0x16,0x17,0x01,0x00,0x03,0x00
  1828                              <1>     db 0x00,0x00,0x00,0x00,0x00,0x30,0x0F,0x0F,0xFF
  1829                              <1> %endmacro
  1830                              <1> vpt_mode04:
  1831                              <1>     EMIT_VPT_MODE05
  1823 00001A65 281808              <2>  db 40,24,8
  1824 00001A68 0040                <2>  dw 0x4000
  1825 00001A6A 0903000263          <2>  db 0x09,0x03,0x00,0x02,0x63
  1826 00001A6F 2D2728902B80BF1F00- <2>  db 0x2D,0x27,0x28,0x90,0x2B,0x80,0xBF,0x1F,0x00,0xC1,0x00,0x00,0x00,0x00,0x00,0x00,0x9C,0x8E,0x8F,0x14,0x00,0x96,0xB9,0xA2,0xFF
  1826 00001A78 C10000000000009C8E- <2>
  1826 00001A81 8F140096B9A2FF      <2>
  1827 00001A88 001315170204060710- <2>  db 0x00,0x13,0x15,0x17,0x02,0x04,0x06,0x07,0x10,0x11,0x12,0x13,0x14,0x15,0x16,0x17,0x01,0x00,0x03,0x00
  1827 00001A91 111213141516170100- <2>
  1827 00001A9A 0300                <2>
  1828 00001A9C 0000000000300F0FFF  <2>  db 0x00,0x00,0x00,0x00,0x00,0x30,0x0F,0x0F,0xFF
  1832                              <1> vpt_mode05:
  1833                              <1>     EMIT_VPT_MODE05
  1823 00001AA5 281808              <2>  db 40,24,8
  1824 00001AA8 0040                <2>  dw 0x4000
  1825 00001AAA 0903000263          <2>  db 0x09,0x03,0x00,0x02,0x63
  1826 00001AAF 2D2728902B80BF1F00- <2>  db 0x2D,0x27,0x28,0x90,0x2B,0x80,0xBF,0x1F,0x00,0xC1,0x00,0x00,0x00,0x00,0x00,0x00,0x9C,0x8E,0x8F,0x14,0x00,0x96,0xB9,0xA2,0xFF
  1826 00001AB8 C10000000000009C8E- <2>
  1826 00001AC1 8F140096B9A2FF      <2>
  1827 00001AC8 001315170204060710- <2>  db 0x00,0x13,0x15,0x17,0x02,0x04,0x06,0x07,0x10,0x11,0x12,0x13,0x14,0x15,0x16,0x17,0x01,0x00,0x03,0x00
  1827 00001AD1 111213141516170100- <2>
  1827 00001ADA 0300                <2>
  1828 00001ADC 0000000000300F0FFF  <2>  db 0x00,0x00,0x00,0x00,0x00,0x30,0x0F,0x0F,0xFF
  1834                              <1> 
  1835                              <1> vpt_mode06:
  1836 00001AE5 501808              <1>     db 80,24,8
  1837 00001AE8 0040                <1>     dw 0x4000
  1838 00001AEA 0101000663          <1>     db 0x01,0x01,0x00,0x06,0x63
  1839 00001AEF 5F4F50825480BF1F00- <1>     db 0x5F,0x4F,0x50,0x82,0x54,0x80,0xBF,0x1F,0x00,0xC1,0x00,0x00,0x00,0x00,0x00,0x00,0x9C,0x8E,0x8F,0x28,0x00,0x96,0xB9,0xC2,0xFF
  1839 00001AF8 C10000000000009C8E- <1>
  1839 00001B01 8F280096B9C2FF      <1>
  1840 00001B08 001717171717171717- <1>     db 0x00,0x17,0x17,0x17,0x17,0x17,0x17,0x17,0x17,0x17,0x17,0x17,0x17,0x17,0x17,0x17,0x01,0x00,0x01,0x00
  1840 00001B11 171717171717170100- <1>
  1840 00001B1A 0100                <1>
  1841 00001B1C 0000000000000D0FFF  <1>     db 0x00,0x00,0x00,0x00,0x00,0x00,0x0D,0x0F,0xFF
  1842                              <1> 
  1843                              <1> vpt_mode07:
  1844 00001B25 501810              <1>     db 80,24,16
  1845 00001B28 0010                <1>     dw 0x1000
  1846 00001B2A 0003000266          <1>     db 0x00,0x03,0x00,0x02,0x66
  1847 00001B2F 5F4F50825581BF1F00- <1>     db 0x5F,0x4F,0x50,0x82,0x55,0x81,0xBF,0x1F,0x00,0x4F,0x0D,0x0E,0x00,0x00,0x00,0x00,0x9C,0x8E,0x8F,0x28,0x0F,0x96,0xB9,0xA3,0xFF
  1847 00001B38 4F0D0E000000009C8E- <1>
  1847 00001B41 8F280F96B9A3FF      <1>
  1848 00001B48 000808080808080810- <1>     db 0x00,0x08,0x08,0x08,0x08,0x08,0x08,0x08,0x10,0x18,0x18,0x18,0x18,0x18,0x18,0x18,0x0E,0x00,0x0F,0x08
  1848 00001B51 181818181818180E00- <1>
  1848 00001B5A 0F08                <1>
  1849 00001B5C 0000000000100A0FFF  <1>     db 0x00,0x00,0x00,0x00,0x00,0x10,0x0A,0x0F,0xFF
  1850                              <1> 
  1851 00001B65 00<rep 140h>        <1>     times 5*64 db 0                 ; modes 08h-0Ch reserved by IBM
  1852                              <1> 
  1853                              <1> vpt_mode0d:
  1854 00001CA5 281808              <1>     db 40,24,8
  1855 00001CA8 0020                <1>     dw 0x2000
  1856 00001CAA 090F000663          <1>     db 0x09,0x0F,0x00,0x06,0x63
  1857 00001CAF 2D2728902B80BF1F00- <1>     db 0x2D,0x27,0x28,0x90,0x2B,0x80,0xBF,0x1F,0x00,0xC0,0x00,0x00,0x00,0x00,0x00,0x00,0x9C,0x8E,0x8F,0x14,0x00,0x96,0xB9,0xE3,0xFF
  1857 00001CB8 C00000000000009C8E- <1>
  1857 00001CC1 8F140096B9E3FF      <1>
  1858 00001CC8 000102030405060710- <1>     db 0x00,0x01,0x02,0x03,0x04,0x05,0x06,0x07,0x10,0x11,0x12,0x13,0x14,0x15,0x16,0x17,0x01,0x00,0x0F,0x00
  1858 00001CD1 111213141516170100- <1>
  1858 00001CDA 0F00                <1>
  1859 00001CDC 000000000000050FFF  <1>     db 0x00,0x00,0x00,0x00,0x00,0x00,0x05,0x0F,0xFF
  1860                              <1> 
  1861                              <1> vpt_mode0e:
  1862 00001CE5 501808              <1>     db 80,24,8
  1863 00001CE8 0040                <1>     dw 0x4000
  1864 00001CEA 010F000663          <1>     db 0x01,0x0F,0x00,0x06,0x63
  1865 00001CEF 5F4F50825480BF1F00- <1>     db 0x5F,0x4F,0x50,0x82,0x54,0x80,0xBF,0x1F,0x00,0xC0,0x00,0x00,0x00,0x00,0x00,0x00,0x9C,0x8E,0x8F,0x28,0x00,0x96,0xB9,0xE3,0xFF
  1865 00001CF8 C00000000000009C8E- <1>
  1865 00001D01 8F280096B9E3FF      <1>
  1866 00001D08 000102030405060710- <1>     db 0x00,0x01,0x02,0x03,0x04,0x05,0x06,0x07,0x10,0x11,0x12,0x13,0x14,0x15,0x16,0x17,0x01,0x00,0x0F,0x00
  1866 00001D11 111213141516170100- <1>
  1866 00001D1A 0F00                <1>
  1867 00001D1C 000000000000050FFF  <1>     db 0x00,0x00,0x00,0x00,0x00,0x00,0x05,0x0F,0xFF
  1868                              <1> 
  1869                              <1> vpt_mode0f:
  1870 00001D25 50180E              <1>     db 80,24,14
  1871 00001D28 0080                <1>     dw 0x8000
  1872 00001D2A 010F0006A3          <1>     db 0x01,0x0F,0x00,0x06,0xA3
  1873 00001D2F 5F4F50825480BF1F00- <1>     db 0x5F,0x4F,0x50,0x82,0x54,0x80,0xBF,0x1F,0x00,0x40,0x00,0x00,0x00,0x00,0x00,0x00,0x83,0x85,0x5D,0x28,0x0F,0x63,0xBA,0xE3,0xFF
  1873 00001D38 400000000000008385- <1>
  1873 00001D41 5D280F63BAE3FF      <1>
  1874 00001D48 000800001818000000- <1>     db 0x00,0x08,0x00,0x00,0x18,0x18,0x00,0x00,0x00,0x08,0x00,0x00,0x00,0x18,0x00,0x00,0x01,0x00,0x01,0x00
  1874 00001D51 080000001800000100- <1>
  1874 00001D5A 0100                <1>
  1875 00001D5C 000000000000050FFF  <1>     db 0x00,0x00,0x00,0x00,0x00,0x00,0x05,0x0F,0xFF
  1876                              <1> 
  1877                              <1> vpt_mode10:
  1878 00001D65 50180E              <1>     db 80,24,14
  1879 00001D68 0080                <1>     dw 0x8000
  1880 00001D6A 010F0006A3          <1>     db 0x01,0x0F,0x00,0x06,0xA3
  1881 00001D6F 5F4F50825480BF1F00- <1>     db 0x5F,0x4F,0x50,0x82,0x54,0x80,0xBF,0x1F,0x00,0x40,0x00,0x00,0x00,0x00,0x00,0x00,0x83,0x85,0x5D,0x28,0x0F,0x63,0xBA,0xE3,0xFF
  1881 00001D78 400000000000008385- <1>
  1881 00001D81 5D280F63BAE3FF      <1>
  1882 00001D88 000102030405140738- <1>     db 0x00,0x01,0x02,0x03,0x04,0x05,0x14,0x07,0x38,0x39,0x3A,0x3B,0x3C,0x3D,0x3E,0x3F,0x01,0x00,0x0F,0x00
  1882 00001D91 393A3B3C3D3E3F0100- <1>
  1882 00001D9A 0F00                <1>
  1883 00001D9C 000000000000050FFF  <1>     db 0x00,0x00,0x00,0x00,0x00,0x00,0x05,0x0F,0xFF
  1884                              <1> 
  1885                              <1> vpt_mode11:
  1886 00001DA5 501D10              <1>     db 80,29,16
  1887 00001DA8 0096                <1>     dw 0x9600
  1888 00001DAA 010F0006E3          <1>     db 0x01,0x0F,0x00,0x06,0xE3
  1889 00001DAF 5F4F508254800B3E00- <1>     db 0x5F,0x4F,0x50,0x82,0x54,0x80,0x0B,0x3E,0x00,0x40,0x00,0x00,0x00,0x00,0x00,0x00,0xEA,0x8C,0xDF,0x28,0x00,0xE7,0x04,0xE3,0xFF
  1889 00001DB8 40000000000000EA8C- <1>
  1889 00001DC1 DF2800E704E3FF      <1>
  1890 00001DC8 003F003F003F003F00- <1>     db 0x00,0x3F,0x00,0x3F,0x00,0x3F,0x00,0x3F,0x00,0x3F,0x00,0x3F,0x00,0x3F,0x00,0x3F,0x01,0x00,0x0F,0x00
  1890 00001DD1 3F003F003F003F0100- <1>
  1890 00001DDA 0F00                <1>
  1891 00001DDC 000000000000050FFF  <1>     db 0x00,0x00,0x00,0x00,0x00,0x00,0x05,0x0F,0xFF
  1892                              <1> 
  1893                              <1> vpt_mode12:
  1894 00001DE5 501D10              <1>     db 80,29,16
  1895 00001DE8 0096                <1>     dw 0x9600
  1896 00001DEA 010F0006E3          <1>     db 0x01,0x0F,0x00,0x06,0xE3
  1897 00001DEF 5F4F508254800B3E00- <1>     db 0x5F,0x4F,0x50,0x82,0x54,0x80,0x0B,0x3E,0x00,0x40,0x00,0x00,0x00,0x00,0x00,0x00,0xEA,0x8C,0xDF,0x28,0x00,0xE7,0x04,0xE3,0xFF
  1897 00001DF8 40000000000000EA8C- <1>
  1897 00001E01 DF2800E704E3FF      <1>
  1898 00001E08 000102030405140738- <1>     db 0x00,0x01,0x02,0x03,0x04,0x05,0x14,0x07,0x38,0x39,0x3A,0x3B,0x3C,0x3D,0x3E,0x3F,0x01,0x00,0x0F,0x00
  1898 00001E11 393A3B3C3D3E3F0100- <1>
  1898 00001E1A 0F00                <1>
  1899 00001E1C 000000000000050FFF  <1>     db 0x00,0x00,0x00,0x00,0x00,0x00,0x05,0x0F,0xFF
  1900                              <1> 
  1901                              <1> vpt_mode13:
  1902 00001E25 281808              <1>     db 40,24,8
  1903 00001E28 00FA                <1>     dw 0xFA00
  1904 00001E2A 010F000E63          <1>     db 0x01,0x0F,0x00,0x0E,0x63
  1905 00001E2F 5F4F50825480BF1F00- <1>     db 0x5F,0x4F,0x50,0x82,0x54,0x80,0xBF,0x1F,0x00,0x41,0x00,0x00,0x00,0x00,0x00,0x00,0x9C,0x8E,0x8F,0x28,0x40,0x96,0xB9,0xA3,0xFF
  1905 00001E38 410000000000009C8E- <1>
  1905 00001E41 8F284096B9A3FF      <1>
  1906 00001E48 000102030405060708- <1>     db 0x00,0x01,0x02,0x03,0x04,0x05,0x06,0x07,0x08,0x09,0x0A,0x0B,0x0C,0x0D,0x0E,0x0F,0x41,0x00,0x0F,0x00
  1906 00001E51 090A0B0C0D0E0F4100- <1>
  1906 00001E5A 0F00                <1>
  1907 00001E5C 000000000040050FFF  <1>     db 0x00,0x00,0x00,0x00,0x00,0x40,0x05,0x0F,0xFF
  1946                                  
  1947                                  ; Register tables: standard IBM-compatible VGA programming sequences.
  1948                                  ; ---------------------------------------------------------------------------
  1949                                  ; Canonical 64-entry EGA-compatible VGA DAC cube.
  1950                                  ; DAC component values are 6-bit: 00h, 15h, 2Ah, 3Fh.
  1951                                  ega64_dac_table:
  1952 00001E65 00000000002A002A00-         db 0x00,0x00,0x00,0x00,0x00,0x2A,0x00,0x2A,0x00,0x00,0x2A,0x2A,0x2A,0x00,0x00,0x2A,0x00,0x2A,0x2A,0x2A,0x00,0x2A,0x2A,0x2A
  1952 00001E6E 002A2A2A00002A002A-
  1952 00001E77 2A2A002A2A2A       
  1953 00001E7D 00001500003F002A15-         db 0x00,0x00,0x15,0x00,0x00,0x3F,0x00,0x2A,0x15,0x00,0x2A,0x3F,0x2A,0x00,0x15,0x2A,0x00,0x3F,0x2A,0x2A,0x15,0x2A,0x2A,0x3F
  1953 00001E86 002A3F2A00152A003F-
  1953 00001E8F 2A2A152A2A3F       
  1954 00001E95 00150000152A003F00-         db 0x00,0x15,0x00,0x00,0x15,0x2A,0x00,0x3F,0x00,0x00,0x3F,0x2A,0x2A,0x15,0x00,0x2A,0x15,0x2A,0x2A,0x3F,0x00,0x2A,0x3F,0x2A
  1954 00001E9E 003F2A2A15002A152A-
  1954 00001EA7 2A3F002A3F2A       
  1955 00001EAD 00151500153F003F15-         db 0x00,0x15,0x15,0x00,0x15,0x3F,0x00,0x3F,0x15,0x00,0x3F,0x3F,0x2A,0x15,0x15,0x2A,0x15,0x3F,0x2A,0x3F,0x15,0x2A,0x3F,0x3F
  1955 00001EB6 003F3F2A15152A153F-
  1955 00001EBF 2A3F152A3F3F       
  1956 00001EC5 15000015002A152A00-         db 0x15,0x00,0x00,0x15,0x00,0x2A,0x15,0x2A,0x00,0x15,0x2A,0x2A,0x3F,0x00,0x00,0x3F,0x00,0x2A,0x3F,0x2A,0x00,0x3F,0x2A,0x2A
  1956 00001ECE 152A2A3F00003F002A-
  1956 00001ED7 3F2A003F2A2A       
  1957 00001EDD 15001515003F152A15-         db 0x15,0x00,0x15,0x15,0x00,0x3F,0x15,0x2A,0x15,0x15,0x2A,0x3F,0x3F,0x00,0x15,0x3F,0x00,0x3F,0x3F,0x2A,0x15,0x3F,0x2A,0x3F
  1957 00001EE6 152A3F3F00153F003F-
  1957 00001EEF 3F2A153F2A3F       
  1958 00001EF5 15150015152A153F00-         db 0x15,0x15,0x00,0x15,0x15,0x2A,0x15,0x3F,0x00,0x15,0x3F,0x2A,0x3F,0x15,0x00,0x3F,0x15,0x2A,0x3F,0x3F,0x00,0x3F,0x3F,0x2A
  1958 00001EFE 153F2A3F15003F152A-
  1958 00001F07 3F3F003F3F2A       
  1959 00001F0D 15151515153F153F15-         db 0x15,0x15,0x15,0x15,0x15,0x3F,0x15,0x3F,0x15,0x15,0x3F,0x3F,0x3F,0x15,0x15,0x3F,0x15,0x3F,0x3F,0x3F,0x15,0x3F,0x3F,0x3F
  1959 00001F16 153F3F3F15153F153F-
  1959 00001F1F 3F3F153F3F3F       
  1960                                  
  1961                                  ; IBM VGA/XGA Technical Reference, Figure 2-4 and pp. 2-12..2-23:
  1962                                  ; https://bitsavers.org/pdf/ibm/pc/cards/IBM_VGA_XGA_Technical_Reference_Manual_May92.pdf
  1963                                  ; Video Seven VGA Technical Reference, Tables 4-8/4-9, pp. 4-37..4-38:
  1964                                  ; https://bitsavers.org/components/video7/700-0242_V7_VGA_Technical_Reference_Manual_Jun88.pdf
  1965                                  ; Layout: [MISC][SR0..4][CR0..18][GR0..8][AR0..14].
  1966                                  
  1967                                  mode01_table:
  1968 00001F25 67                          db 0x67
  1969 00001F26 0308030002                  db 0x03,0x08,0x03,0x00,0x02
  1970 00001F2B 2D2728902BA0BF1F00-         db 0x2D,0x27,0x28,0x90,0x2B,0xA0,0xBF,0x1F,0x00,0x4F,0x0D,0x0E,0x00,0x00,0x00,0x00,0x9C,0x8E,0x8F,0x14,0x1F,0x96,0xB9,0xA3,0xFF
  1970 00001F34 4F0D0E000000009C8E-
  1970 00001F3D 8F141F96B9A3FF     
  1971 00001F44 0000000000100E0FFF          db 0x00,0x00,0x00,0x00,0x00,0x10,0x0E,0x0F,0xFF
  1972 00001F4D 000102030405140738-         db 0x00,0x01,0x02,0x03,0x04,0x05,0x14,0x07,0x38,0x39,0x3A,0x3B,0x3C,0x3D,0x3E,0x3F,0x0C,0x00,0x0F,0x08,0x00
  1972 00001F56 393A3B3C3D3E3F0C00-
  1972 00001F5F 0F0800             
  1973                                  
  1974                                  mode03_table:
  1975 00001F62 67                          db 0x67
  1976 00001F63 0300030002                  db 0x03,0x00,0x03,0x00,0x02
  1977 00001F68 5F4F50825581BF1F00-         db 0x5F,0x4F,0x50,0x82,0x55,0x81,0xBF,0x1F,0x00,0x4F,0x0D,0x0E,0x00,0x00,0x00,0x50,0x9C,0x8E,0x8F,0x28,0x1F,0x96,0xB9,0xA3,0xFF
  1977 00001F71 4F0D0E000000509C8E-
  1977 00001F7A 8F281F96B9A3FF     
  1978 00001F81 0000000000100E00FF          db 0x00,0x00,0x00,0x00,0x00,0x10,0x0E,0x00,0xFF
  1979 00001F8A 000102030405140738-         db 0x00,0x01,0x02,0x03,0x04,0x05,0x14,0x07,0x38,0x39,0x3A,0x3B,0x3C,0x3D,0x3E,0x3F,0x0C,0x00,0x0F,0x08,0x00
  1979 00001F93 393A3B3C3D3E3F0C00-
  1979 00001F9C 0F0800             
  1980                                  
  1981                                  mode07_table:
  1982 00001F9F 66                          db 0x66
  1983 00001FA0 0300030002                  db 0x03,0x00,0x03,0x00,0x02
  1984 00001FA5 5F4F50825581BF1F00-         db 0x5F,0x4F,0x50,0x82,0x55,0x81,0xBF,0x1F,0x00,0x4F,0x0D,0x0E,0x00,0x00,0x00,0x00,0x9C,0x8E,0x8F,0x28,0x0F,0x96,0xB9,0xA3,0xFF
  1984 00001FAE 4F0D0E000000009C8E-
  1984 00001FB7 8F280F96B9A3FF     
  1985 00001FBE 0000000000100A0FFF          db 0x00,0x00,0x00,0x00,0x00,0x10,0x0A,0x0F,0xFF
  1986 00001FC7 000808080808080810-         db 0x00,0x08,0x08,0x08,0x08,0x08,0x08,0x08,0x10,0x18,0x18,0x18,0x18,0x18,0x18,0x18,0x0E,0x00,0x0F,0x08,0x00
  1986 00001FD0 181818181818180E00-
  1986 00001FD9 0F0800             
  1987                                  
  1988                                  mode04_table:
  1989 00001FDC 63                          db 0x63
  1990 00001FDD 0309030002                  db 0x03,0x09,0x03,0x00,0x02
  1991 00001FE2 2D2728902B80BF1F00-         db 0x2D,0x27,0x28,0x90,0x2B,0x80,0xBF,0x1F,0x00,0xC1,0x00,0x00,0x00,0x00,0x00,0x00,0x9C,0x8E,0x8F,0x14,0x00,0x96,0xB9,0xA2,0xFF
  1991 00001FEB C10000000000009C8E-
  1991 00001FF4 8F140096B9A2FF     
  1992 00001FFB 0000000000300F0FFF          db 0x00,0x00,0x00,0x00,0x00,0x30,0x0F,0x0F,0xFF
  1993 00002004 001315170204060710-         db 0x00,0x13,0x15,0x17,0x02,0x04,0x06,0x07,0x10,0x11,0x12,0x13,0x14,0x15,0x16,0x17,0x01,0x00,0x03,0x00,0x00
  1993 0000200D 111213141516170100-
  1993 00002016 030000             
  1994                                  
  1995                                  mode05_table:
  1996 00002019 63                          db 0x63
  1997 0000201A 0309030002                  db 0x03,0x09,0x03,0x00,0x02
  1998 0000201F 2D2728902B80BF1F00-         db 0x2D,0x27,0x28,0x90,0x2B,0x80,0xBF,0x1F,0x00,0xC1,0x00,0x00,0x00,0x00,0x00,0x00,0x9C,0x8E,0x8F,0x14,0x00,0x96,0xB9,0xA2,0xFF
  1998 00002028 C10000000000009C8E-
  1998 00002031 8F140096B9A2FF     
  1999 00002038 0000000000300F0FFF          db 0x00,0x00,0x00,0x00,0x00,0x30,0x0F,0x0F,0xFF
  2000 00002041 001315170204060710-         db 0x00,0x13,0x15,0x17,0x02,0x04,0x06,0x07,0x10,0x11,0x12,0x13,0x14,0x15,0x16,0x17,0x01,0x00,0x03,0x00,0x00
  2000 0000204A 111213141516170100-
  2000 00002053 030000             
  2001                                  
  2002                                  mode06_table:
  2003 00002056 63                          db 0x63
  2004 00002057 0301010006                  db 0x03,0x01,0x01,0x00,0x06
  2005 0000205C 5F4F50825480BF1F00-         db 0x5F,0x4F,0x50,0x82,0x54,0x80,0xBF,0x1F,0x00,0xC1,0x00,0x00,0x00,0x00,0x00,0x00,0x9C,0x8E,0x8F,0x28,0x00,0x96,0xB9,0xC2,0xFF
  2005 00002065 C10000000000009C8E-
  2005 0000206E 8F280096B9C2FF     
  2006 00002075 0000000000000D0FFF          db 0x00,0x00,0x00,0x00,0x00,0x00,0x0D,0x0F,0xFF
  2007 0000207E 001717171717171717-         db 0x00,0x17,0x17,0x17,0x17,0x17,0x17,0x17,0x17,0x17,0x17,0x17,0x17,0x17,0x17,0x17,0x01,0x00,0x01,0x00,0x00
  2007 00002087 171717171717170100-
  2007 00002090 010000             
  2008                                  
  2009                                  mode0d_table:
  2010 00002093 63                          db 0x63
  2011 00002094 03090F0006                  db 0x03,0x09,0x0F,0x00,0x06
  2012 00002099 2D2728902B80BF1F00-         db 0x2D,0x27,0x28,0x90,0x2B,0x80,0xBF,0x1F,0x00,0xC0,0x00,0x00,0x00,0x00,0x00,0x00,0x9C,0x8E,0x8F,0x14,0x00,0x96,0xB9,0xE3,0xFF
  2012 000020A2 C00000000000009C8E-
  2012 000020AB 8F140096B9E3FF     
  2013 000020B2 000000000000050FFF          db 0x00,0x00,0x00,0x00,0x00,0x00,0x05,0x0F,0xFF
  2014 000020BB 000102030405060710-         db 0x00,0x01,0x02,0x03,0x04,0x05,0x06,0x07,0x10,0x11,0x12,0x13,0x14,0x15,0x16,0x17,0x01,0x00,0x0F,0x00,0x00
  2014 000020C4 111213141516170100-
  2014 000020CD 0F0000             
  2015                                  
  2016                                  mode0e_table:
  2017 000020D0 63                          db 0x63
  2018 000020D1 03010F0006                  db 0x03,0x01,0x0F,0x00,0x06
  2019 000020D6 5F4F50825480BF1F00-         db 0x5F,0x4F,0x50,0x82,0x54,0x80,0xBF,0x1F,0x00,0xC0,0x00,0x00,0x00,0x00,0x00,0x00,0x9C,0x8E,0x8F,0x28,0x00,0x96,0xB9,0xE3,0xFF
  2019 000020DF C00000000000009C8E-
  2019 000020E8 8F280096B9E3FF     
  2020 000020EF 000000000000050FFF          db 0x00,0x00,0x00,0x00,0x00,0x00,0x05,0x0F,0xFF
  2021 000020F8 000102030405060710-         db 0x00,0x01,0x02,0x03,0x04,0x05,0x06,0x07,0x10,0x11,0x12,0x13,0x14,0x15,0x16,0x17,0x01,0x00,0x0F,0x00,0x00
  2021 00002101 111213141516170100-
  2021 0000210A 0F0000             
  2022                                  
  2023                                  mode0f_table:
  2024 0000210D A3                          db 0xA3
  2025 0000210E 03010F0006                  db 0x03,0x01,0x0F,0x00,0x06
  2026 00002113 5F4F50825480BF1F00-         db 0x5F,0x4F,0x50,0x82,0x54,0x80,0xBF,0x1F,0x00,0x40,0x00,0x00,0x00,0x00,0x00,0x00,0x83,0x85,0x5D,0x28,0x0F,0x63,0xBA,0xE3,0xFF
  2026 0000211C 400000000000008385-
  2026 00002125 5D280F63BAE3FF     
  2027 0000212C 000000000000050FFF          db 0x00,0x00,0x00,0x00,0x00,0x00,0x05,0x0F,0xFF
  2028 00002135 000800001818000000-         db 0x00,0x08,0x00,0x00,0x18,0x18,0x00,0x00,0x00,0x08,0x00,0x00,0x00,0x18,0x00,0x00,0x01,0x00,0x01,0x00,0x00
  2028 0000213E 080000001800000100-
  2028 00002147 010000             
  2029                                  
  2030                                  mode10_table:
  2031 0000214A A3                          db 0xA3
  2032 0000214B 03010F0006                  db 0x03,0x01,0x0F,0x00,0x06
  2033 00002150 5F4F50825480BF1F00-         db 0x5F,0x4F,0x50,0x82,0x54,0x80,0xBF,0x1F,0x00,0x40,0x00,0x00,0x00,0x00,0x00,0x00,0x83,0x85,0x5D,0x28,0x0F,0x63,0xBA,0xE3,0xFF
  2033 00002159 400000000000008385-
  2033 00002162 5D280F63BAE3FF     
  2034 00002169 000000000000050FFF          db 0x00,0x00,0x00,0x00,0x00,0x00,0x05,0x0F,0xFF
  2035 00002172 000102030405140738-         db 0x00,0x01,0x02,0x03,0x04,0x05,0x14,0x07,0x38,0x39,0x3A,0x3B,0x3C,0x3D,0x3E,0x3F,0x01,0x00,0x0F,0x00,0x00
  2035 0000217B 393A3B3C3D3E3F0100-
  2035 00002184 0F0000             
  2036                                  
  2037                                  mode11_table:
  2038 00002187 E3                          db 0xE3
  2039 00002188 03010F0006                  db 0x03,0x01,0x0F,0x00,0x06
  2040 0000218D 5F4F508254800B3E00-         db 0x5F,0x4F,0x50,0x82,0x54,0x80,0x0B,0x3E,0x00,0x40,0x00,0x00,0x00,0x00,0x00,0x00,0xEA,0x8C,0xDF,0x28,0x00,0xE7,0x04,0xE3,0xFF
  2040 00002196 40000000000000EA8C-
  2040 0000219F DF2800E704E3FF     
  2041 000021A6 000000000000050FFF          db 0x00,0x00,0x00,0x00,0x00,0x00,0x05,0x0F,0xFF
  2042 000021AF 003F003F003F003F00-         db 0x00,0x3F,0x00,0x3F,0x00,0x3F,0x00,0x3F,0x00,0x3F,0x00,0x3F,0x00,0x3F,0x00,0x3F,0x01,0x00,0x0F,0x00,0x00
  2042 000021B8 3F003F003F003F0100-
  2042 000021C1 0F0000             
  2043                                  
  2044                                  mode12_table:
  2045 000021C4 E3                          db 0xE3
  2046 000021C5 03010F0006                  db 0x03,0x01,0x0F,0x00,0x06
  2047 000021CA 5F4F508254800B3E00-         db 0x5F,0x4F,0x50,0x82,0x54,0x80,0x0B,0x3E,0x00,0x40,0x00,0x00,0x00,0x00,0x00,0x00,0xEA,0x8C,0xDF,0x28,0x00,0xE7,0x04,0xE3,0xFF
  2047 000021D3 40000000000000EA8C-
  2047 000021DC DF2800E704E3FF     
  2048 000021E3 000000000000050FFF          db 0x00,0x00,0x00,0x00,0x00,0x00,0x05,0x0F,0xFF
  2049 000021EC 000102030405140738-         db 0x00,0x01,0x02,0x03,0x04,0x05,0x14,0x07,0x38,0x39,0x3A,0x3B,0x3C,0x3D,0x3E,0x3F,0x01,0x00,0x0F,0x00,0x00
  2049 000021F5 393A3B3C3D3E3F0100-
  2049 000021FE 0F0000             
  2050                                  
  2051                                  mode13_table:
  2052 00002201 63                          db 0x63
  2053 00002202 03010F000E                  db 0x03,0x01,0x0F,0x00,0x0E
  2054 00002207 5F4F50825480BF1F00-         db 0x5F,0x4F,0x50,0x82,0x54,0x80,0xBF,0x1F,0x00,0x41,0x00,0x00,0x00,0x00,0x00,0x00,0x9C,0x8E,0x8F,0x28,0x40,0x96,0xB9,0xA3,0xFF
  2054 00002210 410000000000009C8E-
  2054 00002219 8F284096B9A3FF     
  2055 00002220 000000000040050FFF          db 0x00,0x00,0x00,0x00,0x00,0x40,0x05,0x0F,0xFF
  2056 00002229 000102030405060708-         db 0x00,0x01,0x02,0x03,0x04,0x05,0x06,0x07,0x08,0x09,0x0A,0x0B,0x0C,0x0D,0x0E,0x0F,0x41,0x00,0x0F,0x00,0x00
  2056 00002232 090A0B0C0D0E0F4100-
  2056 0000223B 0F0000             
  2057                                  
  2058                                  %include "stealthpro_vga_256_dac.inc"
     1                              <1> ; IBM VGA default 256-colour DAC palette, 6-bit R/G/B components.
     2                              <1> ; Reference: IBM VGA/XGA Technical Reference Manual, VGA BIOS default palette;
     3                              <1> ; cross-checked against the public VGABIOS standard palette table.
     4                              <1> default_vga_256_dac:
     5 0000223E 00000000002A002A00- <1>     db 0x00,0x00,0x00,0x00,0x00,0x2A,0x00,0x2A,0x00,0x00,0x2A,0x2A,0x2A,0x00,0x00,0x2A,0x00,0x2A,0x2A,0x15,0x00,0x2A,0x2A,0x2A
     5 00002247 002A2A2A00002A002A- <1>
     5 00002250 2A15002A2A2A        <1>
     6 00002256 15151515153F153F15- <1>     db 0x15,0x15,0x15,0x15,0x15,0x3F,0x15,0x3F,0x15,0x15,0x3F,0x3F,0x3F,0x15,0x15,0x3F,0x15,0x3F,0x3F,0x3F,0x15,0x3F,0x3F,0x3F
     6 0000225F 153F3F3F15153F153F- <1>
     6 00002268 3F3F153F3F3F        <1>
     7 0000226E 000000050505080808- <1>     db 0x00,0x00,0x00,0x05,0x05,0x05,0x08,0x08,0x08,0x0B,0x0B,0x0B,0x0E,0x0E,0x0E,0x11,0x11,0x11,0x14,0x14,0x14,0x18,0x18,0x18
     7 00002277 0B0B0B0E0E0E111111- <1>
     7 00002280 141414181818        <1>
     8 00002286 1C1C1C202020242424- <1>     db 0x1C,0x1C,0x1C,0x20,0x20,0x20,0x24,0x24,0x24,0x28,0x28,0x28,0x2D,0x2D,0x2D,0x32,0x32,0x32,0x38,0x38,0x38,0x3F,0x3F,0x3F
     8 0000228F 2828282D2D2D323232- <1>
     8 00002298 3838383F3F3F        <1>
     9 0000229E 00003F10003F1F003F- <1>     db 0x00,0x00,0x3F,0x10,0x00,0x3F,0x1F,0x00,0x3F,0x2F,0x00,0x3F,0x3F,0x00,0x3F,0x3F,0x00,0x2F,0x3F,0x00,0x1F,0x3F,0x00,0x10
     9 000022A7 2F003F3F003F3F002F- <1>
     9 000022B0 3F001F3F0010        <1>
    10 000022B6 3F00003F10003F1F00- <1>     db 0x3F,0x00,0x00,0x3F,0x10,0x00,0x3F,0x1F,0x00,0x3F,0x2F,0x00,0x3F,0x3F,0x00,0x2F,0x3F,0x00,0x1F,0x3F,0x00,0x10,0x3F,0x00
    10 000022BF 3F2F003F3F002F3F00- <1>
    10 000022C8 1F3F00103F00        <1>
    11 000022CE 003F00003F10003F1F- <1>     db 0x00,0x3F,0x00,0x00,0x3F,0x10,0x00,0x3F,0x1F,0x00,0x3F,0x2F,0x00,0x3F,0x3F,0x00,0x2F,0x3F,0x00,0x1F,0x3F,0x00,0x10,0x3F
    11 000022D7 003F2F003F3F002F3F- <1>
    11 000022E0 001F3F00103F        <1>
    12 000022E6 1F1F3F271F3F2F1F3F- <1>     db 0x1F,0x1F,0x3F,0x27,0x1F,0x3F,0x2F,0x1F,0x3F,0x37,0x1F,0x3F,0x3F,0x1F,0x3F,0x3F,0x1F,0x37,0x3F,0x1F,0x2F,0x3F,0x1F,0x27
    12 000022EF 371F3F3F1F3F3F1F37- <1>
    12 000022F8 3F1F2F3F1F27        <1>
    13 000022FE 3F1F1F3F271F3F2F1F- <1>     db 0x3F,0x1F,0x1F,0x3F,0x27,0x1F,0x3F,0x2F,0x1F,0x3F,0x37,0x1F,0x3F,0x3F,0x1F,0x37,0x3F,0x1F,0x2F,0x3F,0x1F,0x27,0x3F,0x1F
    13 00002307 3F371F3F3F1F373F1F- <1>
    13 00002310 2F3F1F273F1F        <1>
    14 00002316 1F3F1F1F3F271F3F2F- <1>     db 0x1F,0x3F,0x1F,0x1F,0x3F,0x27,0x1F,0x3F,0x2F,0x1F,0x3F,0x37,0x1F,0x3F,0x3F,0x1F,0x37,0x3F,0x1F,0x2F,0x3F,0x1F,0x27,0x3F
    14 0000231F 1F3F371F3F3F1F373F- <1>
    14 00002328 1F2F3F1F273F        <1>
    15 0000232E 2D2D3F312D3F362D3F- <1>     db 0x2D,0x2D,0x3F,0x31,0x2D,0x3F,0x36,0x2D,0x3F,0x3A,0x2D,0x3F,0x3F,0x2D,0x3F,0x3F,0x2D,0x3A,0x3F,0x2D,0x36,0x3F,0x2D,0x31
    15 00002337 3A2D3F3F2D3F3F2D3A- <1>
    15 00002340 3F2D363F2D31        <1>
    16 00002346 3F2D2D3F312D3F362D- <1>     db 0x3F,0x2D,0x2D,0x3F,0x31,0x2D,0x3F,0x36,0x2D,0x3F,0x3A,0x2D,0x3F,0x3F,0x2D,0x3A,0x3F,0x2D,0x36,0x3F,0x2D,0x31,0x3F,0x2D
    16 0000234F 3F3A2D3F3F2D3A3F2D- <1>
    16 00002358 363F2D313F2D        <1>
    17 0000235E 2D3F2D2D3F312D3F36- <1>     db 0x2D,0x3F,0x2D,0x2D,0x3F,0x31,0x2D,0x3F,0x36,0x2D,0x3F,0x3A,0x2D,0x3F,0x3F,0x2D,0x3A,0x3F,0x2D,0x36,0x3F,0x2D,0x31,0x3F
    17 00002367 2D3F3A2D3F3F2D3A3F- <1>
    17 00002370 2D363F2D313F        <1>
    18 00002376 00001C07001C0E001C- <1>     db 0x00,0x00,0x1C,0x07,0x00,0x1C,0x0E,0x00,0x1C,0x15,0x00,0x1C,0x1C,0x00,0x1C,0x1C,0x00,0x15,0x1C,0x00,0x0E,0x1C,0x00,0x07
    18 0000237F 15001C1C001C1C0015- <1>
    18 00002388 1C000E1C0007        <1>
    19 0000238E 1C00001C07001C0E00- <1>     db 0x1C,0x00,0x00,0x1C,0x07,0x00,0x1C,0x0E,0x00,0x1C,0x15,0x00,0x1C,0x1C,0x00,0x15,0x1C,0x00,0x0E,0x1C,0x00,0x07,0x1C,0x00
    19 00002397 1C15001C1C00151C00- <1>
    19 000023A0 0E1C00071C00        <1>
    20 000023A6 001C00001C07001C0E- <1>     db 0x00,0x1C,0x00,0x00,0x1C,0x07,0x00,0x1C,0x0E,0x00,0x1C,0x15,0x00,0x1C,0x1C,0x00,0x15,0x1C,0x00,0x0E,0x1C,0x00,0x07,0x1C
    20 000023AF 001C15001C1C00151C- <1>
    20 000023B8 000E1C00071C        <1>
    21 000023BE 0E0E1C110E1C150E1C- <1>     db 0x0E,0x0E,0x1C,0x11,0x0E,0x1C,0x15,0x0E,0x1C,0x18,0x0E,0x1C,0x1C,0x0E,0x1C,0x1C,0x0E,0x18,0x1C,0x0E,0x15,0x1C,0x0E,0x11
    21 000023C7 180E1C1C0E1C1C0E18- <1>
    21 000023D0 1C0E151C0E11        <1>
    22 000023D6 1C0E0E1C110E1C150E- <1>     db 0x1C,0x0E,0x0E,0x1C,0x11,0x0E,0x1C,0x15,0x0E,0x1C,0x18,0x0E,0x1C,0x1C,0x0E,0x18,0x1C,0x0E,0x15,0x1C,0x0E,0x11,0x1C,0x0E
    22 000023DF 1C180E1C1C0E181C0E- <1>
    22 000023E8 151C0E111C0E        <1>
    23 000023EE 0E1C0E0E1C110E1C15- <1>     db 0x0E,0x1C,0x0E,0x0E,0x1C,0x11,0x0E,0x1C,0x15,0x0E,0x1C,0x18,0x0E,0x1C,0x1C,0x0E,0x18,0x1C,0x0E,0x15,0x1C,0x0E,0x11,0x1C
    23 000023F7 0E1C180E1C1C0E181C- <1>
    23 00002400 0E151C0E111C        <1>
    24 00002406 14141C16141C18141C- <1>     db 0x14,0x14,0x1C,0x16,0x14,0x1C,0x18,0x14,0x1C,0x1A,0x14,0x1C,0x1C,0x14,0x1C,0x1C,0x14,0x1A,0x1C,0x14,0x18,0x1C,0x14,0x16
    24 0000240F 1A141C1C141C1C141A- <1>
    24 00002418 1C14181C1416        <1>
    25 0000241E 1C14141C16141C1814- <1>     db 0x1C,0x14,0x14,0x1C,0x16,0x14,0x1C,0x18,0x14,0x1C,0x1A,0x14,0x1C,0x1C,0x14,0x1A,0x1C,0x14,0x18,0x1C,0x14,0x16,0x1C,0x14
    25 00002427 1C1A141C1C141A1C14- <1>
    25 00002430 181C14161C14        <1>
    26 00002436 141C14141C16141C18- <1>     db 0x14,0x1C,0x14,0x14,0x1C,0x16,0x14,0x1C,0x18,0x14,0x1C,0x1A,0x14,0x1C,0x1C,0x14,0x1A,0x1C,0x14,0x18,0x1C,0x14,0x16,0x1C
    26 0000243F 141C1A141C1C141A1C- <1>
    26 00002448 14181C14161C        <1>
    27 0000244E 000010040010080010- <1>     db 0x00,0x00,0x10,0x04,0x00,0x10,0x08,0x00,0x10,0x0C,0x00,0x10,0x10,0x00,0x10,0x10,0x00,0x0C,0x10,0x00,0x08,0x10,0x00,0x04
    27 00002457 0C001010001010000C- <1>
    27 00002460 100008100004        <1>
    28 00002466 100000100400100800- <1>     db 0x10,0x00,0x00,0x10,0x04,0x00,0x10,0x08,0x00,0x10,0x0C,0x00,0x10,0x10,0x00,0x0C,0x10,0x00,0x08,0x10,0x00,0x04,0x10,0x00
    28 0000246F 100C001010000C1000- <1>
    28 00002478 081000041000        <1>
    29 0000247E 001000001004001008- <1>     db 0x00,0x10,0x00,0x00,0x10,0x04,0x00,0x10,0x08,0x00,0x10,0x0C,0x00,0x10,0x10,0x00,0x0C,0x10,0x00,0x08,0x10,0x00,0x04,0x10
    29 00002487 00100C001010000C10- <1>
    29 00002490 000810000410        <1>
    30 00002496 0808100A08100C0810- <1>     db 0x08,0x08,0x10,0x0A,0x08,0x10,0x0C,0x08,0x10,0x0E,0x08,0x10,0x10,0x08,0x10,0x10,0x08,0x0E,0x10,0x08,0x0C,0x10,0x08,0x0A
    30 0000249F 0E081010081010080E- <1>
    30 000024A8 10080C10080A        <1>
    31 000024AE 100808100A08100C08- <1>     db 0x10,0x08,0x08,0x10,0x0A,0x08,0x10,0x0C,0x08,0x10,0x0E,0x08,0x10,0x10,0x08,0x0E,0x10,0x08,0x0C,0x10,0x08,0x0A,0x10,0x08
    31 000024B7 100E081010080E1008- <1>
    31 000024C0 0C10080A1008        <1>
    32 000024C6 08100808100A08100C- <1>     db 0x08,0x10,0x08,0x08,0x10,0x0A,0x08,0x10,0x0C,0x08,0x10,0x0E,0x08,0x10,0x10,0x08,0x0E,0x10,0x08,0x0C,0x10,0x08,0x0A,0x10
    32 000024CF 08100E081010080E10- <1>
    32 000024D8 080C10080A10        <1>
    33 000024DE 0B0B100C0B100D0B10- <1>     db 0x0B,0x0B,0x10,0x0C,0x0B,0x10,0x0D,0x0B,0x10,0x0F,0x0B,0x10,0x10,0x0B,0x10,0x10,0x0B,0x0F,0x10,0x0B,0x0D,0x10,0x0B,0x0C
    33 000024E7 0F0B10100B10100B0F- <1>
    33 000024F0 100B0D100B0C        <1>
    34 000024F6 100B0B100C0B100D0B- <1>     db 0x10,0x0B,0x0B,0x10,0x0C,0x0B,0x10,0x0D,0x0B,0x10,0x0F,0x0B,0x10,0x10,0x0B,0x0F,0x10,0x0B,0x0D,0x10,0x0B,0x0C,0x10,0x0B
    34 000024FF 100F0B10100B0F100B- <1>
    34 00002508 0D100B0C100B        <1>
    35 0000250E 0B100B0B100C0B100D- <1>     db 0x0B,0x10,0x0B,0x0B,0x10,0x0C,0x0B,0x10,0x0D,0x0B,0x10,0x0F,0x0B,0x10,0x10,0x0B,0x0F,0x10,0x0B,0x0D,0x10,0x0B,0x0C,0x10
    35 00002517 0B100F0B10100B0F10- <1>
    35 00002520 0B0D100B0C10        <1>
    36 00002526 000000000000000000- <1>     db 0x00,0x00,0x00,0x00,0x00,0x00,0x00,0x00,0x00,0x00,0x00,0x00,0x00,0x00,0x00,0x00,0x00,0x00,0x00,0x00,0x00,0x00,0x00,0x00
    36 0000252F 000000000000000000- <1>
    36 00002538 000000000000        <1>
  2059                                  
  2060                                  ; The card's resident 8x16 CP437 font.  Mode 2/3 and the implemented AH=11h
  2061                                  ; ROM-font services load or return this actual option-ROM payload.
  2062                                  %include "stealthpro_cp437_8x16.inc"
     1                              <1> default_font_8x16:
     2 0000253E 000000000000000000- <1>     db 0x00,0x00,0x00,0x00,0x00,0x00,0x00,0x00,0x00,0x00,0x00,0x00,0x00,0x00,0x00,0x00
     2 00002547 00000000000000      <1>
     3 0000254E 7E7E8181A5A58181BD- <1>     db 0x7E,0x7E,0x81,0x81,0xA5,0xA5,0x81,0x81,0xBD,0xBD,0x99,0x99,0x81,0x81,0x7E,0x7E
     3 00002557 BD999981817E7E      <1>
     4 0000255E 7E7EFFFFDBDBFFFFC3- <1>     db 0x7E,0x7E,0xFF,0xFF,0xDB,0xDB,0xFF,0xFF,0xC3,0xC3,0xE7,0xE7,0xFF,0xFF,0x7E,0x7E
     4 00002567 C3E7E7FFFF7E7E      <1>
     5 0000256E 4444EEEEFEFEFEFE7C- <1>     db 0x44,0x44,0xEE,0xEE,0xFE,0xFE,0xFE,0xFE,0x7C,0x7C,0x38,0x38,0x10,0x10,0x00,0x00
     5 00002577 7C383810100000      <1>
     6 0000257E 101038387C7CFEFE7C- <1>     db 0x10,0x10,0x38,0x38,0x7C,0x7C,0xFE,0xFE,0x7C,0x7C,0x38,0x38,0x10,0x10,0x00,0x00
     6 00002587 7C383810100000      <1>
     7 0000258E 18183C3CDBDBFFFFDB- <1>     db 0x18,0x18,0x3C,0x3C,0xDB,0xDB,0xFF,0xFF,0xDB,0xDB,0x18,0x18,0x3C,0x3C,0x00,0x00
     7 00002597 DB18183C3C0000      <1>
     8 0000259E 18183C3C7E7EFFFF7E- <1>     db 0x18,0x18,0x3C,0x3C,0x7E,0x7E,0xFF,0xFF,0x7E,0x7E,0x18,0x18,0x3C,0x3C,0x00,0x00
     8 000025A7 7E18183C3C0000      <1>
     9 000025AE 000000003C3C3C3C3C- <1>     db 0x00,0x00,0x00,0x00,0x3C,0x3C,0x3C,0x3C,0x3C,0x3C,0x3C,0x3C,0x00,0x00,0x00,0x00
     9 000025B7 3C3C3C00000000      <1>
    10 000025BE FFFFFFFFC3C3C3C3C3- <1>     db 0xFF,0xFF,0xFF,0xFF,0xC3,0xC3,0xC3,0xC3,0xC3,0xC3,0xC3,0xC3,0xFF,0xFF,0xFF,0xFF
    10 000025C7 C3C3C3FFFFFFFF      <1>
    11 000025CE 00007E7E4242424242- <1>     db 0x00,0x00,0x7E,0x7E,0x42,0x42,0x42,0x42,0x42,0x42,0x42,0x42,0x7E,0x7E,0x00,0x00
    11 000025D7 4242427E7E0000      <1>
    12 000025DE FFFF8181BDBDBDBDBD- <1>     db 0xFF,0xFF,0x81,0x81,0xBD,0xBD,0xBD,0xBD,0xBD,0xBD,0xBD,0xBD,0x81,0x81,0xFF,0xFF
    12 000025E7 BDBDBD8181FFFF      <1>
    13 000025EE 0F0F070707077D7DCC- <1>     db 0x0F,0x0F,0x07,0x07,0x07,0x07,0x7D,0x7D,0xCC,0xCC,0xCC,0xCC,0xCC,0xCC,0x78,0x78
    13 000025F7 CCCCCCCCCC7878      <1>
    14 000025FE 7878CCCCCCCCCCCC78- <1>     db 0x78,0x78,0xCC,0xCC,0xCC,0xCC,0xCC,0xCC,0x78,0x78,0x30,0x30,0xFC,0xFC,0x30,0x30
    14 00002607 783030FCFC3030      <1>
    15 0000260E 1F1F33333F3F303030- <1>     db 0x1F,0x1F,0x33,0x33,0x3F,0x3F,0x30,0x30,0x30,0x30,0x70,0x70,0xF0,0xF0,0xE0,0xE0
    15 00002617 307070F0F0E0E0      <1>
    16 0000261E 3F3F63637F7F636363- <1>     db 0x3F,0x3F,0x63,0x63,0x7F,0x7F,0x63,0x63,0x63,0x63,0x67,0x67,0xE6,0xE6,0xC0,0xC0
    16 00002627 636767E6E6C0C0      <1>
    17 0000262E DBDBDBDB3C3CE7E7E7- <1>     db 0xDB,0xDB,0xDB,0xDB,0x3C,0x3C,0xE7,0xE7,0xE7,0xE7,0x3C,0x3C,0xDB,0xDB,0xDB,0xDB
    17 00002637 E73C3CDBDBDBDB      <1>
    18 0000263E C0C0F0F0F8F8FEFEF8- <1>     db 0xC0,0xC0,0xF0,0xF0,0xF8,0xF8,0xFE,0xFE,0xF8,0xF8,0xF0,0xF0,0xC0,0xC0,0x00,0x00
    18 00002647 F8F0F0C0C00000      <1>
    19 0000264E 06061E1E3E3EFEFE3E- <1>     db 0x06,0x06,0x1E,0x1E,0x3E,0x3E,0xFE,0xFE,0x3E,0x3E,0x1E,0x1E,0x06,0x06,0x00,0x00
    19 00002657 3E1E1E06060000      <1>
    20 0000265E 30307878FCFC303030- <1>     db 0x30,0x30,0x78,0x78,0xFC,0xFC,0x30,0x30,0x30,0x30,0xFC,0xFC,0x78,0x78,0x30,0x30
    20 00002667 30FCFC78783030      <1>
    21 0000266E 6C6C6C6C6C6C6C6C6C- <1>     db 0x6C,0x6C,0x6C,0x6C,0x6C,0x6C,0x6C,0x6C,0x6C,0x6C,0x00,0x00,0x6C,0x6C,0x00,0x00
    21 00002677 6C00006C6C0000      <1>
    22 0000267E 7F7FDBDBDBDBDBDB7B- <1>     db 0x7F,0x7F,0xDB,0xDB,0xDB,0xDB,0xDB,0xDB,0x7B,0x7B,0x1B,0x1B,0x1B,0x1B,0x00,0x00
    22 00002687 7B1B1B1B1B0000      <1>
    23 0000268E 3C3C60603C3C666666- <1>     db 0x3C,0x3C,0x60,0x60,0x3C,0x3C,0x66,0x66,0x66,0x66,0x3C,0x3C,0x06,0x06,0x3C,0x3C
    23 00002697 663C3C06063C3C      <1>
    24 0000269E 0000000000000000FE- <1>     db 0x00,0x00,0x00,0x00,0x00,0x00,0x00,0x00,0xFE,0xFE,0xFE,0xFE,0xFE,0xFE,0x00,0x00
    24 000026A7 FEFEFEFEFE0000      <1>
    25 000026AE 18183C3C7E7E18187E- <1>     db 0x18,0x18,0x3C,0x3C,0x7E,0x7E,0x18,0x18,0x7E,0x7E,0x3C,0x3C,0x18,0x18,0x7E,0x7E
    25 000026B7 7E3C3C18187E7E      <1>
    26 000026BE 30307878FCFC303030- <1>     db 0x30,0x30,0x78,0x78,0xFC,0xFC,0x30,0x30,0x30,0x30,0x30,0x30,0x30,0x30,0x00,0x00
    26 000026C7 30303030300000      <1>
    27 000026CE 3030303030303030FC- <1>     db 0x30,0x30,0x30,0x30,0x30,0x30,0x30,0x30,0xFC,0xFC,0x78,0x78,0x30,0x30,0x00,0x00
    27 000026D7 FC787830300000      <1>
    28 000026DE 000008080C0CFEFE0C- <1>     db 0x00,0x00,0x08,0x08,0x0C,0x0C,0xFE,0xFE,0x0C,0x0C,0x08,0x08,0x00,0x00,0x00,0x00
    28 000026E7 0C080800000000      <1>
    29 000026EE 000020206060FEFE60- <1>     db 0x00,0x00,0x20,0x20,0x60,0x60,0xFE,0xFE,0x60,0x60,0x20,0x20,0x00,0x00,0x00,0x00
    29 000026F7 60202000000000      <1>
    30 000026FE 00000000C0C0C0C0FE- <1>     db 0x00,0x00,0x00,0x00,0xC0,0xC0,0xC0,0xC0,0xFE,0xFE,0x00,0x00,0x00,0x00,0x00,0x00
    30 00002707 FE000000000000      <1>
    31 0000270E 000024244242FFFF42- <1>     db 0x00,0x00,0x24,0x24,0x42,0x42,0xFF,0xFF,0x42,0x42,0x24,0x24,0x00,0x00,0x00,0x00
    31 00002717 42242400000000      <1>
    32 0000271E 0000101038387C7CFE- <1>     db 0x00,0x00,0x10,0x10,0x38,0x38,0x7C,0x7C,0xFE,0xFE,0xFE,0xFE,0x00,0x00,0x00,0x00
    32 00002727 FEFEFE00000000      <1>
    33 0000272E 0000FEFEFEFE7C7C38- <1>     db 0x00,0x00,0xFE,0xFE,0xFE,0xFE,0x7C,0x7C,0x38,0x38,0x10,0x10,0x00,0x00,0x00,0x00
    33 00002737 38101000000000      <1>
    34 0000273E 000000000000000000- <1>     db 0x00,0x00,0x00,0x00,0x00,0x00,0x00,0x00,0x00,0x00,0x00,0x00,0x00,0x00,0x00,0x00
    34 00002747 00000000000000      <1>
    35 0000274E 181818181818181818- <1>     db 0x18,0x18,0x18,0x18,0x18,0x18,0x18,0x18,0x18,0x18,0x00,0x00,0x18,0x18,0x00,0x00
    35 00002757 18000018180000      <1>
    36 0000275E CCCCCCCCCCCC000000- <1>     db 0xCC,0xCC,0xCC,0xCC,0xCC,0xCC,0x00,0x00,0x00,0x00,0x00,0x00,0x00,0x00,0x00,0x00
    36 00002767 00000000000000      <1>
    37 0000276E 36366C6CFEFE6C6CFE- <1>     db 0x36,0x36,0x6C,0x6C,0xFE,0xFE,0x6C,0x6C,0xFE,0xFE,0x6C,0x6C,0xD8,0xD8,0x00,0x00
    37 00002777 FE6C6CD8D80000      <1>
    38 0000277E 18187E7EC0C07C7C06- <1>     db 0x18,0x18,0x7E,0x7E,0xC0,0xC0,0x7C,0x7C,0x06,0x06,0xFC,0xFC,0x30,0x30,0x00,0x00
    38 00002787 06FCFC30300000      <1>
    39 0000278E C2C2C6C60C0C181830- <1>     db 0xC2,0xC2,0xC6,0xC6,0x0C,0x0C,0x18,0x18,0x30,0x30,0x66,0x66,0xC6,0xC6,0x00,0x00
    39 00002797 306666C6C60000      <1>
    40 0000279E 38386C6C38387070DE- <1>     db 0x38,0x38,0x6C,0x6C,0x38,0x38,0x70,0x70,0xDE,0xDE,0xCC,0xCC,0x76,0x76,0x00,0x00
    40 000027A7 DECCCC76760000      <1>
    41 000027AE 303030306060000000- <1>     db 0x30,0x30,0x30,0x30,0x60,0x60,0x00,0x00,0x00,0x00,0x00,0x00,0x00,0x00,0x00,0x00
    41 000027B7 00000000000000      <1>
    42 000027BE 0C0C18183030303030- <1>     db 0x0C,0x0C,0x18,0x18,0x30,0x30,0x30,0x30,0x30,0x30,0x18,0x18,0x0C,0x0C,0x00,0x00
    42 000027C7 3018180C0C0000      <1>
    43 000027CE 303018180C0C0C0C0C- <1>     db 0x30,0x30,0x18,0x18,0x0C,0x0C,0x0C,0x0C,0x0C,0x0C,0x18,0x18,0x30,0x30,0x00,0x00
    43 000027D7 0C181830300000      <1>
    44 000027DE 00006C6C3838FEFE38- <1>     db 0x00,0x00,0x6C,0x6C,0x38,0x38,0xFE,0xFE,0x38,0x38,0x6C,0x6C,0x00,0x00,0x00,0x00
    44 000027E7 386C6C00000000      <1>
    45 000027EE 0000181818187E7E18- <1>     db 0x00,0x00,0x18,0x18,0x18,0x18,0x7E,0x7E,0x18,0x18,0x18,0x18,0x00,0x00,0x00,0x00
    45 000027F7 18181800000000      <1>
    46 000027FE 000000000000000000- <1>     db 0x00,0x00,0x00,0x00,0x00,0x00,0x00,0x00,0x00,0x00,0x18,0x18,0x18,0x18,0x30,0x30
    46 00002807 00181818183030      <1>
    47 0000280E 0000000000007E7E00- <1>     db 0x00,0x00,0x00,0x00,0x00,0x00,0x7E,0x7E,0x00,0x00,0x00,0x00,0x00,0x00,0x00,0x00
    47 00002817 00000000000000      <1>
    48 0000281E 000000000000000000- <1>     db 0x00,0x00,0x00,0x00,0x00,0x00,0x00,0x00,0x00,0x00,0x18,0x18,0x18,0x18,0x00,0x00
    48 00002827 00181818180000      <1>
    49 0000282E 020206060C0C181830- <1>     db 0x02,0x02,0x06,0x06,0x0C,0x0C,0x18,0x18,0x30,0x30,0x60,0x60,0xC0,0xC0,0x00,0x00
    49 00002837 306060C0C00000      <1>
    50 0000283E 7C7CCECEDEDEF6F6E6- <1>     db 0x7C,0x7C,0xCE,0xCE,0xDE,0xDE,0xF6,0xF6,0xE6,0xE6,0xC6,0xC6,0x7C,0x7C,0x00,0x00
    50 00002847 E6C6C67C7C0000      <1>
    51 0000284E 181838381818181818- <1>     db 0x18,0x18,0x38,0x38,0x18,0x18,0x18,0x18,0x18,0x18,0x18,0x18,0x7E,0x7E,0x00,0x00
    51 00002857 1818187E7E0000      <1>
    52 0000285E 7C7CC6C606061C1C70- <1>     db 0x7C,0x7C,0xC6,0xC6,0x06,0x06,0x1C,0x1C,0x70,0x70,0xC6,0xC6,0xFE,0xFE,0x00,0x00
    52 00002867 70C6C6FEFE0000      <1>
    53 0000286E 7C7CC6C606061C1C06- <1>     db 0x7C,0x7C,0xC6,0xC6,0x06,0x06,0x1C,0x1C,0x06,0x06,0xC6,0xC6,0x7C,0x7C,0x00,0x00
    53 00002877 06C6C67C7C0000      <1>
    54 0000287E 1C1C3C3C6C6CCCCCFE- <1>     db 0x1C,0x1C,0x3C,0x3C,0x6C,0x6C,0xCC,0xCC,0xFE,0xFE,0x0C,0x0C,0x0C,0x0C,0x00,0x00
    54 00002887 FE0C0C0C0C0000      <1>
    55 0000288E FEFEC0C0FCFC060606- <1>     db 0xFE,0xFE,0xC0,0xC0,0xFC,0xFC,0x06,0x06,0x06,0x06,0xC6,0xC6,0x7C,0x7C,0x00,0x00
    55 00002897 06C6C67C7C0000      <1>
    56 0000289E 3C3C6060C0C0FCFCC6- <1>     db 0x3C,0x3C,0x60,0x60,0xC0,0xC0,0xFC,0xFC,0xC6,0xC6,0xC6,0xC6,0x7C,0x7C,0x00,0x00
    56 000028A7 C6C6C67C7C0000      <1>
    57 000028AE FEFEC6C60C0C181830- <1>     db 0xFE,0xFE,0xC6,0xC6,0x0C,0x0C,0x18,0x18,0x30,0x30,0x30,0x30,0x30,0x30,0x00,0x00
    57 000028B7 30303030300000      <1>
    58 000028BE 7C7CC6C6C6C67C7CC6- <1>     db 0x7C,0x7C,0xC6,0xC6,0xC6,0xC6,0x7C,0x7C,0xC6,0xC6,0xC6,0xC6,0x7C,0x7C,0x00,0x00
    58 000028C7 C6C6C67C7C0000      <1>
    59 000028CE 7C7CC6C6C6C67E7E06- <1>     db 0x7C,0x7C,0xC6,0xC6,0xC6,0xC6,0x7E,0x7E,0x06,0x06,0x0C,0x0C,0x78,0x78,0x00,0x00
    59 000028D7 060C0C78780000      <1>
    60 000028DE 000018181818000000- <1>     db 0x00,0x00,0x18,0x18,0x18,0x18,0x00,0x00,0x00,0x00,0x18,0x18,0x18,0x18,0x00,0x00
    60 000028E7 00181818180000      <1>
    61 000028EE 000018181818000000- <1>     db 0x00,0x00,0x18,0x18,0x18,0x18,0x00,0x00,0x00,0x00,0x18,0x18,0x18,0x18,0x30,0x30
    61 000028F7 00181818183030      <1>
    62 000028FE 0C0C18183030606030- <1>     db 0x0C,0x0C,0x18,0x18,0x30,0x30,0x60,0x60,0x30,0x30,0x18,0x18,0x0C,0x0C,0x00,0x00
    62 00002907 3018180C0C0000      <1>
    63 0000290E 000000007E7E000000- <1>     db 0x00,0x00,0x00,0x00,0x7E,0x7E,0x00,0x00,0x00,0x00,0x7E,0x7E,0x00,0x00,0x00,0x00
    63 00002917 007E7E00000000      <1>
    64 0000291E 303018180C0C06060C- <1>     db 0x30,0x30,0x18,0x18,0x0C,0x0C,0x06,0x06,0x0C,0x0C,0x18,0x18,0x30,0x30,0x00,0x00
    64 00002927 0C181830300000      <1>
    65 0000292E 3C3C666606060C0C18- <1>     db 0x3C,0x3C,0x66,0x66,0x06,0x06,0x0C,0x0C,0x18,0x18,0x00,0x00,0x18,0x18,0x00,0x00
    65 00002937 18000018180000      <1>
    66 0000293E 7C7CC6C6DEDEDEDEDE- <1>     db 0x7C,0x7C,0xC6,0xC6,0xDE,0xDE,0xDE,0xDE,0xDE,0xDE,0xC0,0xC0,0x7C,0x7C,0x00,0x00
    66 00002947 DEC0C07C7C0000      <1>
    67 0000294E 38386C6CC6C6C6C6FE- <1>     db 0x38,0x38,0x6C,0x6C,0xC6,0xC6,0xC6,0xC6,0xFE,0xFE,0xC6,0xC6,0xC6,0xC6,0x00,0x00
    67 00002957 FEC6C6C6C60000      <1>
    68 0000295E FCFC6E6E66667C7C66- <1>     db 0xFC,0xFC,0x6E,0x6E,0x66,0x66,0x7C,0x7C,0x66,0x66,0x6E,0x6E,0xFC,0xFC,0x00,0x00
    68 00002967 666E6EFCFC0000      <1>
    69 0000296E 3E3E6262C0C0C0C0C0- <1>     db 0x3E,0x3E,0x62,0x62,0xC0,0xC0,0xC0,0xC0,0xC0,0xC0,0x62,0x62,0x3E,0x3E,0x00,0x00
    69 00002977 C062623E3E0000      <1>
    70 0000297E F8F86E6E6666666666- <1>     db 0xF8,0xF8,0x6E,0x6E,0x66,0x66,0x66,0x66,0x66,0x66,0x6E,0x6E,0xF8,0xF8,0x00,0x00
    70 00002987 666E6EF8F80000      <1>
    71 0000298E FEFE62626060787860- <1>     db 0xFE,0xFE,0x62,0x62,0x60,0x60,0x78,0x78,0x60,0x60,0x62,0x62,0xFE,0xFE,0x00,0x00
    71 00002997 606262FEFE0000      <1>
    72 0000299E FEFE62626060787860- <1>     db 0xFE,0xFE,0x62,0x62,0x60,0x60,0x78,0x78,0x60,0x60,0x60,0x60,0xF0,0xF0,0x00,0x00
    72 000029A7 606060F0F00000      <1>
    73 000029AE 3E3E6262C0C0C0C0CE- <1>     db 0x3E,0x3E,0x62,0x62,0xC0,0xC0,0xC0,0xC0,0xCE,0xCE,0x66,0x66,0x3E,0x3E,0x00,0x00
    73 000029B7 CE66663E3E0000      <1>
    74 000029BE C6C6C6C6C6C6FEFEC6- <1>     db 0xC6,0xC6,0xC6,0xC6,0xC6,0xC6,0xFE,0xFE,0xC6,0xC6,0xC6,0xC6,0xC6,0xC6,0x00,0x00
    74 000029C7 C6C6C6C6C60000      <1>
    75 000029CE 3C3C18181818181818- <1>     db 0x3C,0x3C,0x18,0x18,0x18,0x18,0x18,0x18,0x18,0x18,0x18,0x18,0x3C,0x3C,0x00,0x00
    75 000029D7 1818183C3C0000      <1>
    76 000029DE 1E1E0C0C0C0C0C0C0C- <1>     db 0x1E,0x1E,0x0C,0x0C,0x0C,0x0C,0x0C,0x0C,0x0C,0x0C,0xCC,0xCC,0x78,0x78,0x00,0x00
    76 000029E7 0CCCCC78780000      <1>
    77 000029EE E6E666666C6C787878- <1>     db 0xE6,0xE6,0x66,0x66,0x6C,0x6C,0x78,0x78,0x78,0x78,0x6C,0x6C,0xE6,0xE6,0x00,0x00
    77 000029F7 786C6CE6E60000      <1>
    78 000029FE F0F060606060606060- <1>     db 0xF0,0xF0,0x60,0x60,0x60,0x60,0x60,0x60,0x60,0x60,0x66,0x66,0xFE,0xFE,0x00,0x00
    78 00002A07 606666FEFE0000      <1>
    79 00002A0E C6C6EEEEFEFED6D6C6- <1>     db 0xC6,0xC6,0xEE,0xEE,0xFE,0xFE,0xD6,0xD6,0xC6,0xC6,0xC6,0xC6,0xC6,0xC6,0x00,0x00
    79 00002A17 C6C6C6C6C60000      <1>
    80 00002A1E C6C6E6E6F6F6FEFEDE- <1>     db 0xC6,0xC6,0xE6,0xE6,0xF6,0xF6,0xFE,0xFE,0xDE,0xDE,0xCE,0xCE,0xC6,0xC6,0x00,0x00
    80 00002A27 DECECEC6C60000      <1>
    81 00002A2E 7C7CC6C6C6C6C6C6C6- <1>     db 0x7C,0x7C,0xC6,0xC6,0xC6,0xC6,0xC6,0xC6,0xC6,0xC6,0xC6,0xC6,0x7C,0x7C,0x00,0x00
    81 00002A37 C6C6C67C7C0000      <1>
    82 00002A3E FCFC666666667C7C60- <1>     db 0xFC,0xFC,0x66,0x66,0x66,0x66,0x7C,0x7C,0x60,0x60,0x60,0x60,0xE0,0xE0,0x00,0x00
    82 00002A47 606060E0E00000      <1>
    83 00002A4E 7C7CC6C6C6C6D6D6DE- <1>     db 0x7C,0x7C,0xC6,0xC6,0xC6,0xC6,0xD6,0xD6,0xDE,0xDE,0x7C,0x7C,0x06,0x06,0x00,0x00
    83 00002A57 DE7C7C06060000      <1>
    84 00002A5E FCFC666666667C7C78- <1>     db 0xFC,0xFC,0x66,0x66,0x66,0x66,0x7C,0x7C,0x78,0x78,0x6C,0x6C,0xE6,0xE6,0x00,0x00
    84 00002A67 786C6CE6E60000      <1>
    85 00002A6E 7C7CC6C6E0E038380E- <1>     db 0x7C,0x7C,0xC6,0xC6,0xE0,0xE0,0x38,0x38,0x0E,0x0E,0xC6,0xC6,0x7C,0x7C,0x00,0x00
    85 00002A77 0EC6C67C7C0000      <1>
    86 00002A7E 7E7E5A5A1818181818- <1>     db 0x7E,0x7E,0x5A,0x5A,0x18,0x18,0x18,0x18,0x18,0x18,0x18,0x18,0x3C,0x3C,0x00,0x00
    86 00002A87 1818183C3C0000      <1>
    87 00002A8E 666666666666666666- <1>     db 0x66,0x66,0x66,0x66,0x66,0x66,0x66,0x66,0x66,0x66,0x66,0x66,0x3C,0x3C,0x00,0x00
    87 00002A97 6666663C3C0000      <1>
    88 00002A9E 666666666666666666- <1>     db 0x66,0x66,0x66,0x66,0x66,0x66,0x66,0x66,0x66,0x66,0x3C,0x3C,0x18,0x18,0x00,0x00
    88 00002AA7 663C3C18180000      <1>
    89 00002AAE C6C6C6C6C6C6D6D6FE- <1>     db 0xC6,0xC6,0xC6,0xC6,0xC6,0xC6,0xD6,0xD6,0xFE,0xFE,0xFE,0xFE,0xC6,0xC6,0x00,0x00
    89 00002AB7 FEFEFEC6C60000      <1>
    90 00002ABE C6C66C6C383838386C- <1>     db 0xC6,0xC6,0x6C,0x6C,0x38,0x38,0x38,0x38,0x6C,0x6C,0xC6,0xC6,0xC6,0xC6,0x00,0x00
    90 00002AC7 6CC6C6C6C60000      <1>
    91 00002ACE 6666666666663C3C18- <1>     db 0x66,0x66,0x66,0x66,0x66,0x66,0x3C,0x3C,0x18,0x18,0x18,0x18,0x3C,0x3C,0x00,0x00
    91 00002AD7 1818183C3C0000      <1>
    92 00002ADE FEFECCCC1818303060- <1>     db 0xFE,0xFE,0xCC,0xCC,0x18,0x18,0x30,0x30,0x60,0x60,0xC6,0xC6,0xFE,0xFE,0x00,0x00
    92 00002AE7 60C6C6FEFE0000      <1>
    93 00002AEE 3C3C30303030303030- <1>     db 0x3C,0x3C,0x30,0x30,0x30,0x30,0x30,0x30,0x30,0x30,0x30,0x30,0x3C,0x3C,0x00,0x00
    93 00002AF7 3030303C3C0000      <1>
    94 00002AFE 8080C0C06060303018- <1>     db 0x80,0x80,0xC0,0xC0,0x60,0x60,0x30,0x30,0x18,0x18,0x0C,0x0C,0x06,0x06,0x00,0x00
    94 00002B07 180C0C06060000      <1>
    95 00002B0E 3C3C0C0C0C0C0C0C0C- <1>     db 0x3C,0x3C,0x0C,0x0C,0x0C,0x0C,0x0C,0x0C,0x0C,0x0C,0x0C,0x0C,0x3C,0x3C,0x00,0x00
    95 00002B17 0C0C0C3C3C0000      <1>
    96 00002B1E 18183C3C6666000000- <1>     db 0x18,0x18,0x3C,0x3C,0x66,0x66,0x00,0x00,0x00,0x00,0x00,0x00,0x00,0x00,0x00,0x00
    96 00002B27 00000000000000      <1>
    97 00002B2E 000000000000000000- <1>     db 0x00,0x00,0x00,0x00,0x00,0x00,0x00,0x00,0x00,0x00,0x00,0x00,0x00,0x00,0xFF,0xFF
    97 00002B37 0000000000FFFF      <1>
    98 00002B3E 181818180C0C000000- <1>     db 0x18,0x18,0x18,0x18,0x0C,0x0C,0x00,0x00,0x00,0x00,0x00,0x00,0x00,0x00,0x00,0x00
    98 00002B47 00000000000000      <1>
    99 00002B4E 0000000038380C0C7C- <1>     db 0x00,0x00,0x00,0x00,0x38,0x38,0x0C,0x0C,0x7C,0x7C,0xCC,0xCC,0x76,0x76,0x00,0x00
    99 00002B57 7CCCCC76760000      <1>
   100 00002B5E 6060606060607C7C66- <1>     db 0x60,0x60,0x60,0x60,0x60,0x60,0x7C,0x7C,0x66,0x66,0x66,0x66,0xDC,0xDC,0x00,0x00
   100 00002B67 666666DCDC0000      <1>
   101 00002B6E 000000007C7CC4C4C0- <1>     db 0x00,0x00,0x00,0x00,0x7C,0x7C,0xC4,0xC4,0xC0,0xC0,0xC4,0xC4,0x7C,0x7C,0x00,0x00
   101 00002B77 C0C4C47C7C0000      <1>
   102 00002B7E 0C0C0C0C0C0C7C7CCC- <1>     db 0x0C,0x0C,0x0C,0x0C,0x0C,0x0C,0x7C,0x7C,0xCC,0xCC,0xCC,0xCC,0x76,0x76,0x00,0x00
   102 00002B87 CCCCCC76760000      <1>
   103 00002B8E 000000007878CCCCFC- <1>     db 0x00,0x00,0x00,0x00,0x78,0x78,0xCC,0xCC,0xFC,0xFC,0xC0,0xC0,0x7C,0x7C,0x00,0x00
   103 00002B97 FCC0C07C7C0000      <1>
   104 00002B9E 38386C6C6060F8F860- <1>     db 0x38,0x38,0x6C,0x6C,0x60,0x60,0xF8,0xF8,0x60,0x60,0x60,0x60,0xE0,0xE0,0x00,0x00
   104 00002BA7 606060E0E00000      <1>
   105 00002BAE 000000007676CCCCCC- <1>     db 0x00,0x00,0x00,0x00,0x76,0x76,0xCC,0xCC,0xCC,0xCC,0x7C,0x7C,0x0C,0x0C,0x7C,0x7C
   105 00002BB7 CC7C7C0C0C7C7C      <1>
   106 00002BBE E0E0606060607C7C66- <1>     db 0xE0,0xE0,0x60,0x60,0x60,0x60,0x7C,0x7C,0x66,0x66,0x66,0x66,0x66,0x66,0x00,0x00
   106 00002BC7 66666666660000      <1>
   107 00002BCE 303000007070303030- <1>     db 0x30,0x30,0x00,0x00,0x70,0x70,0x30,0x30,0x30,0x30,0x30,0x30,0x38,0x38,0x00,0x00
   107 00002BD7 30303038380000      <1>
   108 00002BDE 0C0C00001C1C0C0C0C- <1>     db 0x0C,0x0C,0x00,0x00,0x1C,0x1C,0x0C,0x0C,0x0C,0x0C,0xCC,0xCC,0xCC,0xCC,0x78,0x78
   108 00002BE7 0CCCCCCCCC7878      <1>
   109 00002BEE E0E0606066666C6C78- <1>     db 0xE0,0xE0,0x60,0x60,0x66,0x66,0x6C,0x6C,0x78,0x78,0x6C,0x6C,0x66,0x66,0x00,0x00
   109 00002BF7 786C6C66660000      <1>
   110 00002BFE 707030303030303030- <1>     db 0x70,0x70,0x30,0x30,0x30,0x30,0x30,0x30,0x30,0x30,0x30,0x30,0x38,0x38,0x00,0x00
   110 00002C07 30303038380000      <1>
   111 00002C0E 00000000CCCCFEFED6- <1>     db 0x00,0x00,0x00,0x00,0xCC,0xCC,0xFE,0xFE,0xD6,0xD6,0xC6,0xC6,0xC6,0xC6,0x00,0x00
   111 00002C17 D6C6C6C6C60000      <1>
   112 00002C1E 00000000DCDC666666- <1>     db 0x00,0x00,0x00,0x00,0xDC,0xDC,0x66,0x66,0x66,0x66,0x66,0x66,0x66,0x66,0x00,0x00
   112 00002C27 66666666660000      <1>
   113 00002C2E 000000003C3C666666- <1>     db 0x00,0x00,0x00,0x00,0x3C,0x3C,0x66,0x66,0x66,0x66,0x66,0x66,0x3C,0x3C,0x00,0x00
   113 00002C37 6666663C3C0000      <1>
   114 00002C3E 00000000DCDC666666- <1>     db 0x00,0x00,0x00,0x00,0xDC,0xDC,0x66,0x66,0x66,0x66,0x7C,0x7C,0x60,0x60,0xE0,0xE0
   114 00002C47 667C7C6060E0E0      <1>
   115 00002C4E 000000007676CCCCCC- <1>     db 0x00,0x00,0x00,0x00,0x76,0x76,0xCC,0xCC,0xCC,0xCC,0x7C,0x7C,0x0C,0x0C,0x0E,0x0E
   115 00002C57 CC7C7C0C0C0E0E      <1>
   116 00002C5E 00000000DCDC767660- <1>     db 0x00,0x00,0x00,0x00,0xDC,0xDC,0x76,0x76,0x60,0x60,0x60,0x60,0x60,0x60,0x00,0x00
   116 00002C67 60606060600000      <1>
   117 00002C6E 000000007878C0C078- <1>     db 0x00,0x00,0x00,0x00,0x78,0x78,0xC0,0xC0,0x78,0x78,0x0C,0x0C,0x78,0x78,0x00,0x00
   117 00002C77 780C0C78780000      <1>
   118 00002C7E 101030307878303030- <1>     db 0x10,0x10,0x30,0x30,0x78,0x78,0x30,0x30,0x30,0x30,0x34,0x34,0x18,0x18,0x00,0x00
   118 00002C87 30343418180000      <1>
   119 00002C8E 00000000CCCCCCCCCC- <1>     db 0x00,0x00,0x00,0x00,0xCC,0xCC,0xCC,0xCC,0xCC,0xCC,0xCC,0xCC,0x76,0x76,0x00,0x00
   119 00002C97 CCCCCC76760000      <1>
   120 00002C9E 000000006666666666- <1>     db 0x00,0x00,0x00,0x00,0x66,0x66,0x66,0x66,0x66,0x66,0x3C,0x3C,0x18,0x18,0x00,0x00
   120 00002CA7 663C3C18180000      <1>
   121 00002CAE 00000000C6C6C6C6D6- <1>     db 0x00,0x00,0x00,0x00,0xC6,0xC6,0xC6,0xC6,0xD6,0xD6,0xFE,0xFE,0x6C,0x6C,0x00,0x00
   121 00002CB7 D6FEFE6C6C0000      <1>
   122 00002CBE 00000000CCCC787830- <1>     db 0x00,0x00,0x00,0x00,0xCC,0xCC,0x78,0x78,0x30,0x30,0x78,0x78,0xCC,0xCC,0x00,0x00
   122 00002CC7 307878CCCC0000      <1>
   123 00002CCE 00000000CCCCCCCCCC- <1>     db 0x00,0x00,0x00,0x00,0xCC,0xCC,0xCC,0xCC,0xCC,0xCC,0x7C,0x7C,0x0C,0x0C,0x7C,0x7C
   123 00002CD7 CC7C7C0C0C7C7C      <1>
   124 00002CDE 00000000FCFC181830- <1>     db 0x00,0x00,0x00,0x00,0xFC,0xFC,0x18,0x18,0x30,0x30,0x60,0x60,0xFC,0xFC,0x00,0x00
   124 00002CE7 306060FCFC0000      <1>
   125 00002CEE 0E0E18181818707018- <1>     db 0x0E,0x0E,0x18,0x18,0x18,0x18,0x70,0x70,0x18,0x18,0x18,0x18,0x0E,0x0E,0x00,0x00
   125 00002CF7 1818180E0E0000      <1>
   126 00002CFE 303030303030000030- <1>     db 0x30,0x30,0x30,0x30,0x30,0x30,0x00,0x00,0x30,0x30,0x30,0x30,0x30,0x30,0x00,0x00
   126 00002D07 30303030300000      <1>
   127 00002D0E 7070181818180E0E18- <1>     db 0x70,0x70,0x18,0x18,0x18,0x18,0x0E,0x0E,0x18,0x18,0x18,0x18,0x70,0x70,0x00,0x00
   127 00002D17 18181870700000      <1>
   128 00002D1E 00007676DCDC000000- <1>     db 0x00,0x00,0x76,0x76,0xDC,0xDC,0x00,0x00,0x00,0x00,0x00,0x00,0x00,0x00,0x00,0x00
   128 00002D27 00000000000000      <1>
   129 00002D2E 1010FDFD0000F0F06E- <1>     db 0x10,0x10,0xFD,0xFD,0x00,0x00,0xF0,0xF0,0x6E,0x6E,0xFA,0xFA,0x00,0x00,0x04,0x04
   129 00002D37 6EFAFA00000404      <1>
   130 00002D3E 7878CCCCC0C0CCCC78- <1>     db 0x78,0x78,0xCC,0xCC,0xC0,0xC0,0xCC,0xCC,0x78,0x78,0x18,0x18,0x0C,0x0C,0x78,0x78
   130 00002D47 7818180C0C7878      <1>
   131 00002D4E 0000CCCC0000CCCCCC- <1>     db 0x00,0x00,0xCC,0xCC,0x00,0x00,0xCC,0xCC,0xCC,0xCC,0xCC,0xCC,0x7E,0x7E,0x00,0x00
   131 00002D57 CCCCCC7E7E0000      <1>
   132 00002D5E 1C1C00007878CCCCFC- <1>     db 0x1C,0x1C,0x00,0x00,0x78,0x78,0xCC,0xCC,0xFC,0xFC,0xC0,0xC0,0x78,0x78,0x00,0x00
   132 00002D67 FCC0C078780000      <1>
   133 00002D6E 7E7EC3C33C3C06063E- <1>     db 0x7E,0x7E,0xC3,0xC3,0x3C,0x3C,0x06,0x06,0x3E,0x3E,0x66,0x66,0x3F,0x3F,0x00,0x00
   133 00002D77 3E66663F3F0000      <1>
   134 00002D7E CCCC000078780C0C7C- <1>     db 0xCC,0xCC,0x00,0x00,0x78,0x78,0x0C,0x0C,0x7C,0x7C,0xCC,0xCC,0x7E,0x7E,0x00,0x00
   134 00002D87 7CCCCC7E7E0000      <1>
   135 00002D8E E0E0000078780C0C7C- <1>     db 0xE0,0xE0,0x00,0x00,0x78,0x78,0x0C,0x0C,0x7C,0x7C,0xCC,0xCC,0x7E,0x7E,0x00,0x00
   135 00002D97 7CCCCC7E7E0000      <1>
   136 00002D9E 3030303078780C0C7C- <1>     db 0x30,0x30,0x30,0x30,0x78,0x78,0x0C,0x0C,0x7C,0x7C,0xCC,0xCC,0x7E,0x7E,0x00,0x00
   136 00002DA7 7CCCCC7E7E0000      <1>
   137 00002DAE 000000007878C0C0C0- <1>     db 0x00,0x00,0x00,0x00,0x78,0x78,0xC0,0xC0,0xC0,0xC0,0x78,0x78,0x0C,0x0C,0x38,0x38
   137 00002DB7 C078780C0C3838      <1>
   138 00002DBE 7E7EC3C33C3C66667E- <1>     db 0x7E,0x7E,0xC3,0xC3,0x3C,0x3C,0x66,0x66,0x7E,0x7E,0x60,0x60,0x3C,0x3C,0x00,0x00
   138 00002DC7 7E60603C3C0000      <1>
   139 00002DCE CCCC00007878CCCCFC- <1>     db 0xCC,0xCC,0x00,0x00,0x78,0x78,0xCC,0xCC,0xFC,0xFC,0xC0,0xC0,0x78,0x78,0x00,0x00
   139 00002DD7 FCC0C078780000      <1>
   140 00002DDE E0E000007878CCCCFC- <1>     db 0xE0,0xE0,0x00,0x00,0x78,0x78,0xCC,0xCC,0xFC,0xFC,0xC0,0xC0,0x78,0x78,0x00,0x00
   140 00002DE7 FCC0C078780000      <1>
   141 00002DEE CCCC00007070303030- <1>     db 0xCC,0xCC,0x00,0x00,0x70,0x70,0x30,0x30,0x30,0x30,0x30,0x30,0x78,0x78,0x00,0x00
   141 00002DF7 30303078780000      <1>
   142 00002DFE 7C7CC6C63838181818- <1>     db 0x7C,0x7C,0xC6,0xC6,0x38,0x38,0x18,0x18,0x18,0x18,0x18,0x18,0x3C,0x3C,0x00,0x00
   142 00002E07 1818183C3C0000      <1>
   143 00002E0E E0E000007070303030- <1>     db 0xE0,0xE0,0x00,0x00,0x70,0x70,0x30,0x30,0x30,0x30,0x30,0x30,0x78,0x78,0x00,0x00
   143 00002E17 30303078780000      <1>
   144 00002E1E C6C638386C6CC6C6FE- <1>     db 0xC6,0xC6,0x38,0x38,0x6C,0x6C,0xC6,0xC6,0xFE,0xFE,0xC6,0xC6,0xC6,0xC6,0x00,0x00
   144 00002E27 FEC6C6C6C60000      <1>
   145 00002E2E 3030303000007878CC- <1>     db 0x30,0x30,0x30,0x30,0x00,0x00,0x78,0x78,0xCC,0xCC,0xFC,0xFC,0xCC,0xCC,0x00,0x00
   145 00002E37 CCFCFCCCCC0000      <1>
   146 00002E3E 1C1C0000FCFC606078- <1>     db 0x1C,0x1C,0x00,0x00,0xFC,0xFC,0x60,0x60,0x78,0x78,0x60,0x60,0xFC,0xFC,0x00,0x00
   146 00002E47 786060FCFC0000      <1>
   147 00002E4E 000000007F7F0C0C7F- <1>     db 0x00,0x00,0x00,0x00,0x7F,0x7F,0x0C,0x0C,0x7F,0x7F,0xCC,0xCC,0x7F,0x7F,0x00,0x00
   147 00002E57 7FCCCC7F7F0000      <1>
   148 00002E5E 3E3E6C6CCCCCFEFECC- <1>     db 0x3E,0x3E,0x6C,0x6C,0xCC,0xCC,0xFE,0xFE,0xCC,0xCC,0xCC,0xCC,0xCE,0xCE,0x00,0x00
   148 00002E67 CCCCCCCECE0000      <1>
   149 00002E6E 7878CCCC00007878CC- <1>     db 0x78,0x78,0xCC,0xCC,0x00,0x00,0x78,0x78,0xCC,0xCC,0xCC,0xCC,0x78,0x78,0x00,0x00
   149 00002E77 CCCCCC78780000      <1>
   150 00002E7E 0000CCCC00007878CC- <1>     db 0x00,0x00,0xCC,0xCC,0x00,0x00,0x78,0x78,0xCC,0xCC,0xCC,0xCC,0x78,0x78,0x00,0x00
   150 00002E87 CCCCCC78780000      <1>
   151 00002E8E 0000E0E000007878CC- <1>     db 0x00,0x00,0xE0,0xE0,0x00,0x00,0x78,0x78,0xCC,0xCC,0xCC,0xCC,0x78,0x78,0x00,0x00
   151 00002E97 CCCCCC78780000      <1>
   152 00002E9E 7878CCCC0000CCCCCC- <1>     db 0x78,0x78,0xCC,0xCC,0x00,0x00,0xCC,0xCC,0xCC,0xCC,0xCC,0xCC,0x7E,0x7E,0x00,0x00
   152 00002EA7 CCCCCC7E7E0000      <1>
   153 00002EAE 0000E0E00000CCCCCC- <1>     db 0x00,0x00,0xE0,0xE0,0x00,0x00,0xCC,0xCC,0xCC,0xCC,0xCC,0xCC,0x7E,0x7E,0x00,0x00
   153 00002EB7 CCCCCC7E7E0000      <1>
   154 00002EBE 0000CCCC0000CCCCCC- <1>     db 0x00,0x00,0xCC,0xCC,0x00,0x00,0xCC,0xCC,0xCC,0xCC,0x7C,0x7C,0x0C,0x0C,0xF8,0xF8
   154 00002EC7 CC7C7C0C0CF8F8      <1>
   155 00002ECE C3C318183C3C666666- <1>     db 0xC3,0xC3,0x18,0x18,0x3C,0x3C,0x66,0x66,0x66,0x66,0x3C,0x3C,0x18,0x18,0x00,0x00
   155 00002ED7 663C3C18180000      <1>
   156 00002EDE CCCC0000CCCCCCCCCC- <1>     db 0xCC,0xCC,0x00,0x00,0xCC,0xCC,0xCC,0xCC,0xCC,0xCC,0xCC,0xCC,0x78,0x78,0x00,0x00
   156 00002EE7 CCCCCC78780000      <1>
   157 00002EEE 181818187E7EC0C0C0- <1>     db 0x18,0x18,0x18,0x18,0x7E,0x7E,0xC0,0xC0,0xC0,0xC0,0x7E,0x7E,0x18,0x18,0x18,0x18
   157 00002EF7 C07E7E18181818      <1>
   158 00002EFE 38386C6C6464F0F060- <1>     db 0x38,0x38,0x6C,0x6C,0x64,0x64,0xF0,0xF0,0x60,0x60,0xE6,0xE6,0xFC,0xFC,0x00,0x00
   158 00002F07 60E6E6FCFC0000      <1>
   159 00002F0E CCCCCCCC7878FCFC30- <1>     db 0xCC,0xCC,0xCC,0xCC,0x78,0x78,0xFC,0xFC,0x30,0x30,0xFC,0xFC,0x30,0x30,0x30,0x30
   159 00002F17 30FCFC30303030      <1>
   160 00002F1E F8F8CCCCCCCCFAFAC6- <1>     db 0xF8,0xF8,0xCC,0xCC,0xCC,0xCC,0xFA,0xFA,0xC6,0xC6,0xCF,0xCF,0xC6,0xC6,0xC7,0xC7
   160 00002F27 C6CFCFC6C6C7C7      <1>
   161 00002F2E 0E0E1B1B18183C3C18- <1>     db 0x0E,0x0E,0x1B,0x1B,0x18,0x18,0x3C,0x3C,0x18,0x18,0x18,0x18,0xD8,0xD8,0x70,0x70
   161 00002F37 181818D8D87070      <1>
   162 00002F3E 1C1C000078780C0C7C- <1>     db 0x1C,0x1C,0x00,0x00,0x78,0x78,0x0C,0x0C,0x7C,0x7C,0xCC,0xCC,0x7E,0x7E,0x00,0x00
   162 00002F47 7CCCCC7E7E0000      <1>
   163 00002F4E 383800007070303030- <1>     db 0x38,0x38,0x00,0x00,0x70,0x70,0x30,0x30,0x30,0x30,0x30,0x30,0x78,0x78,0x00,0x00
   163 00002F57 30303078780000      <1>
   164 00002F5E 00001C1C00007878CC- <1>     db 0x00,0x00,0x1C,0x1C,0x00,0x00,0x78,0x78,0xCC,0xCC,0xCC,0xCC,0x78,0x78,0x00,0x00
   164 00002F67 CCCCCC78780000      <1>
   165 00002F6E 00001C1C0000CCCCCC- <1>     db 0x00,0x00,0x1C,0x1C,0x00,0x00,0xCC,0xCC,0xCC,0xCC,0xCC,0xCC,0x7E,0x7E,0x00,0x00
   165 00002F77 CCCCCC7E7E0000      <1>
   166 00002F7E 0000F8F80000F8F8CC- <1>     db 0x00,0x00,0xF8,0xF8,0x00,0x00,0xF8,0xF8,0xCC,0xCC,0xCC,0xCC,0xCC,0xCC,0x00,0x00
   166 00002F87 CCCCCCCCCC0000      <1>
   167 00002F8E FCFC0000CCCCECECFC- <1>     db 0xFC,0xFC,0x00,0x00,0xCC,0xCC,0xEC,0xEC,0xFC,0xFC,0xDC,0xDC,0xCC,0xCC,0x00,0x00
   167 00002F97 FCDCDCCCCC0000      <1>
   168 00002F9E 3C3C6C6C6C6C3E3E00- <1>     db 0x3C,0x3C,0x6C,0x6C,0x6C,0x6C,0x3E,0x3E,0x00,0x00,0x7E,0x7E,0x00,0x00,0x00,0x00
   168 00002FA7 007E7E00000000      <1>
   169 00002FAE 38386C6C6C6C383800- <1>     db 0x38,0x38,0x6C,0x6C,0x6C,0x6C,0x38,0x38,0x00,0x00,0x7C,0x7C,0x00,0x00,0x00,0x00
   169 00002FB7 007C7C00000000      <1>
   170 00002FBE 3030000030306060C0- <1>     db 0x30,0x30,0x00,0x00,0x30,0x30,0x60,0x60,0xC0,0xC0,0xCC,0xCC,0x78,0x78,0x00,0x00
   170 00002FC7 C0CCCC78780000      <1>
   171 00002FCE 000000000000FCFCC0- <1>     db 0x00,0x00,0x00,0x00,0x00,0x00,0xFC,0xFC,0xC0,0xC0,0xC0,0xC0,0x00,0x00,0x00,0x00
   171 00002FD7 C0C0C000000000      <1>
   172 00002FDE 000000000000FCFC0C- <1>     db 0x00,0x00,0x00,0x00,0x00,0x00,0xFC,0xFC,0x0C,0x0C,0x0C,0x0C,0x00,0x00,0x00,0x00
   172 00002FE7 0C0C0C00000000      <1>
   173 00002FEE C3C3C6C6CCCCDEDE33- <1>     db 0xC3,0xC3,0xC6,0xC6,0xCC,0xCC,0xDE,0xDE,0x33,0x33,0x66,0x66,0xCC,0xCC,0x0F,0x0F
   173 00002FF7 336666CCCC0F0F      <1>
   174 00002FFE C3C3C6C6CCCCDBDB37- <1>     db 0xC3,0xC3,0xC6,0xC6,0xCC,0xCC,0xDB,0xDB,0x37,0x37,0x6F,0x6F,0xCF,0xCF,0x03,0x03
   174 00003007 376F6FCFCF0303      <1>
   175 0000300E 181818180000181818- <1>     db 0x18,0x18,0x18,0x18,0x00,0x00,0x18,0x18,0x18,0x18,0x18,0x18,0x18,0x18,0x00,0x00
   175 00003017 18181818180000      <1>
   176 0000301E 000033336666CCCC66- <1>     db 0x00,0x00,0x33,0x33,0x66,0x66,0xCC,0xCC,0x66,0x66,0x33,0x33,0x00,0x00,0x00,0x00
   176 00003027 66333300000000      <1>
   177 0000302E 0000CCCC6666333366- <1>     db 0x00,0x00,0xCC,0xCC,0x66,0x66,0x33,0x33,0x66,0x66,0xCC,0xCC,0x00,0x00,0x00,0x00
   177 00003037 66CCCC00000000      <1>
   178 0000303E 222288882222888822- <1>     db 0x22,0x22,0x88,0x88,0x22,0x22,0x88,0x88,0x22,0x22,0x88,0x88,0x22,0x22,0x88,0x88
   178 00003047 22888822228888      <1>
   179 0000304E 5555AAAA5555AAAA55- <1>     db 0x55,0x55,0xAA,0xAA,0x55,0x55,0xAA,0xAA,0x55,0x55,0xAA,0xAA,0x55,0x55,0xAA,0xAA
   179 00003057 55AAAA5555AAAA      <1>
   180 0000305E DBDB7777DBDBEEEEDB- <1>     db 0xDB,0xDB,0x77,0x77,0xDB,0xDB,0xEE,0xEE,0xDB,0xDB,0x77,0x77,0xDB,0xDB,0xEE,0xEE
   180 00003067 DB7777DBDBEEEE      <1>
   181 0000306E 181818181818181818- <1>     db 0x18,0x18,0x18,0x18,0x18,0x18,0x18,0x18,0x18,0x18,0x18,0x18,0x18,0x18,0x18,0x18
   181 00003077 18181818181818      <1>
   182 0000307E 1818181818181818F8- <1>     db 0x18,0x18,0x18,0x18,0x18,0x18,0x18,0x18,0xF8,0xF8,0x18,0x18,0x18,0x18,0x18,0x18
   182 00003087 F8181818181818      <1>
   183 0000308E 18181818F8F81818F8- <1>     db 0x18,0x18,0x18,0x18,0xF8,0xF8,0x18,0x18,0xF8,0xF8,0x18,0x18,0x18,0x18,0x18,0x18
   183 00003097 F8181818181818      <1>
   184 0000309E 3636363636363636F6- <1>     db 0x36,0x36,0x36,0x36,0x36,0x36,0x36,0x36,0xF6,0xF6,0x36,0x36,0x36,0x36,0x36,0x36
   184 000030A7 F6363636363636      <1>
   185 000030AE 0000000000000000FE- <1>     db 0x00,0x00,0x00,0x00,0x00,0x00,0x00,0x00,0xFE,0xFE,0x36,0x36,0x36,0x36,0x36,0x36
   185 000030B7 FE363636363636      <1>
   186 000030BE 00000000F8F81818F8- <1>     db 0x00,0x00,0x00,0x00,0xF8,0xF8,0x18,0x18,0xF8,0xF8,0x18,0x18,0x18,0x18,0x18,0x18
   186 000030C7 F8181818181818      <1>
   187 000030CE 36363636F6F60606F6- <1>     db 0x36,0x36,0x36,0x36,0xF6,0xF6,0x06,0x06,0xF6,0xF6,0x36,0x36,0x36,0x36,0x36,0x36
   187 000030D7 F6363636363636      <1>
   188 000030DE 363636363636363636- <1>     db 0x36,0x36,0x36,0x36,0x36,0x36,0x36,0x36,0x36,0x36,0x36,0x36,0x36,0x36,0x36,0x36
   188 000030E7 36363636363636      <1>
   189 000030EE 00000000FEFE0606F6- <1>     db 0x00,0x00,0x00,0x00,0xFE,0xFE,0x06,0x06,0xF6,0xF6,0x36,0x36,0x36,0x36,0x36,0x36
   189 000030F7 F6363636363636      <1>
   190 000030FE 36363636F6F60606FE- <1>     db 0x36,0x36,0x36,0x36,0xF6,0xF6,0x06,0x06,0xFE,0xFE,0x00,0x00,0x00,0x00,0x00,0x00
   190 00003107 FE000000000000      <1>
   191 0000310E 3636363636363636FE- <1>     db 0x36,0x36,0x36,0x36,0x36,0x36,0x36,0x36,0xFE,0xFE,0x00,0x00,0x00,0x00,0x00,0x00
   191 00003117 FE000000000000      <1>
   192 0000311E 18181818F8F81818F8- <1>     db 0x18,0x18,0x18,0x18,0xF8,0xF8,0x18,0x18,0xF8,0xF8,0x00,0x00,0x00,0x00,0x00,0x00
   192 00003127 F8000000000000      <1>
   193 0000312E 0000000000000000F8- <1>     db 0x00,0x00,0x00,0x00,0x00,0x00,0x00,0x00,0xF8,0xF8,0x18,0x18,0x18,0x18,0x18,0x18
   193 00003137 F8181818181818      <1>
   194 0000313E 18181818181818181F- <1>     db 0x18,0x18,0x18,0x18,0x18,0x18,0x18,0x18,0x1F,0x1F,0x00,0x00,0x00,0x00,0x00,0x00
   194 00003147 1F000000000000      <1>
   195 0000314E 1818181818181818FF- <1>     db 0x18,0x18,0x18,0x18,0x18,0x18,0x18,0x18,0xFF,0xFF,0x00,0x00,0x00,0x00,0x00,0x00
   195 00003157 FF000000000000      <1>
   196 0000315E 0000000000000000FF- <1>     db 0x00,0x00,0x00,0x00,0x00,0x00,0x00,0x00,0xFF,0xFF,0x18,0x18,0x18,0x18,0x18,0x18
   196 00003167 FF181818181818      <1>
   197 0000316E 18181818181818181F- <1>     db 0x18,0x18,0x18,0x18,0x18,0x18,0x18,0x18,0x1F,0x1F,0x18,0x18,0x18,0x18,0x18,0x18
   197 00003177 1F181818181818      <1>
   198 0000317E 0000000000000000FF- <1>     db 0x00,0x00,0x00,0x00,0x00,0x00,0x00,0x00,0xFF,0xFF,0x00,0x00,0x00,0x00,0x00,0x00
   198 00003187 FF000000000000      <1>
   199 0000318E 1818181818181818FF- <1>     db 0x18,0x18,0x18,0x18,0x18,0x18,0x18,0x18,0xFF,0xFF,0x18,0x18,0x18,0x18,0x18,0x18
   199 00003197 FF181818181818      <1>
   200 0000319E 181818181F1F18181F- <1>     db 0x18,0x18,0x18,0x18,0x1F,0x1F,0x18,0x18,0x1F,0x1F,0x18,0x18,0x18,0x18,0x18,0x18
   200 000031A7 1F181818181818      <1>
   201 000031AE 363636363636363637- <1>     db 0x36,0x36,0x36,0x36,0x36,0x36,0x36,0x36,0x37,0x37,0x36,0x36,0x36,0x36,0x36,0x36
   201 000031B7 37363636363636      <1>
   202 000031BE 36363636373730303F- <1>     db 0x36,0x36,0x36,0x36,0x37,0x37,0x30,0x30,0x3F,0x3F,0x00,0x00,0x00,0x00,0x00,0x00
   202 000031C7 3F000000000000      <1>
   203 000031CE 000000003F3F303037- <1>     db 0x00,0x00,0x00,0x00,0x3F,0x3F,0x30,0x30,0x37,0x37,0x36,0x36,0x36,0x36,0x36,0x36
   203 000031D7 37363636363636      <1>
   204 000031DE 36363636F7F70000FF- <1>     db 0x36,0x36,0x36,0x36,0xF7,0xF7,0x00,0x00,0xFF,0xFF,0x00,0x00,0x00,0x00,0x00,0x00
   204 000031E7 FF000000000000      <1>
   205 000031EE 00000000FFFF0000F7- <1>     db 0x00,0x00,0x00,0x00,0xFF,0xFF,0x00,0x00,0xF7,0xF7,0x36,0x36,0x36,0x36,0x36,0x36
   205 000031F7 F7363636363636      <1>
   206 000031FE 363636363737303037- <1>     db 0x36,0x36,0x36,0x36,0x37,0x37,0x30,0x30,0x37,0x37,0x36,0x36,0x36,0x36,0x36,0x36
   206 00003207 37363636363636      <1>
   207 0000320E 00000000FFFF0000FF- <1>     db 0x00,0x00,0x00,0x00,0xFF,0xFF,0x00,0x00,0xFF,0xFF,0x00,0x00,0x00,0x00,0x00,0x00
   207 00003217 FF000000000000      <1>
   208 0000321E 36363636F7F70000F7- <1>     db 0x36,0x36,0x36,0x36,0xF7,0xF7,0x00,0x00,0xF7,0xF7,0x36,0x36,0x36,0x36,0x36,0x36
   208 00003227 F7363636363636      <1>
   209 0000322E 18181818FFFF0000FF- <1>     db 0x18,0x18,0x18,0x18,0xFF,0xFF,0x00,0x00,0xFF,0xFF,0x00,0x00,0x00,0x00,0x00,0x00
   209 00003237 FF000000000000      <1>
   210 0000323E 3636363636363636FF- <1>     db 0x36,0x36,0x36,0x36,0x36,0x36,0x36,0x36,0xFF,0xFF,0x00,0x00,0x00,0x00,0x00,0x00
   210 00003247 FF000000000000      <1>
   211 0000324E 00000000FFFF0000FF- <1>     db 0x00,0x00,0x00,0x00,0xFF,0xFF,0x00,0x00,0xFF,0xFF,0x18,0x18,0x18,0x18,0x18,0x18
   211 00003257 FF181818181818      <1>
   212 0000325E 0000000000000000FF- <1>     db 0x00,0x00,0x00,0x00,0x00,0x00,0x00,0x00,0xFF,0xFF,0x36,0x36,0x36,0x36,0x36,0x36
   212 00003267 FF363636363636      <1>
   213 0000326E 36363636363636363F- <1>     db 0x36,0x36,0x36,0x36,0x36,0x36,0x36,0x36,0x3F,0x3F,0x00,0x00,0x00,0x00,0x00,0x00
   213 00003277 3F000000000000      <1>
   214 0000327E 181818181F1F18181F- <1>     db 0x18,0x18,0x18,0x18,0x1F,0x1F,0x18,0x18,0x1F,0x1F,0x00,0x00,0x00,0x00,0x00,0x00
   214 00003287 1F000000000000      <1>
   215 0000328E 000000001F1F18181F- <1>     db 0x00,0x00,0x00,0x00,0x1F,0x1F,0x18,0x18,0x1F,0x1F,0x18,0x18,0x18,0x18,0x18,0x18
   215 00003297 1F181818181818      <1>
   216 0000329E 00000000000000003F- <1>     db 0x00,0x00,0x00,0x00,0x00,0x00,0x00,0x00,0x3F,0x3F,0x36,0x36,0x36,0x36,0x36,0x36
   216 000032A7 3F363636363636      <1>
   217 000032AE 3636363636363636FF- <1>     db 0x36,0x36,0x36,0x36,0x36,0x36,0x36,0x36,0xFF,0xFF,0x36,0x36,0x36,0x36,0x36,0x36
   217 000032B7 FF363636363636      <1>
   218 000032BE 18181818FFFF1818FF- <1>     db 0x18,0x18,0x18,0x18,0xFF,0xFF,0x18,0x18,0xFF,0xFF,0x18,0x18,0x18,0x18,0x18,0x18
   218 000032C7 FF181818181818      <1>
   219 000032CE 1818181818181818F8- <1>     db 0x18,0x18,0x18,0x18,0x18,0x18,0x18,0x18,0xF8,0xF8,0x00,0x00,0x00,0x00,0x00,0x00
   219 000032D7 F8000000000000      <1>
   220 000032DE 00000000000000001F- <1>     db 0x00,0x00,0x00,0x00,0x00,0x00,0x00,0x00,0x1F,0x1F,0x18,0x18,0x18,0x18,0x18,0x18
   220 000032E7 1F181818181818      <1>
   221 000032EE FFFFFFFFFFFFFFFFFF- <1>     db 0xFF,0xFF,0xFF,0xFF,0xFF,0xFF,0xFF,0xFF,0xFF,0xFF,0xFF,0xFF,0xFF,0xFF,0xFF,0xFF
   221 000032F7 FFFFFFFFFFFFFF      <1>
   222 000032FE 0000000000000000FF- <1>     db 0x00,0x00,0x00,0x00,0x00,0x00,0x00,0x00,0xFF,0xFF,0xFF,0xFF,0xFF,0xFF,0xFF,0xFF
   222 00003307 FFFFFFFFFFFFFF      <1>
   223 0000330E F0F0F0F0F0F0F0F0F0- <1>     db 0xF0,0xF0,0xF0,0xF0,0xF0,0xF0,0xF0,0xF0,0xF0,0xF0,0xF0,0xF0,0xF0,0xF0,0xF0,0xF0
   223 00003317 F0F0F0F0F0F0F0      <1>
   224 0000331E 0F0F0F0F0F0F0F0F0F- <1>     db 0x0F,0x0F,0x0F,0x0F,0x0F,0x0F,0x0F,0x0F,0x0F,0x0F,0x0F,0x0F,0x0F,0x0F,0x0F,0x0F
   224 00003327 0F0F0F0F0F0F0F      <1>
   225 0000332E FFFFFFFFFFFFFFFF00- <1>     db 0xFF,0xFF,0xFF,0xFF,0xFF,0xFF,0xFF,0xFF,0x00,0x00,0x00,0x00,0x00,0x00,0x00,0x00
   225 00003337 00000000000000      <1>
   226 0000333E 000000007676DCDCC8- <1>     db 0x00,0x00,0x00,0x00,0x76,0x76,0xDC,0xDC,0xC8,0xC8,0xDC,0xDC,0x76,0x76,0x00,0x00
   226 00003347 C8DCDC76760000      <1>
   227 0000334E 00007878CCCCF8F8CC- <1>     db 0x00,0x00,0x78,0x78,0xCC,0xCC,0xF8,0xF8,0xCC,0xCC,0xF8,0xF8,0xC0,0xC0,0xC0,0xC0
   227 00003357 CCF8F8C0C0C0C0      <1>
   228 0000335E 0000FCFCCCCCC0C0C0- <1>     db 0x00,0x00,0xFC,0xFC,0xCC,0xCC,0xC0,0xC0,0xC0,0xC0,0xC0,0xC0,0xC0,0xC0,0x00,0x00
   228 00003367 C0C0C0C0C00000      <1>
   229 0000336E 0000FEFE6C6C6C6C6C- <1>     db 0x00,0x00,0xFE,0xFE,0x6C,0x6C,0x6C,0x6C,0x6C,0x6C,0x6C,0x6C,0x6C,0x6C,0x00,0x00
   229 00003377 6C6C6C6C6C0000      <1>
   230 0000337E FCFCCCCC6060303060- <1>     db 0xFC,0xFC,0xCC,0xCC,0x60,0x60,0x30,0x30,0x60,0x60,0xCC,0xCC,0xFC,0xFC,0x00,0x00
   230 00003387 60CCCCFCFC0000      <1>
   231 0000338E 000000007E7ED8D8D8- <1>     db 0x00,0x00,0x00,0x00,0x7E,0x7E,0xD8,0xD8,0xD8,0xD8,0xD8,0xD8,0x70,0x70,0x00,0x00
   231 00003397 D8D8D870700000      <1>
   232 0000339E 000066666666666666- <1>     db 0x00,0x00,0x66,0x66,0x66,0x66,0x66,0x66,0x66,0x66,0x7C,0x7C,0x60,0x60,0xC0,0xC0
   232 000033A7 667C7C6060C0C0      <1>
   233 000033AE 00007676DCDC181818- <1>     db 0x00,0x00,0x76,0x76,0xDC,0xDC,0x18,0x18,0x18,0x18,0x18,0x18,0x18,0x18,0x00,0x00
   233 000033B7 18181818180000      <1>
   234 000033BE FCFC30307878CCCCCC- <1>     db 0xFC,0xFC,0x30,0x30,0x78,0x78,0xCC,0xCC,0xCC,0xCC,0x78,0x78,0x30,0x30,0xFC,0xFC
   234 000033C7 CC78783030FCFC      <1>
   235 000033CE 38386C6CC6C6FEFEC6- <1>     db 0x38,0x38,0x6C,0x6C,0xC6,0xC6,0xFE,0xFE,0xC6,0xC6,0x6C,0x6C,0x38,0x38,0x00,0x00
   235 000033D7 C66C6C38380000      <1>
   236 000033DE 38386C6CC6C6C6C66C- <1>     db 0x38,0x38,0x6C,0x6C,0xC6,0xC6,0xC6,0xC6,0x6C,0x6C,0x6C,0x6C,0xEE,0xEE,0x00,0x00
   236 000033E7 6C6C6CEEEE0000      <1>
   237 000033EE 1C1C303018187C7CCC- <1>     db 0x1C,0x1C,0x30,0x30,0x18,0x18,0x7C,0x7C,0xCC,0xCC,0xCC,0xCC,0x78,0x78,0x00,0x00
   237 000033F7 CCCCCC78780000      <1>
   238 000033FE 000000007E7EDBDBDB- <1>     db 0x00,0x00,0x00,0x00,0x7E,0x7E,0xDB,0xDB,0xDB,0xDB,0x7E,0x7E,0x00,0x00,0x00,0x00
   238 00003407 DB7E7E00000000      <1>
   239 0000340E 06060C0C7E7EDBDBDB- <1>     db 0x06,0x06,0x0C,0x0C,0x7E,0x7E,0xDB,0xDB,0xDB,0xDB,0x7E,0x7E,0x60,0x60,0xC0,0xC0
   239 00003417 DB7E7E6060C0C0      <1>
   240 0000341E 38386060C0C0F8F8C0- <1>     db 0x38,0x38,0x60,0x60,0xC0,0xC0,0xF8,0xF8,0xC0,0xC0,0x60,0x60,0x38,0x38,0x00,0x00
   240 00003427 C0606038380000      <1>
   241 0000342E 7878CCCCCCCCCCCCCC- <1>     db 0x78,0x78,0xCC,0xCC,0xCC,0xCC,0xCC,0xCC,0xCC,0xCC,0xCC,0xCC,0xCC,0xCC,0x00,0x00
   241 00003437 CCCCCCCCCC0000      <1>
   242 0000343E 0000FCFC0000FCFC00- <1>     db 0x00,0x00,0xFC,0xFC,0x00,0x00,0xFC,0xFC,0x00,0x00,0xFC,0xFC,0x00,0x00,0x00,0x00
   242 00003447 00FCFC00000000      <1>
   243 0000344E 30303030FCFC303030- <1>     db 0x30,0x30,0x30,0x30,0xFC,0xFC,0x30,0x30,0x30,0x30,0x00,0x00,0xFC,0xFC,0x00,0x00
   243 00003457 300000FCFC0000      <1>
   244 0000345E 606030301818303060- <1>     db 0x60,0x60,0x30,0x30,0x18,0x18,0x30,0x30,0x60,0x60,0x00,0x00,0xFC,0xFC,0x00,0x00
   244 00003467 600000FCFC0000      <1>
   245 0000346E 181830306060303018- <1>     db 0x18,0x18,0x30,0x30,0x60,0x60,0x30,0x30,0x18,0x18,0x00,0x00,0xFC,0xFC,0x00,0x00
   245 00003477 180000FCFC0000      <1>
   246 0000347E 0E0E1B1B1B1B181818- <1>     db 0x0E,0x0E,0x1B,0x1B,0x1B,0x1B,0x18,0x18,0x18,0x18,0x18,0x18,0x18,0x18,0x18,0x18
   246 00003487 18181818181818      <1>
   247 0000348E 181818181818181818- <1>     db 0x18,0x18,0x18,0x18,0x18,0x18,0x18,0x18,0x18,0x18,0xD8,0xD8,0xD8,0xD8,0x70,0x70
   247 00003497 18D8D8D8D87070      <1>
   248 0000349E 303030300000FCFC00- <1>     db 0x30,0x30,0x30,0x30,0x00,0x00,0xFC,0xFC,0x00,0x00,0x30,0x30,0x30,0x30,0x00,0x00
   248 000034A7 00303030300000      <1>
   249 000034AE 00007676DCDC000076- <1>     db 0x00,0x00,0x76,0x76,0xDC,0xDC,0x00,0x00,0x76,0x76,0xDC,0xDC,0x00,0x00,0x00,0x00
   249 000034B7 76DCDC00000000      <1>
   250 000034BE 38386C6C6C6C383800- <1>     db 0x38,0x38,0x6C,0x6C,0x6C,0x6C,0x38,0x38,0x00,0x00,0x00,0x00,0x00,0x00,0x00,0x00
   250 000034C7 00000000000000      <1>
   251 000034CE 000000000000181818- <1>     db 0x00,0x00,0x00,0x00,0x00,0x00,0x18,0x18,0x18,0x18,0x00,0x00,0x00,0x00,0x00,0x00
   251 000034D7 18000000000000      <1>
   252 000034DE 000000000000000018- <1>     db 0x00,0x00,0x00,0x00,0x00,0x00,0x00,0x00,0x18,0x18,0x00,0x00,0x00,0x00,0x00,0x00
   252 000034E7 18000000000000      <1>
   253 000034EE 0F0F0C0C0C0C0C0CEC- <1>     db 0x0F,0x0F,0x0C,0x0C,0x0C,0x0C,0x0C,0x0C,0xEC,0xEC,0x6C,0x6C,0x3C,0x3C,0x1C,0x1C
   253 000034F7 EC6C6C3C3C1C1C      <1>
   254 000034FE 78786C6C6C6C6C6C6C- <1>     db 0x78,0x78,0x6C,0x6C,0x6C,0x6C,0x6C,0x6C,0x6C,0x6C,0x00,0x00,0x00,0x00,0x00,0x00
   254 00003507 6C000000000000      <1>
   255 0000350E 707018183030606078- <1>     db 0x70,0x70,0x18,0x18,0x30,0x30,0x60,0x60,0x78,0x78,0x00,0x00,0x00,0x00,0x00,0x00
   255 00003517 78000000000000      <1>
   256 0000351E 000000003C3C3C3C3C- <1>     db 0x00,0x00,0x00,0x00,0x3C,0x3C,0x3C,0x3C,0x3C,0x3C,0x3C,0x3C,0x00,0x00,0x00,0x00
   256 00003527 3C3C3C00000000      <1>
   257 0000352E 000000000000000000- <1>     db 0x00,0x00,0x00,0x00,0x00,0x00,0x00,0x00,0x00,0x00,0x00,0x00,0x00,0x00,0x00,0x00
   257 00003537 00000000000000      <1>
  2063                                  
  2064                                  ; Fill to exactly 32 KiB.  Installer patches final byte so the whole option ROM
  2065                                  ; checksum is zero modulo 256.
  2066 0000353E 00<rep 4AC1h>           times 32767-($-$$) db 0
  2067 00007FFF 00                      db 0
